[dotenv] Loaded [33m.env[0m
  [1m[35m (89.0ms)[0m  [1m[35mCREATE DATABASE "myapp_development" ENCODING = 'unicode'[0m
[dotenv] Loaded [33m.env[0m
  [1m[35m (4.9ms)[0m  [1m[35mCREATE TABLE "schema_migrations" ("version" character varying NOT NULL PRIMARY KEY)[0m
  [1m[35m (3.8ms)[0m  [1m[35mCREATE TABLE "ar_internal_metadata" ("key" character varying NOT NULL PRIMARY KEY, "value" character varying, "created_at" timestamp(6) NOT NULL, "updated_at" timestamp(6) NOT NULL)[0m
  [1m[35m (0.1ms)[0m  [1m[34mSELECT pg_try_advisory_lock(7864839756650184315)[0m
  [1m[36mActiveRecord::SchemaMigration Load (0.3ms)[0m  [1m[34mSELECT "schema_migrations"."version" FROM "schema_migrations" ORDER BY "schema_migrations"."version" ASC[0m
  [1m[36mActiveRecord::InternalMetadata Load (0.4ms)[0m  [1m[34mSELECT * FROM "ar_internal_metadata" WHERE "ar_internal_metadata"."key" = $1 ORDER BY "ar_internal_metadata"."key" ASC LIMIT 1[0m  [[nil, "environment"]]
  [1m[36mActiveRecord::InternalMetadata Create (0.9ms)[0m  [1m[32mINSERT INTO "ar_internal_metadata" ("key", "value", "created_at", "updated_at") VALUES ('environment', 'development', '2024-06-27 14:02:16.587628', '2024-06-27 14:02:16.587631') RETURNING "key"[0m
  [1m[35m (0.1ms)[0m  [1m[34mSELECT pg_advisory_unlock(7864839756650184315)[0m
  [1m[36mActiveRecord::SchemaMigration Load (0.2ms)[0m  [1m[34mSELECT "schema_migrations"."version" FROM "schema_migrations" ORDER BY "schema_migrations"."version" ASC[0m
[dotenv] Loaded [33m.env[0m
Started GET "/" for 192.168.16.1 at 2024-06-27 14:02:22 +0000
Cannot render console from 192.168.16.1! Allowed networks: 127.0.0.0/127.255.255.255, ::1
  [1m[36mActiveRecord::SchemaMigration Load (0.4ms)[0m  [1m[34mSELECT "schema_migrations"."version" FROM "schema_migrations" ORDER BY "schema_migrations"."version" ASC[0m
Processing by Rails::WelcomeController#index as HTML
  Rendering /usr/local/bundle/gems/railties-7.1.3.2/lib/rails/templates/rails/welcome/index.html.erb
  Rendered /usr/local/bundle/gems/railties-7.1.3.2/lib/rails/templates/rails/welcome/index.html.erb (Duration: 0.5ms | Allocations: 361)
Completed 200 OK in 14ms (Views: 4.0ms | ActiveRecord: 0.0ms | Allocations: 7685)


Started GET "/" for 192.168.16.1 at 2024-06-27 14:45:06 +0000
Cannot render console from 192.168.16.1! Allowed networks: 127.0.0.0/127.255.255.255, ::1
Processing by Rails::WelcomeController#index as HTML
  Rendering /usr/local/bundle/gems/railties-7.1.3.2/lib/rails/templates/rails/welcome/index.html.erb
  Rendered /usr/local/bundle/gems/railties-7.1.3.2/lib/rails/templates/rails/welcome/index.html.erb (Duration: 0.0ms | Allocations: 13)
Completed 200 OK in 1ms (Views: 0.4ms | ActiveRecord: 0.0ms | Allocations: 201)


[dotenv] Loaded [33m.env[0m
  [1m[35m (0.9ms)[0m  [1m[35mCREATE DATABASE "myapp_development" ENCODING = 'unicode'[0m
[dotenv] Loaded [33m.env[0m
  [1m[35m (0.1ms)[0m  [1m[34mSELECT pg_try_advisory_lock(7864839756650184315)[0m
  [1m[36mActiveRecord::SchemaMigration Load (0.8ms)[0m  [1m[34mSELECT "schema_migrations"."version" FROM "schema_migrations" ORDER BY "schema_migrations"."version" ASC[0m
  [1m[36mActiveRecord::InternalMetadata Load (0.9ms)[0m  [1m[34mSELECT * FROM "ar_internal_metadata" WHERE "ar_internal_metadata"."key" = $1 ORDER BY "ar_internal_metadata"."key" ASC LIMIT 1[0m  [[nil, "environment"]]
  [1m[35m (0.1ms)[0m  [1m[34mSELECT pg_advisory_unlock(7864839756650184315)[0m
  [1m[36mActiveRecord::SchemaMigration Load (0.2ms)[0m  [1m[34mSELECT "schema_migrations"."version" FROM "schema_migrations" ORDER BY "schema_migrations"."version" ASC[0m
[dotenv] Loaded [33m.env[0m
Started GET "/" for 172.24.0.1 at 2024-06-27 17:03:31 +0000
Cannot render console from 172.24.0.1! Allowed networks: 127.0.0.0/127.255.255.255, ::1
  [1m[36mActiveRecord::SchemaMigration Load (0.4ms)[0m  [1m[34mSELECT "schema_migrations"."version" FROM "schema_migrations" ORDER BY "schema_migrations"."version" ASC[0m
Processing by Rails::WelcomeController#index as HTML
  Rendering /usr/local/bundle/gems/railties-7.1.3.2/lib/rails/templates/rails/welcome/index.html.erb
  Rendered /usr/local/bundle/gems/railties-7.1.3.2/lib/rails/templates/rails/welcome/index.html.erb (Duration: 0.7ms | Allocations: 361)
Completed 200 OK in 11ms (Views: 3.2ms | ActiveRecord: 0.0ms | Allocations: 4256)


[dotenv] Loaded [33m.env[0m
  [1m[35m (1.3ms)[0m  [1m[35mCREATE DATABASE "myapp_development" ENCODING = 'unicode'[0m
[dotenv] Loaded [33m.env[0m
  [1m[35m (0.1ms)[0m  [1m[34mSELECT pg_try_advisory_lock(7864839756650184315)[0m
  [1m[36mActiveRecord::SchemaMigration Load (0.7ms)[0m  [1m[34mSELECT "schema_migrations"."version" FROM "schema_migrations" ORDER BY "schema_migrations"."version" ASC[0m
  [1m[36mActiveRecord::InternalMetadata Load (1.5ms)[0m  [1m[34mSELECT * FROM "ar_internal_metadata" WHERE "ar_internal_metadata"."key" = $1 ORDER BY "ar_internal_metadata"."key" ASC LIMIT 1[0m  [[nil, "environment"]]
  [1m[35m (0.2ms)[0m  [1m[34mSELECT pg_advisory_unlock(7864839756650184315)[0m
  [1m[36mActiveRecord::SchemaMigration Load (0.2ms)[0m  [1m[34mSELECT "schema_migrations"."version" FROM "schema_migrations" ORDER BY "schema_migrations"."version" ASC[0m
[dotenv] Loaded [33m.env[0m
[dotenv] Loaded [33m.env[0m
  [1m[35m (0.8ms)[0m  [1m[35mCREATE DATABASE "myapp_development" ENCODING = 'unicode'[0m
[dotenv] Loaded [33m.env[0m
  [1m[35m (0.1ms)[0m  [1m[34mSELECT pg_try_advisory_lock(7864839756650184315)[0m
  [1m[36mActiveRecord::SchemaMigration Load (0.5ms)[0m  [1m[34mSELECT "schema_migrations"."version" FROM "schema_migrations" ORDER BY "schema_migrations"."version" ASC[0m
  [1m[36mActiveRecord::InternalMetadata Load (0.5ms)[0m  [1m[34mSELECT * FROM "ar_internal_metadata" WHERE "ar_internal_metadata"."key" = $1 ORDER BY "ar_internal_metadata"."key" ASC LIMIT 1[0m  [[nil, "environment"]]
  [1m[35m (0.2ms)[0m  [1m[34mSELECT pg_advisory_unlock(7864839756650184315)[0m
  [1m[36mActiveRecord::SchemaMigration Load (0.1ms)[0m  [1m[34mSELECT "schema_migrations"."version" FROM "schema_migrations" ORDER BY "schema_migrations"."version" ASC[0m
[dotenv] Loaded [33m.env[0m
[dotenv] Loaded [33m.env[0m
Started GET "/shoplist/index" for 172.25.0.1 at 2024-06-27 17:50:32 +0000
Cannot render console from 172.25.0.1! Allowed networks: 127.0.0.0/127.255.255.255, ::1
  [1m[36mActiveRecord::SchemaMigration Load (0.3ms)[0m  [1m[34mSELECT "schema_migrations"."version" FROM "schema_migrations" ORDER BY "schema_migrations"."version" ASC[0m
Processing by ShoplistController#index as HTML
  Rendering layout layouts/application.html.erb
  Rendering shoplist/index.html.erb within layouts/application
  Rendered shoplist/index.html.erb within layouts/application (Duration: 0.3ms | Allocations: 179)
  Rendered layout layouts/application.html.erb (Duration: 440.8ms | Allocations: 6741)
Completed 500 Internal Server Error in 457ms (ActiveRecord: 0.0ms | Allocations: 14087)


  
ActionView::Template::Error (CssSyntaxError: /app/app/assets/stylesheets/application.css:17:2: Unknown word

  15 |  */
  16 | 
> 17 |  // app/assets/stylesheets/application.scss
     |  ^
  18 | @import "bootstrap";
  19 | 
):
     6:     <%= csrf_meta_tags %>
     7:     <%= csp_meta_tag %>
     8: 
     9:     <%= stylesheet_link_tag "application", "data-turbo-track": "reload" %>
    10:   </head>
    11: 
    12:   <body>
  
Started GET "/shoplist/index" for 172.25.0.1 at 2024-06-27 17:52:14 +0000
Cannot render console from 172.25.0.1! Allowed networks: 127.0.0.0/127.255.255.255, ::1
Processing by ShoplistController#index as HTML
  Rendering layout layouts/application.html.erb
  Rendering shoplist/index.html.erb within layouts/application
  Rendered shoplist/index.html.erb within layouts/application (Duration: 0.1ms | Allocations: 7)
  Rendered layout layouts/application.html.erb (Duration: 3113.0ms | Allocations: 160304)
Completed 200 OK in 3114ms (Views: 3113.6ms | ActiveRecord: 0.0ms | Allocations: 160584)


Started GET "/shoplist/index" for 172.25.0.1 at 2024-06-27 17:54:36 +0000
Cannot render console from 172.25.0.1! Allowed networks: 127.0.0.0/127.255.255.255, ::1
Processing by ShoplistController#index as HTML
  Rendering layout layouts/application.html.erb
  Rendering shoplist/index.html.erb within layouts/application
  Rendered shoplist/index.html.erb within layouts/application (Duration: 0.7ms | Allocations: 1146)
  Rendered layout layouts/application.html.erb (Duration: 0.9ms | Allocations: 1232)
Completed 500 Internal Server Error in 3ms (ActiveRecord: 0.0ms | Allocations: 2106)


  
ActionView::Template::Error (undefined method `each' for nil):
    1: <h1>ラーメン店リスト</h1>
    2: 
    3: <ul>
    4:   <% @ramen_shops.each do |shop| %>
    5:     <li>
    6:       <h2><%= shop.name %></h2>
    7:       <p><%= shop.address %></p>
  
app/views/shoplist/index.html.erb:4
[dotenv] Loaded [33m.env[0m
[dotenv] Loaded [33m.env[0m
  [1m[35m (0.1ms)[0m  [1m[34mSELECT pg_try_advisory_lock(7864839756650184315)[0m
  [1m[36mActiveRecord::SchemaMigration Load (0.9ms)[0m  [1m[34mSELECT "schema_migrations"."version" FROM "schema_migrations" ORDER BY "schema_migrations"."version" ASC[0m
  [1m[36mActiveRecord::InternalMetadata Load (0.9ms)[0m  [1m[34mSELECT * FROM "ar_internal_metadata" WHERE "ar_internal_metadata"."key" = $1 ORDER BY "ar_internal_metadata"."key" ASC LIMIT 1[0m  [[nil, "environment"]]
Migrating to CreateRamenShops (20240627181047)
  [1m[36mTRANSACTION (0.1ms)[0m  [1m[35mBEGIN[0m
  [1m[35m (17.5ms)[0m  [1m[35mCREATE TABLE "ramen_shops" ("id" bigserial primary key, "name" character varying, "address" character varying, "place_id" character varying, "introduction" text, "created_at" timestamp(6) NOT NULL, "updated_at" timestamp(6) NOT NULL)[0m
  [1m[36mActiveRecord::SchemaMigration Create (0.3ms)[0m  [1m[32mINSERT INTO "schema_migrations" ("version") VALUES ('20240627181047') RETURNING "version"[0m
  [1m[36mTRANSACTION (0.8ms)[0m  [1m[35mCOMMIT[0m
  [1m[35m (0.2ms)[0m  [1m[34mSELECT pg_advisory_unlock(7864839756650184315)[0m
  [1m[36mActiveRecord::SchemaMigration Load (0.2ms)[0m  [1m[34mSELECT "schema_migrations"."version" FROM "schema_migrations" ORDER BY "schema_migrations"."version" ASC[0m
[dotenv] Loaded [33m.env[0m
[dotenv] Loaded [33m.env[0m
  [1m[35m (2.8ms)[0m  [1m[35mCREATE DATABASE "myapp_development" ENCODING = 'unicode'[0m
[dotenv] Loaded [33m.env[0m
  [1m[35m (0.2ms)[0m  [1m[34mSELECT pg_try_advisory_lock(7864839756650184315)[0m
  [1m[36mActiveRecord::SchemaMigration Load (1.6ms)[0m  [1m[34mSELECT "schema_migrations"."version" FROM "schema_migrations" ORDER BY "schema_migrations"."version" ASC[0m
  [1m[36mActiveRecord::InternalMetadata Load (1.4ms)[0m  [1m[34mSELECT * FROM "ar_internal_metadata" WHERE "ar_internal_metadata"."key" = $1 ORDER BY "ar_internal_metadata"."key" ASC LIMIT 1[0m  [[nil, "environment"]]
  [1m[35m (0.2ms)[0m  [1m[34mSELECT pg_advisory_unlock(7864839756650184315)[0m
  [1m[36mActiveRecord::SchemaMigration Load (0.2ms)[0m  [1m[34mSELECT "schema_migrations"."version" FROM "schema_migrations" ORDER BY "schema_migrations"."version" ASC[0m
[dotenv] Loaded [33m.env[0m
Started GET "/index.html" for 172.25.0.1 at 2024-06-27 18:29:24 +0000
Cannot render console from 172.25.0.1! Allowed networks: 127.0.0.0/127.255.255.255, ::1
  [1m[36mActiveRecord::SchemaMigration Load (0.5ms)[0m  [1m[34mSELECT "schema_migrations"."version" FROM "schema_migrations" ORDER BY "schema_migrations"."version" ASC[0m
  
ActionController::RoutingError (No route matches [GET] "/index.html"):
  
Started GET "/" for 172.25.0.1 at 2024-06-27 18:29:26 +0000
Cannot render console from 172.25.0.1! Allowed networks: 127.0.0.0/127.255.255.255, ::1
Processing by Rails::WelcomeController#index as HTML
  Rendering /usr/local/bundle/gems/railties-7.1.3.4/lib/rails/templates/rails/welcome/index.html.erb
  Rendered /usr/local/bundle/gems/railties-7.1.3.4/lib/rails/templates/rails/welcome/index.html.erb (Duration: 0.5ms | Allocations: 262)
Completed 200 OK in 4ms (Views: 1.3ms | ActiveRecord: 0.0ms | Allocations: 1911)


Started GET "/index.html" for 172.25.0.1 at 2024-06-27 18:29:36 +0000
Cannot render console from 172.25.0.1! Allowed networks: 127.0.0.0/127.255.255.255, ::1
  
ActionController::RoutingError (No route matches [GET] "/index.html"):
  
Started GET "/pages/index" for 172.25.0.1 at 2024-06-27 18:30:34 +0000
Cannot render console from 172.25.0.1! Allowed networks: 127.0.0.0/127.255.255.255, ::1
Processing by PagesController#index as HTML
  Rendering layout layouts/application.html.erb
  Rendering pages/index.html.erb within layouts/application
  Rendered pages/index.html.erb within layouts/application (Duration: 0.8ms | Allocations: 1173)
  Rendered layout layouts/application.html.erb (Duration: 1.1ms | Allocations: 1259)
Completed 500 Internal Server Error in 4ms (ActiveRecord: 0.0ms | Allocations: 2144)


  
ActionView::Template::Error (undefined method `each' for nil):
    1: <div class="container mt-4">
    2:   <h1 class="mb-4">ラーメン屋一覧</h1>
    3:   <div class="row row-cols-1 row-cols-md-3 g-4">
    4:     <% @ramen_shops.each do |shop| %>
    5:       <div class="col">
    6:         <div class="card h-100">
    7:           <%= image_tag shop.image_url, class: "card-img-top", alt: "ラーメン屋の画像" %>
  
app/views/pages/index.html.erb:4
Started GET "/pages/index" for 172.25.0.1 at 2024-06-27 18:33:59 +0000
Cannot render console from 172.25.0.1! Allowed networks: 127.0.0.0/127.255.255.255, ::1
Processing by PagesController#index as HTML
  Rendering layout layouts/application.html.erb
  Rendering pages/index.html.erb within layouts/application
  [1m[36mRamenShop Exists? (0.8ms)[0m  [1m[34mSELECT 1 AS one FROM "ramen_shops" LIMIT $1[0m  [["LIMIT", 1]]
  ↳ app/views/pages/index.html.erb:3
  Rendered pages/index.html.erb within layouts/application (Duration: 22.8ms | Allocations: 5091)
  Rendered layout layouts/application.html.erb (Duration: 111.8ms | Allocations: 43852)
Completed 500 Internal Server Error in 137ms (ActiveRecord: 10.5ms | Allocations: 55315)


  
ActionView::Template::Error (undefined method `javascript_pack_tag' for an instance of #<Class:0x00007fd4474f3a30>):
    3: <head>
    4:   <!-- 他のメタタグやリンクと一緒にBootstrapのCDNリンクを追加 -->
    5:   <%= stylesheet_link_tag 'application', media: 'all' %>
    6:   <%= javascript_pack_tag 'application', 'data-turbolinks-track': 'reload' %>
    7:   <!-- BootstrapのCDNリンク -->
    8:   <link href="https://maxcdn.bootstrapcdn.com/bootstrap/5.3.3/css/bootstrap.min.css" rel="stylesheet">
    9:   <script src="https://maxcdn.bootstrapcdn.com/bootstrap/5.3.3/js/bootstrap.bundle.min.js"></script>
  
app/views/layouts/application.html.erb:6
[dotenv] Loaded [33m.env[0m
[dotenv] Loaded [33m.env[0m
Started GET "/pages/index" for 172.25.0.1 at 2024-06-27 19:00:53 +0000
Cannot render console from 172.25.0.1! Allowed networks: 127.0.0.0/127.255.255.255, ::1
Processing by PagesController#index as HTML
  Rendering layout layouts/application.html.erb
  Rendering pages/index.html.erb within layouts/application
  [1m[36mRamenShop Exists? (0.3ms)[0m  [1m[34mSELECT 1 AS one FROM "ramen_shops" LIMIT $1[0m  [["LIMIT", 1]]
  ↳ app/views/pages/index.html.erb:3
  Rendered pages/index.html.erb within layouts/application (Duration: 18.8ms | Allocations: 3765)
  Rendered layout layouts/application.html.erb (Duration: 24.0ms | Allocations: 9319)
Completed 500 Internal Server Error in 28ms (ActiveRecord: 7.8ms | Allocations: 11707)


  
ActionView::Template::Error (undefined method `javascript_pack_tag' for an instance of #<Class:0x00007fd44722ac90>):
    3: <head>
    4:   <!-- 他のメタタグやリンクと一緒にBootstrapのCDNリンクを追加 -->
    5:   <%= stylesheet_link_tag 'application', media: 'all' %>
    6:   <%= javascript_pack_tag 'application', 'data-turbolinks-track': 'reload' %>
    7:   <!-- BootstrapのCDNリンク -->
    8:   <link href="https://maxcdn.bootstrapcdn.com/bootstrap/5.3.3/css/bootstrap.min.css" rel="stylesheet">
    9:   <script src="https://maxcdn.bootstrapcdn.com/bootstrap/5.3.3/js/bootstrap.bundle.min.js"></script>
  
app/views/layouts/application.html.erb:6
Started GET "/pages/index" for 172.25.0.1 at 2024-06-27 19:01:59 +0000
Cannot render console from 172.25.0.1! Allowed networks: 127.0.0.0/127.255.255.255, ::1
Processing by PagesController#index as HTML
  Rendering layout layouts/application.html.erb
  Rendering pages/index.html.erb within layouts/application
  [1m[36mRamenShop Exists? (0.2ms)[0m  [1m[34mSELECT 1 AS one FROM "ramen_shops" LIMIT $1[0m  [["LIMIT", 1]]
  ↳ app/views/pages/index.html.erb:3
  Rendered pages/index.html.erb within layouts/application (Duration: 3.1ms | Allocations: 1083)
  Rendered layout layouts/application.html.erb (Duration: 6.7ms | Allocations: 6052)
Completed 200 OK in 32ms (Views: 5.9ms | ActiveRecord: 2.5ms | Allocations: 16277)


Started GET "/pages/index" for 172.25.0.1 at 2024-06-27 19:08:46 +0000
Cannot render console from 172.25.0.1! Allowed networks: 127.0.0.0/127.255.255.255, ::1
Processing by PagesController#index as HTML
  Rendering layout layouts/application.html.erb
  Rendering pages/index.html.erb within layouts/application
  Rendered pages/index.html.erb within layouts/application (Duration: 3.8ms | Allocations: 1149)
  Rendered layout layouts/application.html.erb (Duration: 3.9ms | Allocations: 1235)
Completed 500 Internal Server Error in 5ms (ActiveRecord: 0.0ms | Allocations: 2121)


  
ActionView::Template::Error (undefined method `image_url' for an instance of Hash):
     5:     <% @ramen_shops.each do |shop| %>
     6:       <div class="col">
     7:         <div class="card h-100">
     8:           <%= image_tag shop.image_url, class: "card-img-top", alt: "ラーメン屋の画像" %>
     9:           <div class="card-body">
    10:             <h5 class="card-title"><%= shop.name %></h5>
    11:             <p class="card-text"><%= shop.description %></p>
  
app/views/pages/index.html.erb:8
app/views/pages/index.html.erb:5:in `each'
app/views/pages/index.html.erb:5
Started GET "/pages/index" for 172.25.0.1 at 2024-06-27 19:12:53 +0000
Cannot render console from 172.25.0.1! Allowed networks: 127.0.0.0/127.255.255.255, ::1
Processing by PagesController#index as HTML
  Rendering layout layouts/application.html.erb
  Rendering pages/index.html.erb within layouts/application
  Rendered pages/index.html.erb within layouts/application (Duration: 0.5ms | Allocations: 1172)
  Rendered layout layouts/application.html.erb (Duration: 0.7ms | Allocations: 1268)
Completed 500 Internal Server Error in 2ms (ActiveRecord: 0.0ms | Allocations: 2191)


  
ActionView::SyntaxErrorInTemplate (Encountered a syntax error while rendering template: check <div class="container">
  <h1 class="my-4">ラーメン屋一覧</h1>

  <div class="row row-cols-1 row-cols-md-3 g-4">
    <% @ramen_shops.each do |shop| %>
      <div class="col">
        <div class="card h-100">
          <%= image_tag shop.https://ultrafoods.co.jp/blog/wp-content/uploads/2019/10/%E9%A3%B2%E9%A3%9F%E5%BA%97%E3%83%BB%E3%83%A9%E3%83%BC%E3%83%A1%E3%83%B3%E5%BA%97%E5%A4%96%E8%A6%B3.jpg, class: "card-img-top", alt: "ラーメン屋の画像" %>
          <div class="card-body">
            <h5 class="card-title"><%= shop.name %></h5>
            <p class="card-text"><%= shop.description %></p>
          </div>
        </div>
      </div>
    <% end %>
  </div>
</div>
):
1:    <div class="container">
2:      <h1 class="my-4">ラーメン屋一覧</h1>
3:    
4:      <div class="row row-cols-1 row-cols-md-3 g-4">
5:        <% @ramen_shops.each do |shop| %>
6:          <div class="col">
7:            <div class="card h-100">
8:              <%= image_tag shop.https://ultrafoods.co.jp/blog/wp-content/uploads/2019/10/%E9%A3%B2%E9%A3%9F%E5%BA%97%E3%83%BB%E3%83%A9%E3%83%BC%E3%83%A1%E3%83%B3%E5%BA%97%E5%A4%96%E8%A6%B3.jpg, class: "card-img-top", alt: "ラーメン屋の画像" %>
9:              <div class="card-body">
10:                <h5 class="card-title"><%= shop.name %></h5>
11:                <p class="card-text"><%= shop.description %></p>
12:              </div>
13:            </div>
14:          </div>
15:        <% end %>
16:      </div>
17:    </div>
  
app/views/pages/index.html.erb:8: unknown type of %string
app/views/pages/index.html.erb:8: syntax error, unexpected end-of-input
Started GET "/pages/index" for 172.25.0.1 at 2024-06-27 19:14:28 +0000
Cannot render console from 172.25.0.1! Allowed networks: 127.0.0.0/127.255.255.255, ::1
Processing by PagesController#index as HTML
  Rendering layout layouts/application.html.erb
  Rendering pages/index.html.erb within layouts/application
  Rendered pages/index.html.erb within layouts/application (Duration: 0.4ms | Allocations: 276)
  Rendered layout layouts/application.html.erb (Duration: 80.5ms | Allocations: 5381)
Completed 500 Internal Server Error in 82ms (ActiveRecord: 0.0ms | Allocations: 6284)


  
ActionView::Template::Error (Error: File to import not found or unreadable: bootstrap/scss/bootstrap.
        on line 18:2 of app/assets/stylesheets/application.scss
>>  @import "bootstrap/scss/bootstrap";

   -^
):
     6:   <%= csp_meta_tag %>
     7: 
     8:   <!-- 他のメタタグやリンクと一緒にBootstrapのCDNリンクを追加 -->
     9:   <%= stylesheet_link_tag 'application', media: 'all' %>
    10:   <!-- BootstrapのCDNリンク -->
    11:   <link href="https://maxcdn.bootstrapcdn.com/bootstrap/5.3.3/css/bootstrap.min.css" rel="stylesheet">
    12: </head>
  
app/views/layouts/application.html.erb:9
Started GET "/pages/index" for 172.25.0.1 at 2024-06-27 19:17:09 +0000
Cannot render console from 172.25.0.1! Allowed networks: 127.0.0.0/127.255.255.255, ::1
Processing by PagesController#index as HTML
  Rendering layout layouts/application.html.erb
  Rendering pages/index.html.erb within layouts/application
  Rendered pages/index.html.erb within layouts/application (Duration: 0.1ms | Allocations: 93)
  Rendered layout layouts/application.html.erb (Duration: 3.7ms | Allocations: 3175)
Completed 500 Internal Server Error in 4ms (ActiveRecord: 0.0ms | Allocations: 3422)


  
ActionView::Template::Error (Error: File to import not found or unreadable: bootstrap/scss/bootstrap.
        on line 6:1 of app/assets/stylesheets/application.scss
>> @import "bootstrap/scss/bootstrap";

   ^
):
     6:   <%= csp_meta_tag %>
     7: 
     8:   <!-- 他のメタタグやリンクと一緒にBootstrapのCDNリンクを追加 -->
     9:   <%= stylesheet_link_tag 'application', media: 'all' %>
    10:   <!-- BootstrapのCDNリンク -->
    11:   <link href="https://maxcdn.bootstrapcdn.com/bootstrap/5.3.3/css/bootstrap.min.css" rel="stylesheet">
    12: </head>
  
app/views/layouts/application.html.erb:9
Started GET "/pages/index" for 172.25.0.1 at 2024-06-27 19:19:08 +0000
Cannot render console from 172.25.0.1! Allowed networks: 127.0.0.0/127.255.255.255, ::1
Processing by PagesController#index as HTML
  Rendering layout layouts/application.html.erb
  Rendering pages/index.html.erb within layouts/application
  Rendered pages/index.html.erb within layouts/application (Duration: 0.5ms | Allocations: 265)
  Rendered layout layouts/application.html.erb (Duration: 3.3ms | Allocations: 3436)
Completed 500 Internal Server Error in 4ms (ActiveRecord: 0.0ms | Allocations: 4331)


  
ActionView::Template::Error (Error: File to import not found or unreadable: bootstrap/scss/bootstrap.
        on line 6:1 of app/assets/stylesheets/application.scss
>> @import "bootstrap/scss/bootstrap";

   ^
):
     6:   <%= csp_meta_tag %>
     7: 
     8:   <!-- Remove the unnecessary CDN link -->
     9:   <%= stylesheet_link_tag 'application', media: 'all' %>
    10: 
    11:   <!-- BootstrapのJavaScriptを最後に読み込む -->
    12:   <script src="https://maxcdn.bootstrapcdn.com/bootstrap/5.3.3/js/bootstrap.bundle.min.js"></script>
  
app/views/layouts/application.html.erb:9
Started GET "/pages/index" for 172.25.0.1 at 2024-06-27 19:19:19 +0000
Cannot render console from 172.25.0.1! Allowed networks: 127.0.0.0/127.255.255.255, ::1
Processing by PagesController#index as HTML
  Rendering layout layouts/application.html.erb
  Rendering pages/index.html.erb within layouts/application
  Rendered pages/index.html.erb within layouts/application (Duration: 0.1ms | Allocations: 93)
  Rendered layout layouts/application.html.erb (Duration: 2.9ms | Allocations: 3068)
Completed 500 Internal Server Error in 3ms (ActiveRecord: 0.0ms | Allocations: 3315)


  
ActionView::Template::Error (Error: File to import not found or unreadable: bootstrap/scss/bootstrap.
        on line 2:1 of app/assets/stylesheets/application.scss
>> @import "bootstrap/scss/bootstrap";

   ^
):
     6:   <%= csp_meta_tag %>
     7: 
     8:   <!-- Remove the unnecessary CDN link -->
     9:   <%= stylesheet_link_tag 'application', media: 'all' %>
    10: 
    11:   <!-- BootstrapのJavaScriptを最後に読み込む -->
    12:   <script src="https://maxcdn.bootstrapcdn.com/bootstrap/5.3.3/js/bootstrap.bundle.min.js"></script>
  
app/views/layouts/application.html.erb:9
[dotenv] Loaded [33m.env[0m
  [1m[35m (2.1ms)[0m  [1m[35mCREATE DATABASE "myapp_development" ENCODING = 'unicode'[0m
[dotenv] Loaded [33m.env[0m
  [1m[35m (0.2ms)[0m  [1m[34mSELECT pg_try_advisory_lock(7864839756650184315)[0m
  [1m[36mActiveRecord::SchemaMigration Load (1.2ms)[0m  [1m[34mSELECT "schema_migrations"."version" FROM "schema_migrations" ORDER BY "schema_migrations"."version" ASC[0m
  [1m[36mActiveRecord::InternalMetadata Load (0.9ms)[0m  [1m[34mSELECT * FROM "ar_internal_metadata" WHERE "ar_internal_metadata"."key" = $1 ORDER BY "ar_internal_metadata"."key" ASC LIMIT 1[0m  [[nil, "environment"]]
  [1m[35m (0.2ms)[0m  [1m[34mSELECT pg_advisory_unlock(7864839756650184315)[0m
  [1m[36mActiveRecord::SchemaMigration Load (0.2ms)[0m  [1m[34mSELECT "schema_migrations"."version" FROM "schema_migrations" ORDER BY "schema_migrations"."version" ASC[0m
[dotenv] Loaded [33m.env[0m
Started GET "/pages/index" for 172.25.0.1 at 2024-06-27 19:20:14 +0000
Cannot render console from 172.25.0.1! Allowed networks: 127.0.0.0/127.255.255.255, ::1
  [1m[36mActiveRecord::SchemaMigration Load (0.4ms)[0m  [1m[34mSELECT "schema_migrations"."version" FROM "schema_migrations" ORDER BY "schema_migrations"."version" ASC[0m
Processing by PagesController#index as HTML
  Rendering layout layouts/application.html.erb
  Rendering pages/index.html.erb within layouts/application
  Rendered pages/index.html.erb within layouts/application (Duration: 0.5ms | Allocations: 419)
  Rendered layout layouts/application.html.erb (Duration: 11.4ms | Allocations: 5796)
Completed 500 Internal Server Error in 21ms (ActiveRecord: 0.0ms | Allocations: 9852)


  
ActionView::Template::Error (Error: File to import not found or unreadable: bootstrap/scss/bootstrap.
        on line 2:1 of app/assets/stylesheets/application.scss
>> @import "bootstrap/scss/bootstrap";

   ^
):
     6:   <%= csp_meta_tag %>
     7: 
     8:   <!-- Remove the unnecessary CDN link -->
     9:   <%= stylesheet_link_tag 'application', media: 'all' %>
    10: 
    11:   <!-- BootstrapのJavaScriptを最後に読み込む -->
    12:   <script src="https://maxcdn.bootstrapcdn.com/bootstrap/5.3.3/js/bootstrap.bundle.min.js"></script>
  
app/views/layouts/application.html.erb:9
[dotenv] Loaded [33m.env[0m
  [1m[35m (3.2ms)[0m  [1m[35mCREATE DATABASE "myapp_development" ENCODING = 'unicode'[0m
[dotenv] Loaded [33m.env[0m
  [1m[35m (0.1ms)[0m  [1m[34mSELECT pg_try_advisory_lock(7864839756650184315)[0m
  [1m[36mActiveRecord::SchemaMigration Load (1.2ms)[0m  [1m[34mSELECT "schema_migrations"."version" FROM "schema_migrations" ORDER BY "schema_migrations"."version" ASC[0m
  [1m[36mActiveRecord::InternalMetadata Load (0.9ms)[0m  [1m[34mSELECT * FROM "ar_internal_metadata" WHERE "ar_internal_metadata"."key" = $1 ORDER BY "ar_internal_metadata"."key" ASC LIMIT 1[0m  [[nil, "environment"]]
  [1m[35m (0.2ms)[0m  [1m[34mSELECT pg_advisory_unlock(7864839756650184315)[0m
  [1m[36mActiveRecord::SchemaMigration Load (0.1ms)[0m  [1m[34mSELECT "schema_migrations"."version" FROM "schema_migrations" ORDER BY "schema_migrations"."version" ASC[0m
[dotenv] Loaded [33m.env[0m
Started GET "/pages/index" for 172.28.0.1 at 2024-06-27 19:43:03 +0000
Cannot render console from 172.28.0.1! Allowed networks: 127.0.0.0/127.255.255.255, ::1
  [1m[36mActiveRecord::SchemaMigration Load (0.4ms)[0m  [1m[34mSELECT "schema_migrations"."version" FROM "schema_migrations" ORDER BY "schema_migrations"."version" ASC[0m
Processing by PagesController#index as HTML
  Rendering layout layouts/application.html.erb
  Rendering pages/index.html.erb within layouts/application
  Rendered pages/index.html.erb within layouts/application (Duration: 1.7ms | Allocations: 419)
  Rendered layout layouts/application.html.erb (Duration: 14.6ms | Allocations: 5796)
Completed 500 Internal Server Error in 25ms (ActiveRecord: 0.0ms | Allocations: 9852)


  
ActionView::Template::Error (Error: File to import not found or unreadable: bootstrap/scss/bootstrap.
        on line 2:1 of app/assets/stylesheets/application.scss
>> @import "bootstrap/scss/bootstrap";

   ^
):
     6:   <%= csp_meta_tag %>
     7: 
     8:   <!-- Remove the unnecessary CDN link -->
     9:   <%= stylesheet_link_tag 'application', media: 'all' %>
    10: 
    11:   <!-- BootstrapのJavaScriptを最後に読み込む -->
    12:   <script src="https://maxcdn.bootstrapcdn.com/bootstrap/5.3.3/js/bootstrap.bundle.min.js"></script>
  
app/views/layouts/application.html.erb:9
Started GET "/pages/index" for 172.28.0.1 at 2024-06-27 19:43:08 +0000
Cannot render console from 172.28.0.1! Allowed networks: 127.0.0.0/127.255.255.255, ::1
Processing by PagesController#index as HTML
  Rendering layout layouts/application.html.erb
  Rendering pages/index.html.erb within layouts/application
  Rendered pages/index.html.erb within layouts/application (Duration: 0.3ms | Allocations: 93)
  Rendered layout layouts/application.html.erb (Duration: 3.8ms | Allocations: 3015)
Completed 500 Internal Server Error in 4ms (ActiveRecord: 0.0ms | Allocations: 3267)


  
ActionView::Template::Error (Error: File to import not found or unreadable: bootstrap/scss/bootstrap.
        on line 2:1 of app/assets/stylesheets/application.scss
>> @import "bootstrap/scss/bootstrap";

   ^
):
     6:   <%= csp_meta_tag %>
     7: 
     8:   <!-- Remove the unnecessary CDN link -->
     9:   <%= stylesheet_link_tag 'application', media: 'all' %>
    10: 
    11:   <!-- BootstrapのJavaScriptを最後に読み込む -->
    12:   <script src="https://maxcdn.bootstrapcdn.com/bootstrap/5.3.3/js/bootstrap.bundle.min.js"></script>
  
app/views/layouts/application.html.erb:9
[dotenv] Loaded [33m.env[0m
  [1m[35m (2.0ms)[0m  [1m[35mCREATE DATABASE "myapp_development" ENCODING = 'unicode'[0m
[dotenv] Loaded [33m.env[0m
  [1m[35m (0.1ms)[0m  [1m[34mSELECT pg_try_advisory_lock(7864839756650184315)[0m
  [1m[36mActiveRecord::SchemaMigration Load (2.9ms)[0m  [1m[34mSELECT "schema_migrations"."version" FROM "schema_migrations" ORDER BY "schema_migrations"."version" ASC[0m
  [1m[36mActiveRecord::InternalMetadata Load (1.0ms)[0m  [1m[34mSELECT * FROM "ar_internal_metadata" WHERE "ar_internal_metadata"."key" = $1 ORDER BY "ar_internal_metadata"."key" ASC LIMIT 1[0m  [[nil, "environment"]]
  [1m[35m (0.2ms)[0m  [1m[34mSELECT pg_advisory_unlock(7864839756650184315)[0m
  [1m[36mActiveRecord::SchemaMigration Load (0.2ms)[0m  [1m[34mSELECT "schema_migrations"."version" FROM "schema_migrations" ORDER BY "schema_migrations"."version" ASC[0m
[dotenv] Loaded [33m.env[0m
Started GET "/pages/index" for 172.28.0.1 at 2024-06-27 19:48:24 +0000
Cannot render console from 172.28.0.1! Allowed networks: 127.0.0.0/127.255.255.255, ::1
  [1m[36mActiveRecord::SchemaMigration Load (0.5ms)[0m  [1m[34mSELECT "schema_migrations"."version" FROM "schema_migrations" ORDER BY "schema_migrations"."version" ASC[0m
Processing by PagesController#index as HTML
  Rendering layout layouts/application.html.erb
  Rendering pages/index.html.erb within layouts/application
  Rendered pages/index.html.erb within layouts/application (Duration: 0.5ms | Allocations: 419)
  Rendered layout layouts/application.html.erb (Duration: 14.4ms | Allocations: 7374)
Completed 500 Internal Server Error in 25ms (ActiveRecord: 0.0ms | Allocations: 11430)


  
ActionView::Template::Error (Error: File to import not found or unreadable: bootstrap/scss/bootstrap.
        on line 5:1 of app/assets/stylesheets/application.scss
>> @import "bootstrap/scss/bootstrap";

   ^
):
     6:   <%= csp_meta_tag %>
     7: 
     8:   <!-- Remove the unnecessary CDN link -->
     9:   <%= stylesheet_link_tag 'application', media: 'all' %>
    10: 
    11:   <!-- BootstrapのJavaScriptを最後に読み込む -->
    12:   <script src="https://maxcdn.bootstrapcdn.com/bootstrap/5.3.3/js/bootstrap.bundle.min.js"></script>
  
app/views/layouts/application.html.erb:9
[dotenv] Loaded [33m.env[0m
Started GET "/pages/index" for 172.28.0.1 at 2024-06-27 19:49:04 +0000
Cannot render console from 172.28.0.1! Allowed networks: 127.0.0.0/127.255.255.255, ::1
Processing by PagesController#index as HTML
  Rendering layout layouts/application.html.erb
  Rendering pages/index.html.erb within layouts/application
  Rendered pages/index.html.erb within layouts/application (Duration: 0.2ms | Allocations: 93)
  Rendered layout layouts/application.html.erb (Duration: 3.7ms | Allocations: 3018)
Completed 500 Internal Server Error in 4ms (ActiveRecord: 0.0ms | Allocations: 3270)


  
ActionView::Template::Error (Error: File to import not found or unreadable: bootstrap/scss/bootstrap.
        on line 5:1 of app/assets/stylesheets/application.scss
>> @import "bootstrap/scss/bootstrap";

   ^
):
     6:   <%= csp_meta_tag %>
     7: 
     8:   <!-- Remove the unnecessary CDN link -->
     9:   <%= stylesheet_link_tag 'application', media: 'all' %>
    10: 
    11:   <!-- BootstrapのJavaScriptを最後に読み込む -->
    12:   <script src="https://maxcdn.bootstrapcdn.com/bootstrap/5.3.3/js/bootstrap.bundle.min.js"></script>
  
app/views/layouts/application.html.erb:9
[dotenv] Loaded [33m.env[0m
  [1m[35m (2.2ms)[0m  [1m[35mCREATE DATABASE "myapp_development" ENCODING = 'unicode'[0m
[dotenv] Loaded [33m.env[0m
  [1m[35m (0.7ms)[0m  [1m[34mSELECT pg_try_advisory_lock(7864839756650184315)[0m
  [1m[36mActiveRecord::SchemaMigration Load (1.1ms)[0m  [1m[34mSELECT "schema_migrations"."version" FROM "schema_migrations" ORDER BY "schema_migrations"."version" ASC[0m
  [1m[36mActiveRecord::InternalMetadata Load (1.1ms)[0m  [1m[34mSELECT * FROM "ar_internal_metadata" WHERE "ar_internal_metadata"."key" = $1 ORDER BY "ar_internal_metadata"."key" ASC LIMIT 1[0m  [[nil, "environment"]]
  [1m[35m (0.2ms)[0m  [1m[34mSELECT pg_advisory_unlock(7864839756650184315)[0m
  [1m[36mActiveRecord::SchemaMigration Load (0.2ms)[0m  [1m[34mSELECT "schema_migrations"."version" FROM "schema_migrations" ORDER BY "schema_migrations"."version" ASC[0m
[dotenv] Loaded [33m.env[0m
[dotenv] Loaded [33m.env[0m
[dotenv] Loaded [33m.env[0m
[dotenv] Loaded [33m.env[0m
[dotenv] Loaded [33m.env[0m
Started GET "/pages/index" for 172.28.0.1 at 2024-06-27 20:10:39 +0000
Cannot render console from 172.28.0.1! Allowed networks: 127.0.0.0/127.255.255.255, ::1
  [1m[36mActiveRecord::SchemaMigration Load (0.3ms)[0m  [1m[34mSELECT "schema_migrations"."version" FROM "schema_migrations" ORDER BY "schema_migrations"."version" ASC[0m
Processing by PagesController#index as HTML
  Rendering layout layouts/application.html.erb
  Rendering pages/index.html.erb within layouts/application
  Rendered pages/index.html.erb within layouts/application (Duration: 0.7ms | Allocations: 419)
  Rendered layout layouts/application.html.erb (Duration: 9.2ms | Allocations: 5275)
Completed 500 Internal Server Error in 22ms (ActiveRecord: 0.0ms | Allocations: 9322)


  
ActionView::Template::Error (The asset "tailwind.css" is not present in the asset pipeline.
):
     6:   <%= csp_meta_tag %>
     7: 
     8:   <!-- Remove the unnecessary CDN link -->
     9:     <%= stylesheet_link_tag "tailwind", "inter-font", "data-turbo-track": "reload" %>
    10:   <%= stylesheet_link_tag 'application', media: 'all' %>
    11: 
    12:   <!-- BootstrapのJavaScriptを最後に読み込む -->
  
app/views/layouts/application.html.erb:9
Started GET "/pages/index" for 172.28.0.1 at 2024-06-27 20:17:01 +0000
Cannot render console from 172.28.0.1! Allowed networks: 127.0.0.0/127.255.255.255, ::1
Processing by PagesController#index as HTML
  Rendering layout layouts/application.html.erb
  Rendering pages/index.html.erb within layouts/application
  Rendered pages/index.html.erb within layouts/application (Duration: 0.3ms | Allocations: 93)
  Rendered layout layouts/application.html.erb (Duration: 3.8ms | Allocations: 2900)
Completed 500 Internal Server Error in 5ms (ActiveRecord: 0.0ms | Allocations: 3143)


  
ActionView::Template::Error (The asset "tailwind.css" is not present in the asset pipeline.
):
     6:   <%= csp_meta_tag %>
     7: 
     8:   <!-- Remove the unnecessary CDN link -->
     9:     <%= stylesheet_link_tag "tailwind", "inter-font", "data-turbo-track": "reload" %>
    10:   <%= stylesheet_link_tag 'application', media: 'all' %>
    11: 
    12:   <!-- BootstrapのJavaScriptを最後に読み込む -->
  
app/views/layouts/application.html.erb:9
[dotenv] Loaded [33m.env[0m
  [1m[35m (1.3ms)[0m  [1m[35mCREATE DATABASE "myapp_development" ENCODING = 'unicode'[0m
[dotenv] Loaded [33m.env[0m
  [1m[35m (0.2ms)[0m  [1m[34mSELECT pg_try_advisory_lock(7864839756650184315)[0m
  [1m[36mActiveRecord::SchemaMigration Load (1.2ms)[0m  [1m[34mSELECT "schema_migrations"."version" FROM "schema_migrations" ORDER BY "schema_migrations"."version" ASC[0m
  [1m[36mActiveRecord::InternalMetadata Load (1.9ms)[0m  [1m[34mSELECT * FROM "ar_internal_metadata" WHERE "ar_internal_metadata"."key" = $1 ORDER BY "ar_internal_metadata"."key" ASC LIMIT 1[0m  [[nil, "environment"]]
  [1m[35m (0.2ms)[0m  [1m[34mSELECT pg_advisory_unlock(7864839756650184315)[0m
  [1m[36mActiveRecord::SchemaMigration Load (0.2ms)[0m  [1m[34mSELECT "schema_migrations"."version" FROM "schema_migrations" ORDER BY "schema_migrations"."version" ASC[0m
[dotenv] Loaded [33m.env[0m
[dotenv] Loaded [33m.env[0m
  [1m[35m (2.6ms)[0m  [1m[35mCREATE DATABASE "myapp_development" ENCODING = 'unicode'[0m
[dotenv] Loaded [33m.env[0m
  [1m[35m (0.1ms)[0m  [1m[34mSELECT pg_try_advisory_lock(7864839756650184315)[0m
  [1m[36mActiveRecord::SchemaMigration Load (1.0ms)[0m  [1m[34mSELECT "schema_migrations"."version" FROM "schema_migrations" ORDER BY "schema_migrations"."version" ASC[0m
  [1m[36mActiveRecord::InternalMetadata Load (0.9ms)[0m  [1m[34mSELECT * FROM "ar_internal_metadata" WHERE "ar_internal_metadata"."key" = $1 ORDER BY "ar_internal_metadata"."key" ASC LIMIT 1[0m  [[nil, "environment"]]
  [1m[35m (0.3ms)[0m  [1m[34mSELECT pg_advisory_unlock(7864839756650184315)[0m
  [1m[36mActiveRecord::SchemaMigration Load (0.1ms)[0m  [1m[34mSELECT "schema_migrations"."version" FROM "schema_migrations" ORDER BY "schema_migrations"."version" ASC[0m
[dotenv] Loaded [33m.env[0m
Started GET "/pages/index" for 172.29.0.1 at 2024-06-27 20:44:51 +0000
Cannot render console from 172.29.0.1! Allowed networks: 127.0.0.0/127.255.255.255, ::1
  [1m[36mActiveRecord::SchemaMigration Load (0.4ms)[0m  [1m[34mSELECT "schema_migrations"."version" FROM "schema_migrations" ORDER BY "schema_migrations"."version" ASC[0m
Processing by PagesController#index as HTML
  Rendering layout layouts/application.html.erb
  Rendering pages/index.html.erb within layouts/application
  Rendered pages/index.html.erb within layouts/application (Duration: 1.4ms | Allocations: 419)
  Rendered layout layouts/application.html.erb (Duration: 425.5ms | Allocations: 41897)
Completed 500 Internal Server Error in 445ms (ActiveRecord: 0.0ms | Allocations: 45957)


  
ActionView::Template::Error (Error: File to import not found or unreadable: bootstrap/scss/bootstrap.
        on line 5:1 of app/assets/stylesheets/application.scss
>> @import "bootstrap/scss/bootstrap";

   ^
):
  
sassc (2.4.0) lib/sassc/engine.rb:50:in `render'
sassc-rails (2.1.2) lib/sassc/rails/template.rb:40:in `block in call'
sprockets (4.2.1) lib/sprockets/utils.rb:145:in `block in module_include'
sprockets (4.2.1) lib/sprockets/utils.rb:130:in `synchronize'
sprockets (4.2.1) lib/sprockets/utils.rb:130:in `module_include'
sassc-rails (2.1.2) lib/sassc/rails/template.rb:39:in `call'
sprockets (4.2.1) lib/sprockets/processor_utils.rb:84:in `call_processor'
sprockets (4.2.1) lib/sprockets/processor_utils.rb:66:in `block in call_processors'
sprockets (4.2.1) lib/sprockets/processor_utils.rb:65:in `reverse_each'
sprockets (4.2.1) lib/sprockets/processor_utils.rb:65:in `call_processors'
sprockets (4.2.1) lib/sprockets/processor_utils.rb:22:in `block in <class:CompositeProcessor>'
sprockets (4.2.1) lib/sprockets/processor_utils.rb:33:in `call'
sprockets (4.2.1) lib/sprockets/processor_utils.rb:84:in `call_processor'
sprockets (4.2.1) lib/sprockets/processor_utils.rb:66:in `block in call_processors'
sprockets (4.2.1) lib/sprockets/processor_utils.rb:65:in `reverse_each'
sprockets (4.2.1) lib/sprockets/processor_utils.rb:65:in `call_processors'
sprockets (4.2.1) lib/sprockets/loader.rb:184:in `load_from_unloaded'
sprockets (4.2.1) lib/sprockets/loader.rb:59:in `block in load'
sprockets (4.2.1) lib/sprockets/loader.rb:339:in `fetch_asset_from_dependency_cache'
sprockets (4.2.1) lib/sprockets/loader.rb:43:in `load'
sprockets (4.2.1) lib/sprockets/cached_environment.rb:44:in `block in load'
concurrent-ruby (1.3.3) lib/concurrent-ruby/concurrent/map.rb:207:in `block in fetch_or_store'
concurrent-ruby (1.3.3) lib/concurrent-ruby/concurrent/map.rb:187:in `fetch'
concurrent-ruby (1.3.3) lib/concurrent-ruby/concurrent/map.rb:206:in `fetch_or_store'
sprockets (4.2.1) lib/sprockets/cached_environment.rb:44:in `load'
sprockets (4.2.1) lib/sprockets/bundle.rb:27:in `call'
sprockets (4.2.1) lib/sprockets/processor_utils.rb:84:in `call_processor'
sprockets (4.2.1) lib/sprockets/processor_utils.rb:66:in `block in call_processors'
sprockets (4.2.1) lib/sprockets/processor_utils.rb:65:in `reverse_each'
sprockets (4.2.1) lib/sprockets/processor_utils.rb:65:in `call_processors'
sprockets (4.2.1) lib/sprockets/loader.rb:184:in `load_from_unloaded'
sprockets (4.2.1) lib/sprockets/loader.rb:59:in `block in load'
sprockets (4.2.1) lib/sprockets/loader.rb:339:in `fetch_asset_from_dependency_cache'
sprockets (4.2.1) lib/sprockets/loader.rb:43:in `load'
sprockets (4.2.1) lib/sprockets/cached_environment.rb:44:in `block in load'
concurrent-ruby (1.3.3) lib/concurrent-ruby/concurrent/map.rb:207:in `block in fetch_or_store'
concurrent-ruby (1.3.3) lib/concurrent-ruby/concurrent/map.rb:187:in `fetch'
concurrent-ruby (1.3.3) lib/concurrent-ruby/concurrent/map.rb:206:in `fetch_or_store'
sprockets (4.2.1) lib/sprockets/cached_environment.rb:44:in `load'
sprockets (4.2.1) lib/sprockets/bundle.rb:32:in `block in call'
/usr/local/lib/ruby/3.3.0/set.rb:501:in `each_key'
/usr/local/lib/ruby/3.3.0/set.rb:501:in `each'
sprockets (4.2.1) lib/sprockets/bundle.rb:31:in `call'
sprockets (4.2.1) lib/sprockets/processor_utils.rb:84:in `call_processor'
sprockets (4.2.1) lib/sprockets/processor_utils.rb:66:in `block in call_processors'
sprockets (4.2.1) lib/sprockets/processor_utils.rb:65:in `reverse_each'
sprockets (4.2.1) lib/sprockets/processor_utils.rb:65:in `call_processors'
sprockets (4.2.1) lib/sprockets/loader.rb:184:in `load_from_unloaded'
sprockets (4.2.1) lib/sprockets/loader.rb:59:in `block in load'
sprockets (4.2.1) lib/sprockets/loader.rb:339:in `fetch_asset_from_dependency_cache'
sprockets (4.2.1) lib/sprockets/loader.rb:43:in `load'
sprockets (4.2.1) lib/sprockets/cached_environment.rb:44:in `block in load'
concurrent-ruby (1.3.3) lib/concurrent-ruby/concurrent/map.rb:207:in `block in fetch_or_store'
concurrent-ruby (1.3.3) lib/concurrent-ruby/concurrent/map.rb:187:in `fetch'
concurrent-ruby (1.3.3) lib/concurrent-ruby/concurrent/map.rb:206:in `fetch_or_store'
sprockets (4.2.1) lib/sprockets/cached_environment.rb:44:in `load'
sprockets (4.2.1) lib/sprockets/base.rb:81:in `find_asset'
sprockets (4.2.1) lib/sprockets/base.rb:88:in `find_all_linked_assets'
sprockets (4.2.1) lib/sprockets/manifest.rb:125:in `each'
sprockets (4.2.1) lib/sprockets/manifest.rb:125:in `to_a'
sprockets (4.2.1) lib/sprockets/manifest.rb:125:in `block (2 levels) in find'
concurrent-ruby (1.3.3) lib/concurrent-ruby/concurrent/executor/safe_task_executor.rb:24:in `block in execute'
concurrent-ruby (1.3.3) lib/concurrent-ruby/concurrent/synchronization/mutex_lockable_object.rb:48:in `block in synchronize'
concurrent-ruby (1.3.3) lib/concurrent-ruby/concurrent/synchronization/mutex_lockable_object.rb:48:in `synchronize'
concurrent-ruby (1.3.3) lib/concurrent-ruby/concurrent/synchronization/mutex_lockable_object.rb:48:in `synchronize'
concurrent-ruby (1.3.3) lib/concurrent-ruby/concurrent/executor/safe_task_executor.rb:22:in `execute'
concurrent-ruby (1.3.3) lib/concurrent-ruby/concurrent/promise.rb:564:in `block in realize'
concurrent-ruby (1.3.3) lib/concurrent-ruby/concurrent/executor/ruby_thread_pool_executor.rb:359:in `run_task'
concurrent-ruby (1.3.3) lib/concurrent-ruby/concurrent/executor/ruby_thread_pool_executor.rb:350:in `block (3 levels) in create_worker'
<internal:kernel>:187:in `loop'
concurrent-ruby (1.3.3) lib/concurrent-ruby/concurrent/executor/ruby_thread_pool_executor.rb:341:in `block (2 levels) in create_worker'
concurrent-ruby (1.3.3) lib/concurrent-ruby/concurrent/executor/ruby_thread_pool_executor.rb:340:in `catch'
concurrent-ruby (1.3.3) lib/concurrent-ruby/concurrent/executor/ruby_thread_pool_executor.rb:340:in `block in create_worker'
Started GET "/pages/index" for 172.29.0.1 at 2024-06-27 20:46:18 +0000
Cannot render console from 172.29.0.1! Allowed networks: 127.0.0.0/127.255.255.255, ::1
Processing by PagesController#index as HTML
  Rendering layout layouts/application.html.erb
  Rendering pages/index.html.erb within layouts/application
  Rendered pages/index.html.erb within layouts/application (Duration: 0.1ms | Allocations: 93)
  Rendered layout layouts/application.html.erb (Duration: 137.2ms | Allocations: 49346)
Completed 500 Internal Server Error in 138ms (ActiveRecord: 0.0ms | Allocations: 49591)


  
ActionView::Template::Error (Asset `tailwind.css` was not declared to be precompiled in production.
Declare links to your assets in `app/assets/config/manifest.js`.

  //= link tailwind.css

and restart your server):
     6:   <%= csp_meta_tag %>
     7: 
     8:   <!-- Remove the unnecessary CDN link -->
     9:     <%= stylesheet_link_tag "tailwind", "inter-font", "data-turbo-track": "reload" %>
    10:   <%= stylesheet_link_tag 'application', media: 'all' %>
    11: 
    12:   <!-- BootstrapのJavaScriptを最後に読み込む -->
  
app/views/layouts/application.html.erb:9
Started GET "/pages/index" for 172.29.0.1 at 2024-06-27 20:46:21 +0000
Cannot render console from 172.29.0.1! Allowed networks: 127.0.0.0/127.255.255.255, ::1
Processing by PagesController#index as HTML
  Rendering layout layouts/application.html.erb
  Rendering pages/index.html.erb within layouts/application
  Rendered pages/index.html.erb within layouts/application (Duration: 0.1ms | Allocations: 93)
  Rendered layout layouts/application.html.erb (Duration: 30.6ms | Allocations: 25240)
Completed 500 Internal Server Error in 31ms (ActiveRecord: 0.0ms | Allocations: 25482)


  
ActionView::Template::Error (Asset `tailwind.css` was not declared to be precompiled in production.
Declare links to your assets in `app/assets/config/manifest.js`.

  //= link tailwind.css

and restart your server):
     6:   <%= csp_meta_tag %>
     7: 
     8:   <!-- Remove the unnecessary CDN link -->
     9:     <%= stylesheet_link_tag "tailwind", "inter-font", "data-turbo-track": "reload" %>
    10:   <%= stylesheet_link_tag 'application', media: 'all' %>
    11: 
    12:   <!-- BootstrapのJavaScriptを最後に読み込む -->
  
app/views/layouts/application.html.erb:9
Started GET "/" for 172.29.0.1 at 2024-06-27 20:46:23 +0000
Cannot render console from 172.29.0.1! Allowed networks: 127.0.0.0/127.255.255.255, ::1
Processing by PagesController#index as HTML
  Rendering layout layouts/application.html.erb
  Rendering pages/index.html.erb within layouts/application
  Rendered pages/index.html.erb within layouts/application (Duration: 0.3ms | Allocations: 93)
  Rendered layout layouts/application.html.erb (Duration: 34.4ms | Allocations: 25587)
Completed 500 Internal Server Error in 35ms (ActiveRecord: 0.0ms | Allocations: 25829)


  
ActionView::Template::Error (Asset `tailwind.css` was not declared to be precompiled in production.
Declare links to your assets in `app/assets/config/manifest.js`.

  //= link tailwind.css

and restart your server):
     6:   <%= csp_meta_tag %>
     7: 
     8:   <!-- Remove the unnecessary CDN link -->
     9:     <%= stylesheet_link_tag "tailwind", "inter-font", "data-turbo-track": "reload" %>
    10:   <%= stylesheet_link_tag 'application', media: 'all' %>
    11: 
    12:   <!-- BootstrapのJavaScriptを最後に読み込む -->
  
app/views/layouts/application.html.erb:9
Started GET "/" for 172.29.0.1 at 2024-06-27 20:46:23 +0000
Cannot render console from 172.29.0.1! Allowed networks: 127.0.0.0/127.255.255.255, ::1
Processing by PagesController#index as HTML
  Rendering layout layouts/application.html.erb
  Rendering pages/index.html.erb within layouts/application
  Rendered pages/index.html.erb within layouts/application (Duration: 0.1ms | Allocations: 93)
  Rendered layout layouts/application.html.erb (Duration: 30.3ms | Allocations: 25570)
Completed 500 Internal Server Error in 31ms (ActiveRecord: 0.0ms | Allocations: 25808)


  
ActionView::Template::Error (Asset `tailwind.css` was not declared to be precompiled in production.
Declare links to your assets in `app/assets/config/manifest.js`.

  //= link tailwind.css

and restart your server):
     6:   <%= csp_meta_tag %>
     7: 
     8:   <!-- Remove the unnecessary CDN link -->
     9:     <%= stylesheet_link_tag "tailwind", "inter-font", "data-turbo-track": "reload" %>
    10:   <%= stylesheet_link_tag 'application', media: 'all' %>
    11: 
    12:   <!-- BootstrapのJavaScriptを最後に読み込む -->
  
app/views/layouts/application.html.erb:9
[dotenv] Loaded [33m.env[0m
[dotenv] Loaded [33m.env[0m
  [1m[35m (2.0ms)[0m  [1m[35mCREATE DATABASE "myapp_development" ENCODING = 'unicode'[0m
[dotenv] Loaded [33m.env[0m
  [1m[35m (0.2ms)[0m  [1m[34mSELECT pg_try_advisory_lock(7864839756650184315)[0m
  [1m[36mActiveRecord::SchemaMigration Load (1.0ms)[0m  [1m[34mSELECT "schema_migrations"."version" FROM "schema_migrations" ORDER BY "schema_migrations"."version" ASC[0m
  [1m[36mActiveRecord::InternalMetadata Load (1.0ms)[0m  [1m[34mSELECT * FROM "ar_internal_metadata" WHERE "ar_internal_metadata"."key" = $1 ORDER BY "ar_internal_metadata"."key" ASC LIMIT 1[0m  [[nil, "environment"]]
  [1m[35m (0.2ms)[0m  [1m[34mSELECT pg_advisory_unlock(7864839756650184315)[0m
  [1m[36mActiveRecord::SchemaMigration Load (0.1ms)[0m  [1m[34mSELECT "schema_migrations"."version" FROM "schema_migrations" ORDER BY "schema_migrations"."version" ASC[0m
[dotenv] Loaded [33m.env[0m
[dotenv] Loaded [33m.env[0m
[dotenv] Loaded [33m.env[0m
Started GET "/" for 172.30.0.1 at 2024-06-27 21:14:37 +0000
Cannot render console from 172.30.0.1! Allowed networks: 127.0.0.0/127.255.255.255, ::1
  [1m[36mActiveRecord::SchemaMigration Load (0.3ms)[0m  [1m[34mSELECT "schema_migrations"."version" FROM "schema_migrations" ORDER BY "schema_migrations"."version" ASC[0m
Processing by PagesController#index as HTML
  Rendering layout layouts/application.html.erb
  Rendering pages/index.html.erb within layouts/application
  Rendered pages/index.html.erb within layouts/application (Duration: 0.5ms | Allocations: 419)
  Rendered layout layouts/application.html.erb (Duration: 112.8ms | Allocations: 29249)
Completed 500 Internal Server Error in 123ms (ActiveRecord: 0.0ms | Allocations: 33465)


  
ActionView::Template::Error (Error: File to import not found or unreadable: bootstrap/scss/bootstrap.
        on line 7:1 of app/assets/stylesheets/application.scss
>> @import "bootstrap/scss/bootstrap";

   ^
):
  
sassc (2.4.0) lib/sassc/engine.rb:50:in `render'
sassc-rails (2.1.2) lib/sassc/rails/template.rb:40:in `block in call'
sprockets (4.2.1) lib/sprockets/utils.rb:145:in `block in module_include'
sprockets (4.2.1) lib/sprockets/utils.rb:130:in `synchronize'
sprockets (4.2.1) lib/sprockets/utils.rb:130:in `module_include'
sassc-rails (2.1.2) lib/sassc/rails/template.rb:39:in `call'
sprockets (4.2.1) lib/sprockets/processor_utils.rb:84:in `call_processor'
sprockets (4.2.1) lib/sprockets/processor_utils.rb:66:in `block in call_processors'
sprockets (4.2.1) lib/sprockets/processor_utils.rb:65:in `reverse_each'
sprockets (4.2.1) lib/sprockets/processor_utils.rb:65:in `call_processors'
sprockets (4.2.1) lib/sprockets/processor_utils.rb:22:in `block in <class:CompositeProcessor>'
sprockets (4.2.1) lib/sprockets/processor_utils.rb:33:in `call'
sprockets (4.2.1) lib/sprockets/processor_utils.rb:84:in `call_processor'
sprockets (4.2.1) lib/sprockets/processor_utils.rb:66:in `block in call_processors'
sprockets (4.2.1) lib/sprockets/processor_utils.rb:65:in `reverse_each'
sprockets (4.2.1) lib/sprockets/processor_utils.rb:65:in `call_processors'
sprockets (4.2.1) lib/sprockets/loader.rb:184:in `load_from_unloaded'
sprockets (4.2.1) lib/sprockets/loader.rb:59:in `block in load'
sprockets (4.2.1) lib/sprockets/loader.rb:339:in `fetch_asset_from_dependency_cache'
sprockets (4.2.1) lib/sprockets/loader.rb:43:in `load'
sprockets (4.2.1) lib/sprockets/cached_environment.rb:44:in `block in load'
concurrent-ruby (1.3.3) lib/concurrent-ruby/concurrent/map.rb:207:in `block in fetch_or_store'
concurrent-ruby (1.3.3) lib/concurrent-ruby/concurrent/map.rb:187:in `fetch'
concurrent-ruby (1.3.3) lib/concurrent-ruby/concurrent/map.rb:206:in `fetch_or_store'
sprockets (4.2.1) lib/sprockets/cached_environment.rb:44:in `load'
sprockets (4.2.1) lib/sprockets/bundle.rb:27:in `call'
sprockets (4.2.1) lib/sprockets/processor_utils.rb:84:in `call_processor'
sprockets (4.2.1) lib/sprockets/processor_utils.rb:66:in `block in call_processors'
sprockets (4.2.1) lib/sprockets/processor_utils.rb:65:in `reverse_each'
sprockets (4.2.1) lib/sprockets/processor_utils.rb:65:in `call_processors'
sprockets (4.2.1) lib/sprockets/loader.rb:184:in `load_from_unloaded'
sprockets (4.2.1) lib/sprockets/loader.rb:59:in `block in load'
sprockets (4.2.1) lib/sprockets/loader.rb:339:in `fetch_asset_from_dependency_cache'
sprockets (4.2.1) lib/sprockets/loader.rb:43:in `load'
sprockets (4.2.1) lib/sprockets/cached_environment.rb:44:in `block in load'
concurrent-ruby (1.3.3) lib/concurrent-ruby/concurrent/map.rb:207:in `block in fetch_or_store'
concurrent-ruby (1.3.3) lib/concurrent-ruby/concurrent/map.rb:187:in `fetch'
concurrent-ruby (1.3.3) lib/concurrent-ruby/concurrent/map.rb:206:in `fetch_or_store'
sprockets (4.2.1) lib/sprockets/cached_environment.rb:44:in `load'
sprockets (4.2.1) lib/sprockets/bundle.rb:32:in `block in call'
/usr/local/lib/ruby/3.3.0/set.rb:501:in `each_key'
/usr/local/lib/ruby/3.3.0/set.rb:501:in `each'
sprockets (4.2.1) lib/sprockets/bundle.rb:31:in `call'
sprockets (4.2.1) lib/sprockets/processor_utils.rb:84:in `call_processor'
sprockets (4.2.1) lib/sprockets/processor_utils.rb:66:in `block in call_processors'
sprockets (4.2.1) lib/sprockets/processor_utils.rb:65:in `reverse_each'
sprockets (4.2.1) lib/sprockets/processor_utils.rb:65:in `call_processors'
sprockets (4.2.1) lib/sprockets/loader.rb:184:in `load_from_unloaded'
sprockets (4.2.1) lib/sprockets/loader.rb:59:in `block in load'
sprockets (4.2.1) lib/sprockets/loader.rb:339:in `fetch_asset_from_dependency_cache'
sprockets (4.2.1) lib/sprockets/loader.rb:43:in `load'
sprockets (4.2.1) lib/sprockets/cached_environment.rb:44:in `block in load'
concurrent-ruby (1.3.3) lib/concurrent-ruby/concurrent/map.rb:207:in `block in fetch_or_store'
concurrent-ruby (1.3.3) lib/concurrent-ruby/concurrent/map.rb:187:in `fetch'
concurrent-ruby (1.3.3) lib/concurrent-ruby/concurrent/map.rb:206:in `fetch_or_store'
sprockets (4.2.1) lib/sprockets/cached_environment.rb:44:in `load'
sprockets (4.2.1) lib/sprockets/base.rb:81:in `find_asset'
sprockets (4.2.1) lib/sprockets/base.rb:88:in `find_all_linked_assets'
sprockets (4.2.1) lib/sprockets/manifest.rb:125:in `each'
sprockets (4.2.1) lib/sprockets/manifest.rb:125:in `to_a'
sprockets (4.2.1) lib/sprockets/manifest.rb:125:in `block (2 levels) in find'
concurrent-ruby (1.3.3) lib/concurrent-ruby/concurrent/executor/safe_task_executor.rb:24:in `block in execute'
concurrent-ruby (1.3.3) lib/concurrent-ruby/concurrent/synchronization/mutex_lockable_object.rb:48:in `block in synchronize'
concurrent-ruby (1.3.3) lib/concurrent-ruby/concurrent/synchronization/mutex_lockable_object.rb:48:in `synchronize'
concurrent-ruby (1.3.3) lib/concurrent-ruby/concurrent/synchronization/mutex_lockable_object.rb:48:in `synchronize'
concurrent-ruby (1.3.3) lib/concurrent-ruby/concurrent/executor/safe_task_executor.rb:22:in `execute'
concurrent-ruby (1.3.3) lib/concurrent-ruby/concurrent/promise.rb:564:in `block in realize'
concurrent-ruby (1.3.3) lib/concurrent-ruby/concurrent/executor/ruby_thread_pool_executor.rb:359:in `run_task'
concurrent-ruby (1.3.3) lib/concurrent-ruby/concurrent/executor/ruby_thread_pool_executor.rb:350:in `block (3 levels) in create_worker'
<internal:kernel>:187:in `loop'
concurrent-ruby (1.3.3) lib/concurrent-ruby/concurrent/executor/ruby_thread_pool_executor.rb:341:in `block (2 levels) in create_worker'
concurrent-ruby (1.3.3) lib/concurrent-ruby/concurrent/executor/ruby_thread_pool_executor.rb:340:in `catch'
concurrent-ruby (1.3.3) lib/concurrent-ruby/concurrent/executor/ruby_thread_pool_executor.rb:340:in `block in create_worker'
[dotenv] Loaded [33m.env[0m
  [1m[35m (0.4ms)[0m  [1m[35mCREATE DATABASE "myapp_development" ENCODING = 'unicode'[0m
[dotenv] Loaded [33m.env[0m
  [1m[35m (0.2ms)[0m  [1m[34mSELECT pg_try_advisory_lock(7864839756650184315)[0m
  [1m[36mActiveRecord::SchemaMigration Load (2.1ms)[0m  [1m[34mSELECT "schema_migrations"."version" FROM "schema_migrations" ORDER BY "schema_migrations"."version" ASC[0m
  [1m[36mActiveRecord::InternalMetadata Load (1.2ms)[0m  [1m[34mSELECT * FROM "ar_internal_metadata" WHERE "ar_internal_metadata"."key" = $1 ORDER BY "ar_internal_metadata"."key" ASC LIMIT 1[0m  [[nil, "environment"]]
  [1m[35m (0.3ms)[0m  [1m[34mSELECT pg_advisory_unlock(7864839756650184315)[0m
  [1m[36mActiveRecord::SchemaMigration Load (0.2ms)[0m  [1m[34mSELECT "schema_migrations"."version" FROM "schema_migrations" ORDER BY "schema_migrations"."version" ASC[0m
[dotenv] Loaded [33m.env[0m
Started GET "/" for 172.30.0.1 at 2024-06-28 14:44:03 +0000
Cannot render console from 172.30.0.1! Allowed networks: 127.0.0.0/127.255.255.255, ::1
  [1m[36mActiveRecord::SchemaMigration Load (0.3ms)[0m  [1m[34mSELECT "schema_migrations"."version" FROM "schema_migrations" ORDER BY "schema_migrations"."version" ASC[0m
Processing by PagesController#index as HTML
  Rendering layout layouts/application.html.erb
  Rendering pages/index.html.erb within layouts/application
  Rendered pages/index.html.erb within layouts/application (Duration: 2.7ms | Allocations: 420)
Started GET "/" for 172.30.0.1 at 2024-06-28 14:44:03 +0000
Cannot render console from 172.30.0.1! Allowed networks: 127.0.0.0/127.255.255.255, ::1
  Rendered layout layouts/application.html.erb (Duration: 84.1ms | Allocations: 30763)
Completed 500 Internal Server Error in 103ms (ActiveRecord: 0.0ms | Allocations: 34910)


  
ActionView::Template::Error (Error: File to import not found or unreadable: bootstrap/scss/bootstrap.
        on line 7:1 of app/assets/stylesheets/application.scss
>> @import "bootstrap/scss/bootstrap";

   ^
):
  
sassc (2.4.0) lib/sassc/engine.rb:50:in `render'
sassc-rails (2.1.2) lib/sassc/rails/template.rb:40:in `block in call'
sprockets (4.2.1) lib/sprockets/utils.rb:145:in `block in module_include'
sprockets (4.2.1) lib/sprockets/utils.rb:130:in `synchronize'
sprockets (4.2.1) lib/sprockets/utils.rb:130:in `module_include'
sassc-rails (2.1.2) lib/sassc/rails/template.rb:39:in `call'
sprockets (4.2.1) lib/sprockets/processor_utils.rb:84:in `call_processor'
sprockets (4.2.1) lib/sprockets/processor_utils.rb:66:in `block in call_processors'
sprockets (4.2.1) lib/sprockets/processor_utils.rb:65:in `reverse_each'
sprockets (4.2.1) lib/sprockets/processor_utils.rb:65:in `call_processors'
sprockets (4.2.1) lib/sprockets/processor_utils.rb:22:in `block in <class:CompositeProcessor>'
sprockets (4.2.1) lib/sprockets/processor_utils.rb:33:in `call'
sprockets (4.2.1) lib/sprockets/processor_utils.rb:84:in `call_processor'
sprockets (4.2.1) lib/sprockets/processor_utils.rb:66:in `block in call_processors'
sprockets (4.2.1) lib/sprockets/processor_utils.rb:65:in `reverse_each'
sprockets (4.2.1) lib/sprockets/processor_utils.rb:65:in `call_processors'
sprockets (4.2.1) lib/sprockets/loader.rb:184:in `load_from_unloaded'
sprockets (4.2.1) lib/sprockets/loader.rb:59:in `block in load'
sprockets (4.2.1) lib/sprockets/loader.rb:339:in `fetch_asset_from_dependency_cache'
sprockets (4.2.1) lib/sprockets/loader.rb:43:in `load'
sprockets (4.2.1) lib/sprockets/cached_environment.rb:44:in `block in load'
concurrent-ruby (1.3.3) lib/concurrent-ruby/concurrent/map.rb:207:in `block in fetch_or_store'
concurrent-ruby (1.3.3) lib/concurrent-ruby/concurrent/map.rb:187:in `fetch'
concurrent-ruby (1.3.3) lib/concurrent-ruby/concurrent/map.rb:206:in `fetch_or_store'
sprockets (4.2.1) lib/sprockets/cached_environment.rb:44:in `load'
sprockets (4.2.1) lib/sprockets/bundle.rb:27:in `call'
sprockets (4.2.1) lib/sprockets/processor_utils.rb:84:in `call_processor'
sprockets (4.2.1) lib/sprockets/processor_utils.rb:66:in `block in call_processors'
sprockets (4.2.1) lib/sprockets/processor_utils.rb:65:in `reverse_each'
sprockets (4.2.1) lib/sprockets/processor_utils.rb:65:in `call_processors'
sprockets (4.2.1) lib/sprockets/loader.rb:184:in `load_from_unloaded'
sprockets (4.2.1) lib/sprockets/loader.rb:59:in `block in load'
sprockets (4.2.1) lib/sprockets/loader.rb:339:in `fetch_asset_from_dependency_cache'
sprockets (4.2.1) lib/sprockets/loader.rb:43:in `load'
sprockets (4.2.1) lib/sprockets/cached_environment.rb:44:in `block in load'
concurrent-ruby (1.3.3) lib/concurrent-ruby/concurrent/map.rb:207:in `block in fetch_or_store'
concurrent-ruby (1.3.3) lib/concurrent-ruby/concurrent/map.rb:187:in `fetch'
concurrent-ruby (1.3.3) lib/concurrent-ruby/concurrent/map.rb:206:in `fetch_or_store'
sprockets (4.2.1) lib/sprockets/cached_environment.rb:44:in `load'
sprockets (4.2.1) lib/sprockets/bundle.rb:32:in `block in call'
/usr/local/lib/ruby/3.3.0/set.rb:501:in `each_key'
/usr/local/lib/ruby/3.3.0/set.rb:501:in `each'
sprockets (4.2.1) lib/sprockets/bundle.rb:31:in `call'
sprockets (4.2.1) lib/sprockets/processor_utils.rb:84:in `call_processor'
sprockets (4.2.1) lib/sprockets/processor_utils.rb:66:in `block in call_processors'
sprockets (4.2.1) lib/sprockets/processor_utils.rb:65:in `reverse_each'
sprockets (4.2.1) lib/sprockets/processor_utils.rb:65:in `call_processors'
sprockets (4.2.1) lib/sprockets/loader.rb:184:in `load_from_unloaded'
sprockets (4.2.1) lib/sprockets/loader.rb:59:in `block in load'
sprockets (4.2.1) lib/sprockets/loader.rb:339:in `fetch_asset_from_dependency_cache'
sprockets (4.2.1) lib/sprockets/loader.rb:43:in `load'
sprockets (4.2.1) lib/sprockets/cached_environment.rb:44:in `block in load'
concurrent-ruby (1.3.3) lib/concurrent-ruby/concurrent/map.rb:207:in `block in fetch_or_store'
concurrent-ruby (1.3.3) lib/concurrent-ruby/concurrent/map.rb:187:in `fetch'
concurrent-ruby (1.3.3) lib/concurrent-ruby/concurrent/map.rb:206:in `fetch_or_store'
sprockets (4.2.1) lib/sprockets/cached_environment.rb:44:in `load'
sprockets (4.2.1) lib/sprockets/base.rb:81:in `find_asset'
sprockets (4.2.1) lib/sprockets/base.rb:88:in `find_all_linked_assets'
sprockets (4.2.1) lib/sprockets/manifest.rb:125:in `each'
sprockets (4.2.1) lib/sprockets/manifest.rb:125:in `to_a'
sprockets (4.2.1) lib/sprockets/manifest.rb:125:in `block (2 levels) in find'
concurrent-ruby (1.3.3) lib/concurrent-ruby/concurrent/executor/safe_task_executor.rb:24:in `block in execute'
concurrent-ruby (1.3.3) lib/concurrent-ruby/concurrent/synchronization/mutex_lockable_object.rb:48:in `block in synchronize'
concurrent-ruby (1.3.3) lib/concurrent-ruby/concurrent/synchronization/mutex_lockable_object.rb:48:in `synchronize'
concurrent-ruby (1.3.3) lib/concurrent-ruby/concurrent/synchronization/mutex_lockable_object.rb:48:in `synchronize'
concurrent-ruby (1.3.3) lib/concurrent-ruby/concurrent/executor/safe_task_executor.rb:22:in `execute'
concurrent-ruby (1.3.3) lib/concurrent-ruby/concurrent/promise.rb:564:in `block in realize'
concurrent-ruby (1.3.3) lib/concurrent-ruby/concurrent/executor/ruby_thread_pool_executor.rb:359:in `run_task'
concurrent-ruby (1.3.3) lib/concurrent-ruby/concurrent/executor/ruby_thread_pool_executor.rb:350:in `block (3 levels) in create_worker'
<internal:kernel>:187:in `loop'
concurrent-ruby (1.3.3) lib/concurrent-ruby/concurrent/executor/ruby_thread_pool_executor.rb:341:in `block (2 levels) in create_worker'
concurrent-ruby (1.3.3) lib/concurrent-ruby/concurrent/executor/ruby_thread_pool_executor.rb:340:in `catch'
concurrent-ruby (1.3.3) lib/concurrent-ruby/concurrent/executor/ruby_thread_pool_executor.rb:340:in `block in create_worker'
Processing by PagesController#index as HTML
  Rendering layout layouts/application.html.erb
  Rendering pages/index.html.erb within layouts/application
  Rendered pages/index.html.erb within layouts/application (Duration: 0.1ms | Allocations: 93)
  Rendered layout layouts/application.html.erb (Duration: 108.5ms | Allocations: 104058)
Completed 500 Internal Server Error in 110ms (ActiveRecord: 0.0ms | Allocations: 104928)


  
ActionView::Template::Error (Asset `tailwind.css` was not declared to be precompiled in production.
Declare links to your assets in `app/assets/config/manifest.js`.

  //= link tailwind.css

and restart your server):
     6:   <%= csp_meta_tag %>
     7: 
     8:   <!-- Remove the unnecessary CDN link -->
     9:     <%= stylesheet_link_tag "tailwind", "inter-font", "data-turbo-track": "reload" %>
    10:   <%= stylesheet_link_tag 'application', media: 'all' %>
    11: 
    12:   <!-- BootstrapのJavaScriptを最後に読み込む -->
  
app/views/layouts/application.html.erb:9
Started GET "/" for 172.30.0.1 at 2024-06-28 14:44:05 +0000
Cannot render console from 172.30.0.1! Allowed networks: 127.0.0.0/127.255.255.255, ::1
Processing by PagesController#index as HTML
  Rendering layout layouts/application.html.erb
  Rendering pages/index.html.erb within layouts/application
  Rendered pages/index.html.erb within layouts/application (Duration: 0.1ms | Allocations: 93)
  Rendered layout layouts/application.html.erb (Duration: 31.1ms | Allocations: 25481)
Completed 500 Internal Server Error in 32ms (ActiveRecord: 0.0ms | Allocations: 25723)


  
ActionView::Template::Error (Asset `tailwind.css` was not declared to be precompiled in production.
Declare links to your assets in `app/assets/config/manifest.js`.

  //= link tailwind.css

and restart your server):
     6:   <%= csp_meta_tag %>
     7: 
     8:   <!-- Remove the unnecessary CDN link -->
     9:     <%= stylesheet_link_tag "tailwind", "inter-font", "data-turbo-track": "reload" %>
    10:   <%= stylesheet_link_tag 'application', media: 'all' %>
    11: 
    12:   <!-- BootstrapのJavaScriptを最後に読み込む -->
  
app/views/layouts/application.html.erb:9
Started GET "/" for 172.30.0.1 at 2024-06-28 14:44:06 +0000
Cannot render console from 172.30.0.1! Allowed networks: 127.0.0.0/127.255.255.255, ::1
Processing by PagesController#index as HTML
  Rendering layout layouts/application.html.erb
  Rendering pages/index.html.erb within layouts/application
  Rendered pages/index.html.erb within layouts/application (Duration: 0.2ms | Allocations: 93)
  Rendered layout layouts/application.html.erb (Duration: 30.5ms | Allocations: 25661)
Completed 500 Internal Server Error in 31ms (ActiveRecord: 0.0ms | Allocations: 25903)


  
ActionView::Template::Error (Asset `tailwind.css` was not declared to be precompiled in production.
Declare links to your assets in `app/assets/config/manifest.js`.

  //= link tailwind.css

and restart your server):
     6:   <%= csp_meta_tag %>
     7: 
     8:   <!-- Remove the unnecessary CDN link -->
     9:     <%= stylesheet_link_tag "tailwind", "inter-font", "data-turbo-track": "reload" %>
    10:   <%= stylesheet_link_tag 'application', media: 'all' %>
    11: 
    12:   <!-- BootstrapのJavaScriptを最後に読み込む -->
  
app/views/layouts/application.html.erb:9
[dotenv] Loaded [33m.env[0m
  [1m[35m (1.7ms)[0m  [1m[35mCREATE DATABASE "myapp_development" ENCODING = 'unicode'[0m
[dotenv] Loaded [33m.env[0m
  [1m[35m (0.1ms)[0m  [1m[34mSELECT pg_try_advisory_lock(7864839756650184315)[0m
  [1m[36mActiveRecord::SchemaMigration Load (1.3ms)[0m  [1m[34mSELECT "schema_migrations"."version" FROM "schema_migrations" ORDER BY "schema_migrations"."version" ASC[0m
  [1m[36mActiveRecord::InternalMetadata Load (0.9ms)[0m  [1m[34mSELECT * FROM "ar_internal_metadata" WHERE "ar_internal_metadata"."key" = $1 ORDER BY "ar_internal_metadata"."key" ASC LIMIT 1[0m  [[nil, "environment"]]
  [1m[35m (0.2ms)[0m  [1m[34mSELECT pg_advisory_unlock(7864839756650184315)[0m
  [1m[36mActiveRecord::SchemaMigration Load (0.1ms)[0m  [1m[34mSELECT "schema_migrations"."version" FROM "schema_migrations" ORDER BY "schema_migrations"."version" ASC[0m
[dotenv] Loaded [33m.env[0m
Started GET "/" for 172.30.0.1 at 2024-06-28 14:46:20 +0000
Cannot render console from 172.30.0.1! Allowed networks: 127.0.0.0/127.255.255.255, ::1
  [1m[36mActiveRecord::SchemaMigration Load (0.3ms)[0m  [1m[34mSELECT "schema_migrations"."version" FROM "schema_migrations" ORDER BY "schema_migrations"."version" ASC[0m
Processing by PagesController#index as HTML
  Rendering layout layouts/application.html.erb
  Rendering pages/index.html.erb within layouts/application
  Rendered pages/index.html.erb within layouts/application (Duration: 0.5ms | Allocations: 420)
  Rendered layout layouts/application.html.erb (Duration: 120.2ms | Allocations: 37554)
Completed 500 Internal Server Error in 129ms (ActiveRecord: 0.0ms | Allocations: 41612)


  
ActionView::Template::Error (Error: File to import not found or unreadable: bootstrap/scss/bootstrap.
        on line 7:1 of app/assets/stylesheets/application.scss
>> @import "bootstrap/scss/bootstrap";

   ^
):
  
sassc (2.4.0) lib/sassc/engine.rb:50:in `render'
sassc-rails (2.1.2) lib/sassc/rails/template.rb:40:in `block in call'
sprockets (4.2.1) lib/sprockets/utils.rb:145:in `block in module_include'
sprockets (4.2.1) lib/sprockets/utils.rb:130:in `synchronize'
sprockets (4.2.1) lib/sprockets/utils.rb:130:in `module_include'
sassc-rails (2.1.2) lib/sassc/rails/template.rb:39:in `call'
sprockets (4.2.1) lib/sprockets/processor_utils.rb:84:in `call_processor'
sprockets (4.2.1) lib/sprockets/processor_utils.rb:66:in `block in call_processors'
sprockets (4.2.1) lib/sprockets/processor_utils.rb:65:in `reverse_each'
sprockets (4.2.1) lib/sprockets/processor_utils.rb:65:in `call_processors'
sprockets (4.2.1) lib/sprockets/processor_utils.rb:22:in `block in <class:CompositeProcessor>'
sprockets (4.2.1) lib/sprockets/processor_utils.rb:33:in `call'
sprockets (4.2.1) lib/sprockets/processor_utils.rb:84:in `call_processor'
sprockets (4.2.1) lib/sprockets/processor_utils.rb:66:in `block in call_processors'
sprockets (4.2.1) lib/sprockets/processor_utils.rb:65:in `reverse_each'
sprockets (4.2.1) lib/sprockets/processor_utils.rb:65:in `call_processors'
sprockets (4.2.1) lib/sprockets/loader.rb:184:in `load_from_unloaded'
sprockets (4.2.1) lib/sprockets/loader.rb:59:in `block in load'
sprockets (4.2.1) lib/sprockets/loader.rb:339:in `fetch_asset_from_dependency_cache'
sprockets (4.2.1) lib/sprockets/loader.rb:43:in `load'
sprockets (4.2.1) lib/sprockets/cached_environment.rb:44:in `block in load'
concurrent-ruby (1.3.3) lib/concurrent-ruby/concurrent/map.rb:207:in `block in fetch_or_store'
concurrent-ruby (1.3.3) lib/concurrent-ruby/concurrent/map.rb:187:in `fetch'
concurrent-ruby (1.3.3) lib/concurrent-ruby/concurrent/map.rb:206:in `fetch_or_store'
sprockets (4.2.1) lib/sprockets/cached_environment.rb:44:in `load'
sprockets (4.2.1) lib/sprockets/bundle.rb:27:in `call'
sprockets (4.2.1) lib/sprockets/processor_utils.rb:84:in `call_processor'
sprockets (4.2.1) lib/sprockets/processor_utils.rb:66:in `block in call_processors'
sprockets (4.2.1) lib/sprockets/processor_utils.rb:65:in `reverse_each'
sprockets (4.2.1) lib/sprockets/processor_utils.rb:65:in `call_processors'
sprockets (4.2.1) lib/sprockets/loader.rb:184:in `load_from_unloaded'
sprockets (4.2.1) lib/sprockets/loader.rb:59:in `block in load'
sprockets (4.2.1) lib/sprockets/loader.rb:339:in `fetch_asset_from_dependency_cache'
sprockets (4.2.1) lib/sprockets/loader.rb:43:in `load'
sprockets (4.2.1) lib/sprockets/cached_environment.rb:44:in `block in load'
concurrent-ruby (1.3.3) lib/concurrent-ruby/concurrent/map.rb:207:in `block in fetch_or_store'
concurrent-ruby (1.3.3) lib/concurrent-ruby/concurrent/map.rb:187:in `fetch'
concurrent-ruby (1.3.3) lib/concurrent-ruby/concurrent/map.rb:206:in `fetch_or_store'
sprockets (4.2.1) lib/sprockets/cached_environment.rb:44:in `load'
sprockets (4.2.1) lib/sprockets/bundle.rb:32:in `block in call'
/usr/local/lib/ruby/3.3.0/set.rb:501:in `each_key'
/usr/local/lib/ruby/3.3.0/set.rb:501:in `each'
sprockets (4.2.1) lib/sprockets/bundle.rb:31:in `call'
sprockets (4.2.1) lib/sprockets/processor_utils.rb:84:in `call_processor'
sprockets (4.2.1) lib/sprockets/processor_utils.rb:66:in `block in call_processors'
sprockets (4.2.1) lib/sprockets/processor_utils.rb:65:in `reverse_each'
sprockets (4.2.1) lib/sprockets/processor_utils.rb:65:in `call_processors'
sprockets (4.2.1) lib/sprockets/loader.rb:184:in `load_from_unloaded'
sprockets (4.2.1) lib/sprockets/loader.rb:59:in `block in load'
sprockets (4.2.1) lib/sprockets/loader.rb:339:in `fetch_asset_from_dependency_cache'
sprockets (4.2.1) lib/sprockets/loader.rb:43:in `load'
sprockets (4.2.1) lib/sprockets/cached_environment.rb:44:in `block in load'
concurrent-ruby (1.3.3) lib/concurrent-ruby/concurrent/map.rb:207:in `block in fetch_or_store'
concurrent-ruby (1.3.3) lib/concurrent-ruby/concurrent/map.rb:187:in `fetch'
concurrent-ruby (1.3.3) lib/concurrent-ruby/concurrent/map.rb:206:in `fetch_or_store'
sprockets (4.2.1) lib/sprockets/cached_environment.rb:44:in `load'
sprockets (4.2.1) lib/sprockets/base.rb:81:in `find_asset'
sprockets (4.2.1) lib/sprockets/base.rb:88:in `find_all_linked_assets'
sprockets (4.2.1) lib/sprockets/manifest.rb:125:in `each'
sprockets (4.2.1) lib/sprockets/manifest.rb:125:in `to_a'
sprockets (4.2.1) lib/sprockets/manifest.rb:125:in `block (2 levels) in find'
concurrent-ruby (1.3.3) lib/concurrent-ruby/concurrent/executor/safe_task_executor.rb:24:in `block in execute'
concurrent-ruby (1.3.3) lib/concurrent-ruby/concurrent/synchronization/mutex_lockable_object.rb:48:in `block in synchronize'
concurrent-ruby (1.3.3) lib/concurrent-ruby/concurrent/synchronization/mutex_lockable_object.rb:48:in `synchronize'
concurrent-ruby (1.3.3) lib/concurrent-ruby/concurrent/synchronization/mutex_lockable_object.rb:48:in `synchronize'
concurrent-ruby (1.3.3) lib/concurrent-ruby/concurrent/executor/safe_task_executor.rb:22:in `execute'
concurrent-ruby (1.3.3) lib/concurrent-ruby/concurrent/promise.rb:564:in `block in realize'
concurrent-ruby (1.3.3) lib/concurrent-ruby/concurrent/executor/ruby_thread_pool_executor.rb:359:in `run_task'
concurrent-ruby (1.3.3) lib/concurrent-ruby/concurrent/executor/ruby_thread_pool_executor.rb:350:in `block (3 levels) in create_worker'
<internal:kernel>:187:in `loop'
concurrent-ruby (1.3.3) lib/concurrent-ruby/concurrent/executor/ruby_thread_pool_executor.rb:341:in `block (2 levels) in create_worker'
concurrent-ruby (1.3.3) lib/concurrent-ruby/concurrent/executor/ruby_thread_pool_executor.rb:340:in `catch'
concurrent-ruby (1.3.3) lib/concurrent-ruby/concurrent/executor/ruby_thread_pool_executor.rb:340:in `block in create_worker'
[dotenv] Loaded [33m.env[0m
  [1m[35m (1.0ms)[0m  [1m[35mCREATE DATABASE "myapp_development" ENCODING = 'unicode'[0m
[dotenv] Loaded [33m.env[0m
  [1m[35m (0.2ms)[0m  [1m[34mSELECT pg_try_advisory_lock(7864839756650184315)[0m
  [1m[36mActiveRecord::SchemaMigration Load (1.6ms)[0m  [1m[34mSELECT "schema_migrations"."version" FROM "schema_migrations" ORDER BY "schema_migrations"."version" ASC[0m
  [1m[36mActiveRecord::InternalMetadata Load (1.2ms)[0m  [1m[34mSELECT * FROM "ar_internal_metadata" WHERE "ar_internal_metadata"."key" = $1 ORDER BY "ar_internal_metadata"."key" ASC LIMIT 1[0m  [[nil, "environment"]]
  [1m[35m (0.2ms)[0m  [1m[34mSELECT pg_advisory_unlock(7864839756650184315)[0m
  [1m[36mActiveRecord::SchemaMigration Load (0.1ms)[0m  [1m[34mSELECT "schema_migrations"."version" FROM "schema_migrations" ORDER BY "schema_migrations"."version" ASC[0m
[dotenv] Loaded [33m.env[0m
[dotenv] Loaded [33m.env[0m
  [1m[35m (1.5ms)[0m  [1m[35mCREATE DATABASE "myapp_development" ENCODING = 'unicode'[0m
[dotenv] Loaded [33m.env[0m
  [1m[35m (0.1ms)[0m  [1m[34mSELECT pg_try_advisory_lock(7864839756650184315)[0m
  [1m[36mActiveRecord::SchemaMigration Load (1.8ms)[0m  [1m[34mSELECT "schema_migrations"."version" FROM "schema_migrations" ORDER BY "schema_migrations"."version" ASC[0m
  [1m[36mActiveRecord::InternalMetadata Load (1.2ms)[0m  [1m[34mSELECT * FROM "ar_internal_metadata" WHERE "ar_internal_metadata"."key" = $1 ORDER BY "ar_internal_metadata"."key" ASC LIMIT 1[0m  [[nil, "environment"]]
  [1m[35m (0.4ms)[0m  [1m[34mSELECT pg_advisory_unlock(7864839756650184315)[0m
  [1m[36mActiveRecord::SchemaMigration Load (0.2ms)[0m  [1m[34mSELECT "schema_migrations"."version" FROM "schema_migrations" ORDER BY "schema_migrations"."version" ASC[0m
[dotenv] Loaded [33m.env[0m
Started GET "/" for 172.31.0.1 at 2024-06-28 14:49:54 +0000
Cannot render console from 172.31.0.1! Allowed networks: 127.0.0.0/127.255.255.255, ::1
  [1m[36mActiveRecord::SchemaMigration Load (0.3ms)[0m  [1m[34mSELECT "schema_migrations"."version" FROM "schema_migrations" ORDER BY "schema_migrations"."version" ASC[0m
Processing by PagesController#index as HTML
  Rendering layout layouts/application.html.erb
  Rendering pages/index.html.erb within layouts/application
  Rendered pages/index.html.erb within layouts/application (Duration: 1.6ms | Allocations: 420)
  Rendered layout layouts/application.html.erb (Duration: 277.2ms | Allocations: 47495)
Completed 200 OK in 297ms (Views: 283.1ms | ActiveRecord: 0.0ms | Allocations: 51582)


Started GET "/" for 172.31.0.1 at 2024-06-28 14:53:32 +0000
Cannot render console from 172.31.0.1! Allowed networks: 127.0.0.0/127.255.255.255, ::1
Processing by PagesController#index as HTML
  Rendering layout layouts/application.html.erb
  Rendering pages/index.html.erb within layouts/application
  Rendered pages/index.html.erb within layouts/application (Duration: 1.4ms | Allocations: 271)
  Rendered layout layouts/application.html.erb (Duration: 26.6ms | Allocations: 6882)
Completed 200 OK in 30ms (Views: 28.6ms | ActiveRecord: 0.0ms | Allocations: 7784)


Started GET "/" for 172.31.0.1 at 2024-06-28 14:53:33 +0000
Cannot render console from 172.31.0.1! Allowed networks: 127.0.0.0/127.255.255.255, ::1
Processing by PagesController#index as HTML
  Rendering layout layouts/application.html.erb
  Rendering pages/index.html.erb within layouts/application
  Rendered pages/index.html.erb within layouts/application (Duration: 1.1ms | Allocations: 93)
  Rendered layout layouts/application.html.erb (Duration: 25.6ms | Allocations: 6389)
Completed 200 OK in 27ms (Views: 25.9ms | ActiveRecord: 0.0ms | Allocations: 6641)


Started GET "/" for 172.31.0.1 at 2024-06-28 14:55:37 +0000
Cannot render console from 172.31.0.1! Allowed networks: 127.0.0.0/127.255.255.255, ::1
Processing by PagesController#index as HTML
  Rendering layout layouts/application.html.erb
  Rendering pages/index.html.erb within layouts/application
  Rendered pages/index.html.erb within layouts/application (Duration: 0.6ms | Allocations: 738)
  Rendered layout layouts/application.html.erb (Duration: 1.4ms | Allocations: 1282)
Completed 200 OK in 3ms (Views: 2.4ms | ActiveRecord: 0.0ms | Allocations: 2184)


Started GET "/" for 172.31.0.1 at 2024-06-28 15:21:47 +0000
Cannot render console from 172.31.0.1! Allowed networks: 127.0.0.0/127.255.255.255, ::1
Processing by PagesController#index as HTML
  Rendering layout layouts/application.html.erb
  Rendering pages/index.html.erb within layouts/application
  Rendered pages/index.html.erb within layouts/application (Duration: 0.3ms | Allocations: 164)
  Rendered layout layouts/application.html.erb (Duration: 1.4ms | Allocations: 704)
Completed 200 OK in 3ms (Views: 2.8ms | ActiveRecord: 0.0ms | Allocations: 1601)


Started GET "/" for 172.31.0.1 at 2024-06-28 15:28:00 +0000
Cannot render console from 172.31.0.1! Allowed networks: 127.0.0.0/127.255.255.255, ::1
Processing by PagesController#index as HTML
  Rendering layout layouts/application.html.erb
  Rendering pages/index.html.erb within layouts/application
  Rendered pages/index.html.erb within layouts/application (Duration: 0.1ms | Allocations: 7)
  Rendered layout layouts/application.html.erb (Duration: 0.8ms | Allocations: 387)
Completed 200 OK in 2ms (Views: 1.2ms | ActiveRecord: 0.0ms | Allocations: 638)


Started GET "/" for 172.31.0.1 at 2024-06-28 19:00:50 +0000
Cannot render console from 172.31.0.1! Allowed networks: 127.0.0.0/127.255.255.255, ::1
Processing by PagesController#index as HTML
  Rendering layout layouts/application.html.erb
  Rendering pages/index.html.erb within layouts/application
  Rendered pages/index.html.erb within layouts/application (Duration: 0.0ms | Allocations: 7)
  Rendered layout layouts/application.html.erb (Duration: 0.7ms | Allocations: 387)
Completed 200 OK in 1ms (Views: 1.1ms | ActiveRecord: 0.0ms | Allocations: 634)


Started GET "/" for 172.31.0.1 at 2024-06-28 19:07:14 +0000
Cannot render console from 172.31.0.1! Allowed networks: 127.0.0.0/127.255.255.255, ::1
Processing by PagesController#index as HTML
  Rendering layout layouts/application.html.erb
  Rendering pages/index.html.erb within layouts/application
  Rendered pages/index.html.erb within layouts/application (Duration: 0.4ms | Allocations: 164)
  Rendered layout layouts/application.html.erb (Duration: 1.2ms | Allocations: 701)
Completed 200 OK in 3ms (Views: 2.8ms | ActiveRecord: 0.0ms | Allocations: 1598)


Started GET "/" for 172.31.0.1 at 2024-06-28 19:21:57 +0000
Cannot render console from 172.31.0.1! Allowed networks: 127.0.0.0/127.255.255.255, ::1
Processing by PagesController#index as HTML
  Rendering layout layouts/application.html.erb
  Rendering pages/index.html.erb within layouts/application
  Rendered pages/index.html.erb within layouts/application (Duration: 0.3ms | Allocations: 167)
  Rendered layout layouts/application.html.erb (Duration: 77.9ms | Allocations: 60495)
Completed 200 OK in 79ms (Views: 78.7ms | ActiveRecord: 0.0ms | Allocations: 61395)


Started GET "/" for 172.31.0.1 at 2024-06-28 19:38:15 +0000
Cannot render console from 172.31.0.1! Allowed networks: 127.0.0.0/127.255.255.255, ::1
Processing by PagesController#index as HTML
  Rendering layout layouts/application.html.erb
  Rendering pages/index.html.erb within layouts/application
  Rendered pages/index.html.erb within layouts/application (Duration: 0.3ms | Allocations: 163)
  Rendered layout layouts/application.html.erb (Duration: 1.3ms | Allocations: 711)
Completed 200 OK in 3ms (Views: 2.3ms | ActiveRecord: 0.0ms | Allocations: 1608)


Started GET "/" for 172.31.0.1 at 2024-06-28 19:40:33 +0000
Cannot render console from 172.31.0.1! Allowed networks: 127.0.0.0/127.255.255.255, ::1
Processing by PagesController#index as HTML
  Rendering layout layouts/application.html.erb
  Rendering pages/index.html.erb within layouts/application
  Rendered pages/index.html.erb within layouts/application (Duration: 1.5ms | Allocations: 1520)
  Rendered layout layouts/application.html.erb (Duration: 1.6ms | Allocations: 1606)
Completed 500 Internal Server Error in 3ms (ActiveRecord: 0.0ms | Allocations: 2511)


  
ActionView::Template::Error (undefined method `each' for nil):
    2:   <div class="contents-title text-center">
    3:     <h3>タイトル</h3>
    4:     <div class="row">
    5:       <% @texts.each do |text| %>
    6:         <div class="col-12 col-md-6 col-lg-4 mb-4">
    7:           <div class="card">
    8:             <%= image_tag "https://picsum.photos/30/20.jpg", class: "card-img-top", alt: "画像" %>
  
app/views/pages/index.html.erb:5
Started GET "/" for 172.31.0.1 at 2024-06-28 19:42:20 +0000
Cannot render console from 172.31.0.1! Allowed networks: 127.0.0.0/127.255.255.255, ::1
Processing by PagesController#index as HTML
  Rendering layout layouts/application.html.erb
  Rendering pages/index.html.erb within layouts/application
  Rendered pages/index.html.erb within layouts/application (Duration: 0.3ms | Allocations: 1006)
  Rendered layout layouts/application.html.erb (Duration: 0.5ms | Allocations: 1091)
Completed 500 Internal Server Error in 1ms (ActiveRecord: 0.0ms | Allocations: 1329)


  
ActionView::Template::Error (undefined method `each' for nil):
    2:   <div class="contents-title text-center">
    3:     <h3>タイトル</h3>
    4:     <div class="row">
    5:       <% @texts.each do |text| %>
    6:         <div class="col-12 col-md-6 col-lg-4 mb-4">
    7:           <div class="card">
    8:             <%= image_tag "https://picsum.photos/30/20.jpg", class: "card-img-top", alt: "画像" %>
  
app/views/pages/index.html.erb:5
Started GET "/" for 172.31.0.1 at 2024-06-28 19:51:02 +0000
Cannot render console from 172.31.0.1! Allowed networks: 127.0.0.0/127.255.255.255, ::1
Processing by PagesController#index as HTML
  Rendering layout layouts/application.html.erb
  Rendering pages/index.html.erb within layouts/application
  Rendered pages/index.html.erb within layouts/application (Duration: 0.5ms | Allocations: 1006)
  Rendered layout layouts/application.html.erb (Duration: 0.6ms | Allocations: 1091)
Completed 500 Internal Server Error in 1ms (ActiveRecord: 0.0ms | Allocations: 1329)


  
ActionView::Template::Error (undefined method `each' for nil):
    2:   <div class="contents-title text-center">
    3:     <h3>タイトル</h3>
    4:     <div class="row">
    5:       <% @texts.each do |text| %>
    6:         <div class="col-12 col-md-6 col-lg-4 mb-4">
    7:           <div class="card">
    8:             <%= image_tag "https://picsum.photos/30/20.jpg", class: "card-img-top", alt: "画像" %>
  
app/views/pages/index.html.erb:5
Started GET "/" for 172.31.0.1 at 2024-06-28 20:11:16 +0000
Cannot render console from 172.31.0.1! Allowed networks: 127.0.0.0/127.255.255.255, ::1
Processing by PagesController#index as HTML
Completed 500 Internal Server Error in 0ms (ActiveRecord: 0.0ms | Allocations: 494)


  
NameError (uninitialized constant PagesController::Faker):
  
app/controllers/pages_controller.rb:5:in `block in index'
app/controllers/pages_controller.rb:3:in `each'
app/controllers/pages_controller.rb:3:in `map'
app/controllers/pages_controller.rb:3:in `index'
[dotenv] Loaded [33m.env[0m
  [1m[35m (0.8ms)[0m  [1m[35mCREATE DATABASE "myapp_development" ENCODING = 'unicode'[0m
[dotenv] Loaded [33m.env[0m
  [1m[35m (0.2ms)[0m  [1m[34mSELECT pg_try_advisory_lock(7864839756650184315)[0m
  [1m[36mActiveRecord::SchemaMigration Load (1.4ms)[0m  [1m[34mSELECT "schema_migrations"."version" FROM "schema_migrations" ORDER BY "schema_migrations"."version" ASC[0m
  [1m[36mActiveRecord::InternalMetadata Load (2.0ms)[0m  [1m[34mSELECT * FROM "ar_internal_metadata" WHERE "ar_internal_metadata"."key" = $1 ORDER BY "ar_internal_metadata"."key" ASC LIMIT 1[0m  [[nil, "environment"]]
  [1m[35m (0.2ms)[0m  [1m[34mSELECT pg_advisory_unlock(7864839756650184315)[0m
  [1m[36mActiveRecord::SchemaMigration Load (0.2ms)[0m  [1m[34mSELECT "schema_migrations"."version" FROM "schema_migrations" ORDER BY "schema_migrations"."version" ASC[0m
[dotenv] Loaded [33m.env[0m
Started GET "/" for 172.31.0.1 at 2024-06-28 20:13:36 +0000
Cannot render console from 172.31.0.1! Allowed networks: 127.0.0.0/127.255.255.255, ::1
  [1m[36mActiveRecord::SchemaMigration Load (0.4ms)[0m  [1m[34mSELECT "schema_migrations"."version" FROM "schema_migrations" ORDER BY "schema_migrations"."version" ASC[0m
Processing by PagesController#index as HTML
Completed 500 Internal Server Error in 2ms (ActiveRecord: 0.0ms | Allocations: 1389)


  
NameError (uninitialized constant PagesController::Faker):
  
app/controllers/pages_controller.rb:5:in `block in index'
app/controllers/pages_controller.rb:3:in `each'
app/controllers/pages_controller.rb:3:in `map'
app/controllers/pages_controller.rb:3:in `index'
Started GET "/" for 172.31.0.1 at 2024-06-28 20:18:33 +0000
Cannot render console from 172.31.0.1! Allowed networks: 127.0.0.0/127.255.255.255, ::1
Processing by PagesController#index as HTML
Completed 500 Internal Server Error in 0ms (ActiveRecord: 0.0ms | Allocations: 486)


  
NameError (uninitialized constant PagesController::Faker):
  
app/controllers/pages_controller.rb:5:in `block in index'
app/controllers/pages_controller.rb:3:in `each'
app/controllers/pages_controller.rb:3:in `map'
app/controllers/pages_controller.rb:3:in `index'
Started GET "/" for 172.31.0.1 at 2024-06-28 20:22:11 +0000
Cannot render console from 172.31.0.1! Allowed networks: 127.0.0.0/127.255.255.255, ::1
Processing by PagesController#index as HTML
  Rendering layout layouts/application.html.erb
  Rendering pages/index.html.erb within layouts/application
  Rendered pages/index.html.erb within layouts/application (Duration: 0.7ms | Allocations: 460)
  Rendered layout layouts/application.html.erb (Duration: 1.8ms | Allocations: 1065)
Completed 200 OK in 935ms (Views: 3.1ms | ActiveRecord: 0.0ms | Allocations: 985571)


[dotenv] Loaded [33m.env[0m
  [1m[35m (0.5ms)[0m  [1m[35mCREATE DATABASE "myapp_development" ENCODING = 'unicode'[0m
[dotenv] Loaded [33m.env[0m
  [1m[35m (0.1ms)[0m  [1m[34mSELECT pg_try_advisory_lock(7864839756650184315)[0m
  [1m[36mActiveRecord::SchemaMigration Load (1.4ms)[0m  [1m[34mSELECT "schema_migrations"."version" FROM "schema_migrations" ORDER BY "schema_migrations"."version" ASC[0m
  [1m[36mActiveRecord::InternalMetadata Load (1.0ms)[0m  [1m[34mSELECT * FROM "ar_internal_metadata" WHERE "ar_internal_metadata"."key" = $1 ORDER BY "ar_internal_metadata"."key" ASC LIMIT 1[0m  [[nil, "environment"]]
  [1m[35m (0.1ms)[0m  [1m[34mSELECT pg_advisory_unlock(7864839756650184315)[0m
  [1m[36mActiveRecord::SchemaMigration Load (0.2ms)[0m  [1m[34mSELECT "schema_migrations"."version" FROM "schema_migrations" ORDER BY "schema_migrations"."version" ASC[0m
[dotenv] Loaded [33m.env[0m
Started GET "/" for 172.31.0.1 at 2024-06-30 06:45:04 +0000
Cannot render console from 172.31.0.1! Allowed networks: 127.0.0.0/127.255.255.255, ::1
  [1m[36mActiveRecord::SchemaMigration Load (0.6ms)[0m  [1m[34mSELECT "schema_migrations"."version" FROM "schema_migrations" ORDER BY "schema_migrations"."version" ASC[0m
Processing by PagesController#index as HTML
  Rendering layout layouts/application.html.erb
  Rendering pages/index.html.erb within layouts/application
  Rendered pages/index.html.erb within layouts/application (Duration: 0.7ms | Allocations: 580)
  Rendered layout layouts/application.html.erb (Duration: 2.5ms | Allocations: 1204)
Completed 200 OK in 217ms (Views: 6.5ms | ActiveRecord: 0.0ms | Allocations: 296414)


Started GET "/" for 172.31.0.1 at 2024-06-30 06:59:45 +0000
Cannot render console from 172.31.0.1! Allowed networks: 127.0.0.0/127.255.255.255, ::1
Processing by PagesController#index as HTML
  Rendering layout layouts/application.html.erb
  Rendering pages/index.html.erb within layouts/application
  Rendered pages/index.html.erb within layouts/application (Duration: 1.6ms | Allocations: 1654)
  Rendered layout layouts/application.html.erb (Duration: 1.7ms | Allocations: 1740)
Completed 500 Internal Server Error in 6ms (ActiveRecord: 0.0ms | Allocations: 13068)


  
ActionView::Template::Error (undefined method `each' for nil):
    2:   <h1 class="mb-4">ラーメン屋リスト</h1>
    3: 
    4:   <div class="row row-cols-1 row-cols-md-2 row-cols-lg-4 g-4">
    5:     <% @shops.each do |shop| %>
    6:       <div class="col">
    7:         <div class="card h-100 shadow">
    8:           <% if shop.image.attached? %>
  
app/views/pages/index.html.erb:5
Started GET "/" for 172.31.0.1 at 2024-06-30 07:02:18 +0000
Cannot render console from 172.31.0.1! Allowed networks: 127.0.0.0/127.255.255.255, ::1
Processing by PagesController#index as HTML
  Rendering layout layouts/application.html.erb
  Rendering pages/index.html.erb within layouts/application
  Rendered pages/index.html.erb within layouts/application (Duration: 1.0ms | Allocations: 740)
  Rendered layout layouts/application.html.erb (Duration: 2.1ms | Allocations: 1225)
Completed 200 OK in 7ms (Views: 3.5ms | ActiveRecord: 0.0ms | Allocations: 12546)


Started GET "/" for 172.31.0.1 at 2024-06-30 07:03:29 +0000
Cannot render console from 172.31.0.1! Allowed networks: 127.0.0.0/127.255.255.255, ::1
Processing by PagesController#index as HTML
  Rendering layout layouts/application.html.erb
  Rendering pages/index.html.erb within layouts/application
  Rendered pages/index.html.erb within layouts/application (Duration: 0.8ms | Allocations: 722)
  Rendered layout layouts/application.html.erb (Duration: 330.7ms | Allocations: 41610)
Completed 500 Internal Server Error in 337ms (ActiveRecord: 0.0ms | Allocations: 52922)


  
ActionView::Template::Error (undefined method `javascript_pack_tag' for an instance of #<Class:0x00007f03ca4fabf8>):
     7: 
     8:     <link href="https://cdn.jsdelivr.net/npm/bootstrap@5.3.0-alpha1/dist/css/bootstrap.min.css" rel="stylesheet">
     9:     <%= stylesheet_link_tag 'application', media: 'all', 'data-turbolinks-track': 'reload' %>
    10:     <%= javascript_pack_tag 'application', 'data-turbolinks-track': 'reload' %>
    11:   </head>
    12: 
    13:   <body class="bg-light">
  
app/views/layouts/application.html.erb:10
Started GET "/" for 172.31.0.1 at 2024-06-30 07:06:06 +0000
Cannot render console from 172.31.0.1! Allowed networks: 127.0.0.0/127.255.255.255, ::1
Processing by PagesController#index as HTML
  Rendering layout layouts/application.html.erb
  Rendering pages/index.html.erb within layouts/application
  Rendered pages/index.html.erb within layouts/application (Duration: 0.7ms | Allocations: 719)
  Rendered layout layouts/application.html.erb (Duration: 45.9ms | Allocations: 29527)
Completed 500 Internal Server Error in 50ms (ActiveRecord: 0.0ms | Allocations: 40837)


  
ActionView::Template::Error (Asset `application.js` was not declared to be precompiled in production.
Declare links to your assets in `app/assets/config/manifest.js`.

  //= link application.js

and restart your server):
    14:   <%= yield %>
    15:   <!-- Bootstrap JS CDN -->
    16:   <script src="https://cdn.jsdelivr.net/npm/bootstrap@5.3.0-alpha1/dist/js/bootstrap.bundle.min.js"></script>
    17:   <%= javascript_include_tag 'application' %>
    18: </body>
    19: </html>
  
app/views/layouts/application.html.erb:17
Started GET "/" for 172.31.0.1 at 2024-06-30 07:07:50 +0000
Cannot render console from 172.31.0.1! Allowed networks: 127.0.0.0/127.255.255.255, ::1
Processing by PagesController#index as HTML
  Rendering layout layouts/application.html.erb
  Rendering pages/index.html.erb within layouts/application
  Rendered pages/index.html.erb within layouts/application (Duration: 0.3ms | Allocations: 428)
  Rendered layout layouts/application.html.erb (Duration: 39.2ms | Allocations: 30414)
Completed 200 OK in 42ms (Views: 39.6ms | ActiveRecord: 0.0ms | Allocations: 40915)


Started GET "/" for 172.31.0.1 at 2024-06-30 07:12:16 +0000
Cannot render console from 172.31.0.1! Allowed networks: 127.0.0.0/127.255.255.255, ::1
Processing by PagesController#index as HTML
  Rendering layout layouts/application.html.erb
  Rendering pages/index.html.erb within layouts/application
  Rendered pages/index.html.erb within layouts/application (Duration: 0.5ms | Allocations: 468)
  Rendered layout layouts/application.html.erb (Duration: 3.5ms | Allocations: 2677)
Completed 200 OK in 8ms (Views: 4.5ms | ActiveRecord: 0.0ms | Allocations: 13998)


Started GET "/" for 172.31.0.1 at 2024-06-30 07:15:03 +0000
Cannot render console from 172.31.0.1! Allowed networks: 127.0.0.0/127.255.255.255, ::1
Processing by PagesController#index as HTML
  Rendering layout layouts/application.html.erb
  Rendering pages/index.html.erb within layouts/application
  Rendered pages/index.html.erb within layouts/application (Duration: 2.6ms | Allocations: 462)
  Rendered layout layouts/application.html.erb (Duration: 8.4ms | Allocations: 2693)
Completed 200 OK in 33ms (Views: 10.0ms | ActiveRecord: 0.0ms | Allocations: 14013)


Started GET "/" for 172.31.0.1 at 2024-06-30 07:20:02 +0000
Cannot render console from 172.31.0.1! Allowed networks: 127.0.0.0/127.255.255.255, ::1
Processing by PagesController#index as HTML
  Rendering layout layouts/application.html.erb
  Rendering pages/index.html.erb within layouts/application
  Rendered pages/index.html.erb within layouts/application (Duration: 0.2ms | Allocations: 218)
  Rendered layout layouts/application.html.erb (Duration: 3.3ms | Allocations: 2213)
Completed 200 OK in 8ms (Views: 3.7ms | ActiveRecord: 0.0ms | Allocations: 12712)


Started GET "/" for 172.31.0.1 at 2024-06-30 07:21:24 +0000
Cannot render console from 172.31.0.1! Allowed networks: 127.0.0.0/127.255.255.255, ::1
Processing by PagesController#index as HTML
  Rendering layout layouts/application.html.erb
  Rendering pages/index.html.erb within layouts/application
  Rendered pages/index.html.erb within layouts/application (Duration: 0.7ms | Allocations: 470)
  Rendered layout layouts/application.html.erb (Duration: 2.9ms | Allocations: 2686)
Completed 200 OK in 8ms (Views: 3.8ms | ActiveRecord: 0.0ms | Allocations: 14008)


Started GET "/" for 172.31.0.1 at 2024-06-30 07:23:29 +0000
Cannot render console from 172.31.0.1! Allowed networks: 127.0.0.0/127.255.255.255, ::1
Processing by PagesController#index as HTML
  Rendering layout layouts/application.html.erb
  Rendering pages/index.html.erb within layouts/application
  Rendered pages/index.html.erb within layouts/application (Duration: 0.6ms | Allocations: 473)
  Rendered layout layouts/application.html.erb (Duration: 4.1ms | Allocations: 2698)
Completed 200 OK in 9ms (Views: 5.4ms | ActiveRecord: 0.0ms | Allocations: 14017)


Started GET "/" for 172.31.0.1 at 2024-06-30 07:41:57 +0000
Cannot render console from 172.31.0.1! Allowed networks: 127.0.0.0/127.255.255.255, ::1
Processing by PagesController#index as HTML
  Rendering layout layouts/application.html.erb
  Rendering pages/index.html.erb within layouts/application
  Rendered pages/index.html.erb within layouts/application (Duration: 0.5ms | Allocations: 472)
  Rendered layout layouts/application.html.erb (Duration: 13.7ms | Allocations: 4238)
Completed 200 OK in 19ms (Views: 14.7ms | ActiveRecord: 0.0ms | Allocations: 15556)


Started GET "/" for 172.31.0.1 at 2024-06-30 07:43:57 +0000
Cannot render console from 172.31.0.1! Allowed networks: 127.0.0.0/127.255.255.255, ::1
Processing by PagesController#index as HTML
  Rendering layout layouts/application.html.erb
  Rendering pages/index.html.erb within layouts/application
  Rendered pages/index.html.erb within layouts/application (Duration: 0.6ms | Allocations: 517)
  Rendered layout layouts/application.html.erb (Duration: 2.3ms | Allocations: 2076)
Completed 200 OK in 7ms (Views: 3.1ms | ActiveRecord: 0.0ms | Allocations: 13397)


Started GET "/" for 172.31.0.1 at 2024-06-30 07:45:43 +0000
Cannot render console from 172.31.0.1! Allowed networks: 127.0.0.0/127.255.255.255, ::1
Processing by PagesController#index as HTML
  Rendering layout layouts/application.html.erb
  Rendering pages/index.html.erb within layouts/application
  Rendered pages/index.html.erb within layouts/application (Duration: 0.7ms | Allocations: 513)
  Rendered layout layouts/application.html.erb (Duration: 2.3ms | Allocations: 2039)
Completed 200 OK in 7ms (Views: 3.1ms | ActiveRecord: 0.0ms | Allocations: 13358)


Started GET "/" for 172.31.0.1 at 2024-06-30 07:50:59 +0000
Cannot render console from 172.31.0.1! Allowed networks: 127.0.0.0/127.255.255.255, ::1
Processing by PagesController#index as HTML
  Rendering layout layouts/application.html.erb
  Rendering pages/index.html.erb within layouts/application
  Rendered pages/index.html.erb within layouts/application (Duration: 0.5ms | Allocations: 423)
  Rendered layout layouts/application.html.erb (Duration: 3.2ms | Allocations: 1681)
Completed 200 OK in 7ms (Views: 3.9ms | ActiveRecord: 0.0ms | Allocations: 12999)


Started GET "/" for 172.31.0.1 at 2024-06-30 07:51:08 +0000
Cannot render console from 172.31.0.1! Allowed networks: 127.0.0.0/127.255.255.255, ::1
Processing by PagesController#index as HTML
  Rendering layout layouts/application.html.erb
  Rendering pages/index.html.erb within layouts/application
  Rendered pages/index.html.erb within layouts/application (Duration: 0.5ms | Allocations: 517)
  Rendered layout layouts/application.html.erb (Duration: 2.2ms | Allocations: 1791)
Completed 200 OK in 7ms (Views: 3.1ms | ActiveRecord: 0.0ms | Allocations: 13113)


Started GET "/" for 172.31.0.1 at 2024-06-30 07:51:17 +0000
Cannot render console from 172.31.0.1! Allowed networks: 127.0.0.0/127.255.255.255, ::1
Processing by PagesController#index as HTML
  Rendering layout layouts/application.html.erb
  Rendering pages/index.html.erb within layouts/application
  Rendered pages/index.html.erb within layouts/application (Duration: 0.3ms | Allocations: 218)
  Rendered layout layouts/application.html.erb (Duration: 1.5ms | Allocations: 1257)
Completed 200 OK in 5ms (Views: 1.8ms | ActiveRecord: 0.0ms | Allocations: 11748)


Started GET "/" for 172.31.0.1 at 2024-06-30 10:10:36 +0000
Cannot render console from 172.31.0.1! Allowed networks: 127.0.0.0/127.255.255.255, ::1
Processing by PagesController#index as HTML
  Rendering layout layouts/application.html.erb
  Rendering pages/index.html.erb within layouts/application
  Rendered pages/index.html.erb within layouts/application (Duration: 0.2ms | Allocations: 218)
  Rendered layout layouts/application.html.erb (Duration: 3.8ms | Allocations: 1257)
Completed 200 OK in 7ms (Views: 4.2ms | ActiveRecord: 0.0ms | Allocations: 11748)


Started GET "/" for 172.31.0.1 at 2024-06-30 11:59:00 +0000
Cannot render console from 172.31.0.1! Allowed networks: 127.0.0.0/127.255.255.255, ::1
Processing by PagesController#index as HTML
  Rendering layout layouts/application.html.erb
  Rendering pages/index.html.erb within layouts/application
  Rendered pages/index.html.erb within layouts/application (Duration: 0.2ms | Allocations: 218)
  Rendered layout layouts/application.html.erb (Duration: 2.8ms | Allocations: 1256)
Completed 200 OK in 6ms (Views: 3.1ms | ActiveRecord: 0.0ms | Allocations: 11747)


Started GET "/" for 172.31.0.1 at 2024-06-30 15:54:27 +0000
Cannot render console from 172.31.0.1! Allowed networks: 127.0.0.0/127.255.255.255, ::1
Processing by PagesController#index as HTML
  Rendering layout layouts/application.html.erb
  Rendering pages/index.html.erb within layouts/application
  Rendered pages/index.html.erb within layouts/application (Duration: 0.5ms | Allocations: 425)
  Rendered layout layouts/application.html.erb (Duration: 3.3ms | Allocations: 1727)
Completed 200 OK in 7ms (Views: 4.1ms | ActiveRecord: 0.0ms | Allocations: 13050)


Started GET "/" for 172.31.0.1 at 2024-06-30 15:57:28 +0000
Cannot render console from 172.31.0.1! Allowed networks: 127.0.0.0/127.255.255.255, ::1
Processing by PagesController#index as HTML
  Rendering layout layouts/application.html.erb
  Rendering pages/index.html.erb within layouts/application
  Rendered pages/index.html.erb within layouts/application (Duration: 0.5ms | Allocations: 415)
  Rendered layout layouts/application.html.erb (Duration: 1.0ms | Allocations: 734)
Completed 200 OK in 5ms (Views: 1.7ms | ActiveRecord: 0.0ms | Allocations: 12052)


Started GET "/" for 172.31.0.1 at 2024-06-30 16:00:26 +0000
Cannot render console from 172.31.0.1! Allowed networks: 127.0.0.0/127.255.255.255, ::1
Processing by PagesController#index as HTML
  Rendering layout layouts/application.html.erb
  Rendering pages/index.html.erb within layouts/application
  Rendered pages/index.html.erb within layouts/application (Duration: 0.5ms | Allocations: 423)
  Rendered layout layouts/application.html.erb (Duration: 1.2ms | Allocations: 760)
Completed 200 OK in 6ms (Views: 1.9ms | ActiveRecord: 0.0ms | Allocations: 12082)


Started GET "/" for 172.31.0.1 at 2024-06-30 17:20:35 +0000
Cannot render console from 172.31.0.1! Allowed networks: 127.0.0.0/127.255.255.255, ::1
Processing by PagesController#index as HTML
  Rendering layout layouts/application.html.erb
  Rendering pages/index.html.erb within layouts/application
  Rendered pages/index.html.erb within layouts/application (Duration: 0.2ms | Allocations: 218)
  Rendered layout layouts/application.html.erb (Duration: 0.3ms | Allocations: 313)
Completed 200 OK in 4ms (Views: 0.6ms | ActiveRecord: 0.0ms | Allocations: 10804)


Started GET "/" for 172.31.0.1 at 2024-06-30 20:27:25 +0000
Cannot render console from 172.31.0.1! Allowed networks: 127.0.0.0/127.255.255.255, ::1
Processing by PagesController#index as HTML
  Rendering layout layouts/application.html.erb
  Rendering pages/index.html.erb within layouts/application
  Rendered pages/index.html.erb within layouts/application (Duration: 0.1ms | Allocations: 218)
  Rendered layout layouts/application.html.erb (Duration: 0.3ms | Allocations: 313)
Completed 200 OK in 4ms (Views: 0.6ms | ActiveRecord: 0.0ms | Allocations: 10805)


Started GET "/" for 172.31.0.1 at 2024-06-30 20:37:52 +0000
Cannot render console from 172.31.0.1! Allowed networks: 127.0.0.0/127.255.255.255, ::1
Processing by PagesController#index as HTML
  Rendering layout layouts/application.html.erb
  Rendering pages/index.html.erb within layouts/application
  Rendered pages/index.html.erb within layouts/application (Duration: 0.6ms | Allocations: 606)
  Rendered layout layouts/application.html.erb (Duration: 1.1ms | Allocations: 941)
Completed 200 OK in 5ms (Views: 2.1ms | ActiveRecord: 0.0ms | Allocations: 12263)


Started GET "/" for 172.31.0.1 at 2024-06-30 20:41:17 +0000
Cannot render console from 172.31.0.1! Allowed networks: 127.0.0.0/127.255.255.255, ::1
Processing by PagesController#index as HTML
  Rendering layout layouts/application.html.erb
  Rendering pages/index.html.erb within layouts/application
  Rendered pages/index.html.erb within layouts/application (Duration: 0.5ms | Allocations: 707)
  Rendered layout layouts/application.html.erb (Duration: 1.0ms | Allocations: 1042)
Completed 200 OK in 4ms (Views: 1.8ms | ActiveRecord: 0.0ms | Allocations: 12360)


Started GET "/" for 172.31.0.1 at 2024-06-30 20:41:28 +0000
Cannot render console from 172.31.0.1! Allowed networks: 127.0.0.0/127.255.255.255, ::1
Processing by PagesController#index as HTML
  Rendering layout layouts/application.html.erb
  Rendering pages/index.html.erb within layouts/application
  Rendered pages/index.html.erb within layouts/application (Duration: 0.2ms | Allocations: 258)
  Rendered layout layouts/application.html.erb (Duration: 0.3ms | Allocations: 353)
Completed 200 OK in 3ms (Views: 0.6ms | ActiveRecord: 0.0ms | Allocations: 10844)


Started GET "/" for 172.31.0.1 at 2024-06-30 20:41:29 +0000
Cannot render console from 172.31.0.1! Allowed networks: 127.0.0.0/127.255.255.255, ::1
Processing by PagesController#index as HTML
  Rendering layout layouts/application.html.erb
  Rendering pages/index.html.erb within layouts/application
  Rendered pages/index.html.erb within layouts/application (Duration: 0.2ms | Allocations: 258)
  Rendered layout layouts/application.html.erb (Duration: 0.3ms | Allocations: 353)
Completed 200 OK in 3ms (Views: 0.6ms | ActiveRecord: 0.0ms | Allocations: 10844)


Started GET "/" for 172.31.0.1 at 2024-06-30 20:41:30 +0000
Cannot render console from 172.31.0.1! Allowed networks: 127.0.0.0/127.255.255.255, ::1
Processing by PagesController#index as HTML
  Rendering layout layouts/application.html.erb
  Rendering pages/index.html.erb within layouts/application
  Rendered pages/index.html.erb within layouts/application (Duration: 0.3ms | Allocations: 258)
  Rendered layout layouts/application.html.erb (Duration: 0.4ms | Allocations: 353)
Completed 200 OK in 3ms (Views: 0.8ms | ActiveRecord: 0.0ms | Allocations: 10844)


Started GET "/" for 172.31.0.1 at 2024-06-30 20:43:35 +0000
Cannot render console from 172.31.0.1! Allowed networks: 127.0.0.0/127.255.255.255, ::1
Processing by PagesController#index as HTML
  Rendering layout layouts/application.html.erb
  Rendering pages/index.html.erb within layouts/application
  Rendered pages/index.html.erb within layouts/application (Duration: 0.7ms | Allocations: 702)
  Rendered layout layouts/application.html.erb (Duration: 1.2ms | Allocations: 1037)
Completed 200 OK in 6ms (Views: 2.3ms | ActiveRecord: 0.0ms | Allocations: 12359)


Started GET "/" for 172.31.0.1 at 2024-06-30 20:45:58 +0000
Cannot render console from 172.31.0.1! Allowed networks: 127.0.0.0/127.255.255.255, ::1
Processing by PagesController#index as HTML
  Rendering layout layouts/application.html.erb
  Rendering pages/index.html.erb within layouts/application
  Rendered pages/index.html.erb within layouts/application (Duration: 0.9ms | Allocations: 700)
  Rendered layout layouts/application.html.erb (Duration: 1.4ms | Allocations: 1035)
Completed 200 OK in 5ms (Views: 2.2ms | ActiveRecord: 0.0ms | Allocations: 12353)


Started GET "/" for 172.31.0.1 at 2024-06-30 20:48:59 +0000
Cannot render console from 172.31.0.1! Allowed networks: 127.0.0.0/127.255.255.255, ::1
  
SyntaxError (/app/app/controllers/pages_controller.rb:9: syntax error, unexpected local variable or method, expecting ')'
        genre: ['濃厚', '淡麗', 'つ...
        ^~~~~
/app/app/controllers/pages_controller.rb:13: syntax error, unexpected `end'):
  
app/controllers/pages_controller.rb:9: syntax error, unexpected local variable or method, expecting ')'
app/controllers/pages_controller.rb:13: syntax error, unexpected `end'
Started GET "/" for 172.31.0.1 at 2024-06-30 20:50:05 +0000
Cannot render console from 172.31.0.1! Allowed networks: 127.0.0.0/127.255.255.255, ::1
  
SyntaxError (/app/app/controllers/pages_controller.rb:9: syntax error, unexpected local variable or method, expecting ')'
        genre: ['濃厚', '淡麗', 'つ...
        ^~~~~
/app/app/controllers/pages_controller.rb:13: syntax error, unexpected `end'):
  
app/controllers/pages_controller.rb:9: syntax error, unexpected local variable or method, expecting ')'
app/controllers/pages_controller.rb:13: syntax error, unexpected `end'
Started GET "/" for 172.31.0.1 at 2024-06-30 20:52:11 +0000
Cannot render console from 172.31.0.1! Allowed networks: 127.0.0.0/127.255.255.255, ::1
Processing by PagesController#index as HTML
  Rendering layout layouts/application.html.erb
  Rendering pages/index.html.erb within layouts/application
  Rendered pages/index.html.erb within layouts/application (Duration: 0.6ms | Allocations: 700)
  Rendered layout layouts/application.html.erb (Duration: 1.1ms | Allocations: 1037)
Completed 200 OK in 5ms (Views: 2.0ms | ActiveRecord: 0.0ms | Allocations: 12600)


Started GET "/" for 172.31.0.1 at 2024-06-30 20:55:31 +0000
Cannot render console from 172.31.0.1! Allowed networks: 127.0.0.0/127.255.255.255, ::1
Processing by PagesController#index as HTML
  Rendering layout layouts/application.html.erb
  Rendering pages/index.html.erb within layouts/application
  Rendered pages/index.html.erb within layouts/application (Duration: 0.7ms | Allocations: 570)
  Rendered layout layouts/application.html.erb (Duration: 1.2ms | Allocations: 905)
Completed 200 OK in 5ms (Views: 1.9ms | ActiveRecord: 0.0ms | Allocations: 12463)


Started GET "/" for 172.31.0.1 at 2024-06-30 20:57:41 +0000
Cannot render console from 172.31.0.1! Allowed networks: 127.0.0.0/127.255.255.255, ::1
Processing by PagesController#index as HTML
  Rendering layout layouts/application.html.erb
  Rendering pages/index.html.erb within layouts/application
  Rendered pages/index.html.erb within layouts/application (Duration: 0.8ms | Allocations: 640)
  Rendered layout layouts/application.html.erb (Duration: 1.3ms | Allocations: 977)
Completed 200 OK in 6ms (Views: 2.1ms | ActiveRecord: 0.0ms | Allocations: 12541)


Started GET "/" for 172.31.0.1 at 2024-06-30 20:57:51 +0000
Cannot render console from 172.31.0.1! Allowed networks: 127.0.0.0/127.255.255.255, ::1
Processing by PagesController#index as HTML
  Rendering layout layouts/application.html.erb
  Rendering pages/index.html.erb within layouts/application
  Rendered pages/index.html.erb within layouts/application (Duration: 0.2ms | Allocations: 248)
  Rendered layout layouts/application.html.erb (Duration: 0.3ms | Allocations: 343)
Completed 200 OK in 4ms (Views: 0.6ms | ActiveRecord: 0.0ms | Allocations: 11074)


Started GET "/" for 172.31.0.1 at 2024-06-30 21:00:35 +0000
Cannot render console from 172.31.0.1! Allowed networks: 127.0.0.0/127.255.255.255, ::1
Processing by PagesController#index as HTML
  Rendering layout layouts/application.html.erb
  Rendering pages/index.html.erb within layouts/application
  Rendered pages/index.html.erb within layouts/application (Duration: 0.6ms | Allocations: 627)
  Rendered layout layouts/application.html.erb (Duration: 1.2ms | Allocations: 963)
Completed 200 OK in 7ms (Views: 2.0ms | ActiveRecord: 0.0ms | Allocations: 12523)


Started GET "/" for 172.31.0.1 at 2024-06-30 21:05:42 +0000
Cannot render console from 172.31.0.1! Allowed networks: 127.0.0.0/127.255.255.255, ::1
Processing by PagesController#index as HTML
  Rendering layout layouts/application.html.erb
  Rendering pages/index.html.erb within layouts/application
  Rendered pages/index.html.erb within layouts/application (Duration: 0.2ms | Allocations: 248)
  Rendered layout layouts/application.html.erb (Duration: 0.5ms | Allocations: 351)
Completed 200 OK in 3ms (Views: 0.9ms | ActiveRecord: 0.0ms | Allocations: 11089)


Started GET "/" for 172.31.0.1 at 2024-06-30 21:07:20 +0000
Cannot render console from 172.31.0.1! Allowed networks: 127.0.0.0/127.255.255.255, ::1
Processing by PagesController#index as HTML
  Rendering layout layouts/application.html.erb
  Rendering pages/index.html.erb within layouts/application
  Rendered pages/index.html.erb within layouts/application (Duration: 0.7ms | Allocations: 626)
  Rendered layout layouts/application.html.erb (Duration: 1.1ms | Allocations: 963)
Completed 200 OK in 6ms (Views: 2.5ms | ActiveRecord: 0.0ms | Allocations: 12528)


Started GET "/" for 172.31.0.1 at 2024-06-30 21:11:44 +0000
Cannot render console from 172.31.0.1! Allowed networks: 127.0.0.0/127.255.255.255, ::1
Processing by PagesController#index as HTML
  Rendering layout layouts/application.html.erb
  Rendering pages/index.html.erb within layouts/application
  Rendered pages/index.html.erb within layouts/application (Duration: 0.6ms | Allocations: 512)
  Rendered layout layouts/application.html.erb (Duration: 4.0ms | Allocations: 2126)
Completed 200 OK in 9ms (Views: 4.8ms | ActiveRecord: 0.0ms | Allocations: 13687)


Started GET "/" for 172.31.0.1 at 2024-06-30 21:12:26 +0000
Cannot render console from 172.31.0.1! Allowed networks: 127.0.0.0/127.255.255.255, ::1
Processing by PagesController#index as HTML
  Rendering layout layouts/application.html.erb
  Rendering pages/index.html.erb within layouts/application
  Rendered pages/index.html.erb within layouts/application (Duration: 0.8ms | Allocations: 615)
  Rendered layout layouts/application.html.erb (Duration: 4.2ms | Allocations: 2195)
Completed 200 OK in 8ms (Views: 5.3ms | ActiveRecord: 0.0ms | Allocations: 13754)


Started GET "/" for 172.31.0.1 at 2024-06-30 21:12:33 +0000
Cannot render console from 172.31.0.1! Allowed networks: 127.0.0.0/127.255.255.255, ::1
Processing by PagesController#index as HTML
  Rendering layout layouts/application.html.erb
  Rendering pages/index.html.erb within layouts/application
  Rendered pages/index.html.erb within layouts/application (Duration: 0.6ms | Allocations: 619)
  Rendered layout layouts/application.html.erb (Duration: 1.1ms | Allocations: 955)
Completed 200 OK in 5ms (Views: 1.8ms | ActiveRecord: 0.0ms | Allocations: 12519)


Started GET "/" for 172.31.0.1 at 2024-06-30 21:12:38 +0000
Cannot render console from 172.31.0.1! Allowed networks: 127.0.0.0/127.255.255.255, ::1
Processing by PagesController#index as HTML
  Rendering layout layouts/application.html.erb
  Rendering pages/index.html.erb within layouts/application
  Rendered pages/index.html.erb within layouts/application (Duration: 0.2ms | Allocations: 248)
  Rendered layout layouts/application.html.erb (Duration: 0.3ms | Allocations: 343)
Completed 200 OK in 3ms (Views: 0.6ms | ActiveRecord: 0.0ms | Allocations: 11074)


Started GET "/" for 172.31.0.1 at 2024-06-30 21:13:14 +0000
Cannot render console from 172.31.0.1! Allowed networks: 127.0.0.0/127.255.255.255, ::1
Processing by PagesController#index as HTML
  Rendering layout layouts/application.html.erb
  Rendering pages/index.html.erb within layouts/application
  Rendered pages/index.html.erb within layouts/application (Duration: 1.2ms | Allocations: 512)
  Rendered layout layouts/application.html.erb (Duration: 5.9ms | Allocations: 2123)
Completed 200 OK in 31ms (Views: 8.7ms | ActiveRecord: 0.0ms | Allocations: 13683)


Started GET "/" for 172.31.0.1 at 2024-06-30 21:17:11 +0000
Cannot render console from 172.31.0.1! Allowed networks: 127.0.0.0/127.255.255.255, ::1
Processing by PagesController#index as HTML
  Rendering layout layouts/application.html.erb
  Rendering pages/index.html.erb within layouts/application
  Rendered pages/index.html.erb within layouts/application (Duration: 0.6ms | Allocations: 509)
  Rendered layout layouts/application.html.erb (Duration: 2.3ms | Allocations: 2144)
Completed 200 OK in 6ms (Views: 3.1ms | ActiveRecord: 0.0ms | Allocations: 13707)


Started GET "/" for 172.31.0.1 at 2024-06-30 21:20:05 +0000
Cannot render console from 172.31.0.1! Allowed networks: 127.0.0.0/127.255.255.255, ::1
Processing by PagesController#index as HTML
  Rendering layout layouts/application.html.erb
  Rendering pages/index.html.erb within layouts/application
  Rendered pages/index.html.erb within layouts/application (Duration: 0.9ms | Allocations: 508)
  Rendered layout layouts/application.html.erb (Duration: 2.8ms | Allocations: 2151)
Completed 200 OK in 7ms (Views: 3.8ms | ActiveRecord: 0.0ms | Allocations: 13712)


Started GET "/" for 172.31.0.1 at 2024-06-30 21:23:51 +0000
Cannot render console from 172.31.0.1! Allowed networks: 127.0.0.0/127.255.255.255, ::1
Processing by PagesController#index as HTML
  Rendering layout layouts/application.html.erb
  Rendering pages/index.html.erb within layouts/application
  Rendered pages/index.html.erb within layouts/application (Duration: 0.7ms | Allocations: 513)
  Rendered layout layouts/application.html.erb (Duration: 2.9ms | Allocations: 2175)
Completed 200 OK in 9ms (Views: 3.7ms | ActiveRecord: 0.0ms | Allocations: 13739)


Started GET "/" for 172.31.0.1 at 2024-06-30 21:24:34 +0000
Cannot render console from 172.31.0.1! Allowed networks: 127.0.0.0/127.255.255.255, ::1
Processing by PagesController#index as HTML
  Rendering layout layouts/application.html.erb
  Rendering pages/index.html.erb within layouts/application
  Rendered pages/index.html.erb within layouts/application (Duration: 0.5ms | Allocations: 507)
  Rendered layout layouts/application.html.erb (Duration: 1.1ms | Allocations: 862)
Completed 200 OK in 5ms (Views: 1.8ms | ActiveRecord: 0.0ms | Allocations: 12425)


Started GET "/" for 172.31.0.1 at 2024-06-30 21:27:47 +0000
Cannot render console from 172.31.0.1! Allowed networks: 127.0.0.0/127.255.255.255, ::1
Processing by PagesController#index as HTML
  Rendering layout layouts/application.html.erb
  Rendering pages/index.html.erb within layouts/application
  Rendered pages/index.html.erb within layouts/application (Duration: 0.2ms | Allocations: 248)
  Rendered layout layouts/application.html.erb (Duration: 0.5ms | Allocations: 351)
Completed 200 OK in 4ms (Views: 0.9ms | ActiveRecord: 0.0ms | Allocations: 11089)


Started GET "/" for 172.31.0.1 at 2024-06-30 21:37:44 +0000
Cannot render console from 172.31.0.1! Allowed networks: 127.0.0.0/127.255.255.255, ::1
Processing by PagesController#index as HTML
  Rendering layout layouts/application.html.erb
  Rendering pages/index.html.erb within layouts/application
  Rendered pages/index.html.erb within layouts/application (Duration: 0.5ms | Allocations: 248)
  Rendered layout layouts/application.html.erb (Duration: 0.7ms | Allocations: 343)
Completed 200 OK in 4ms (Views: 1.0ms | ActiveRecord: 0.0ms | Allocations: 11074)


[dotenv] Loaded [33m.env[0m
  [1m[35m (2.0ms)[0m  [1m[35mCREATE DATABASE "myapp_development" ENCODING = 'unicode'[0m
[dotenv] Loaded [33m.env[0m
  [1m[35m (0.1ms)[0m  [1m[34mSELECT pg_try_advisory_lock(7864839756650184315)[0m
  [1m[36mActiveRecord::SchemaMigration Load (1.4ms)[0m  [1m[34mSELECT "schema_migrations"."version" FROM "schema_migrations" ORDER BY "schema_migrations"."version" ASC[0m
  [1m[36mActiveRecord::InternalMetadata Load (0.9ms)[0m  [1m[34mSELECT * FROM "ar_internal_metadata" WHERE "ar_internal_metadata"."key" = $1 ORDER BY "ar_internal_metadata"."key" ASC LIMIT 1[0m  [[nil, "environment"]]
  [1m[35m (0.1ms)[0m  [1m[34mSELECT pg_advisory_unlock(7864839756650184315)[0m
  [1m[36mActiveRecord::SchemaMigration Load (0.1ms)[0m  [1m[34mSELECT "schema_migrations"."version" FROM "schema_migrations" ORDER BY "schema_migrations"."version" ASC[0m
[dotenv] Loaded [33m.env[0m
Started GET "/" for 172.21.0.1 at 2024-07-01 17:54:41 +0000
Cannot render console from 172.21.0.1! Allowed networks: 127.0.0.0/127.255.255.255, ::1
  [1m[36mActiveRecord::SchemaMigration Load (0.3ms)[0m  [1m[34mSELECT "schema_migrations"."version" FROM "schema_migrations" ORDER BY "schema_migrations"."version" ASC[0m
Processing by PagesController#index as HTML
  Rendering layout layouts/application.html.erb
  Rendering pages/index.html.erb within layouts/application
  Rendered pages/index.html.erb within layouts/application (Duration: 0.8ms | Allocations: 667)
  Rendered layout layouts/application.html.erb (Duration: 1.4ms | Allocations: 1065)
Completed 200 OK in 204ms (Views: 4.4ms | ActiveRecord: 0.0ms | Allocations: 296583)


Started GET "/" for 172.21.0.1 at 2024-07-01 18:04:49 +0000
Cannot render console from 172.21.0.1! Allowed networks: 127.0.0.0/127.255.255.255, ::1
Processing by PagesController#index as HTML
  Rendering layout layouts/application.html.erb
  Rendering pages/index.html.erb within layouts/application
  Rendered pages/index.html.erb within layouts/application (Duration: 0.5ms | Allocations: 507)
  Rendered layout layouts/application.html.erb (Duration: 1.1ms | Allocations: 861)
Completed 200 OK in 6ms (Views: 2.2ms | ActiveRecord: 0.0ms | Allocations: 12422)


Started GET "/" for 172.21.0.1 at 2024-07-01 18:07:30 +0000
Cannot render console from 172.21.0.1! Allowed networks: 127.0.0.0/127.255.255.255, ::1
Processing by PagesController#index as HTML
  Rendering layout layouts/application.html.erb
  Rendering pages/index.html.erb within layouts/application
  Rendered pages/index.html.erb within layouts/application (Duration: 1.4ms | Allocations: 1030)
  Rendered layout layouts/application.html.erb (Duration: 2.2ms | Allocations: 1384)
Completed 200 OK in 7ms (Views: 3.3ms | ActiveRecord: 0.0ms | Allocations: 12944)


Started GET "/shoplist/Id%20molestiae%20unde%20aspernatur." for 172.21.0.1 at 2024-07-01 18:07:32 +0000
Cannot render console from 172.21.0.1! Allowed networks: 127.0.0.0/127.255.255.255, ::1
  
ActionController::RoutingError (No route matches [GET] "/shoplist/Id%20molestiae%20unde%20aspernatur."):
  
Started GET "/" for 172.21.0.1 at 2024-07-01 18:10:18 +0000
Cannot render console from 172.21.0.1! Allowed networks: 127.0.0.0/127.255.255.255, ::1
Processing by PagesController#index as HTML
  Rendering layout layouts/application.html.erb
  Rendering pages/index.html.erb within layouts/application
  Rendered pages/index.html.erb within layouts/application (Duration: 1.0ms | Allocations: 810)
  Rendered layout layouts/application.html.erb (Duration: 1.5ms | Allocations: 1164)
Completed 200 OK in 6ms (Views: 2.3ms | ActiveRecord: 0.0ms | Allocations: 13010)


Started GET "/shoplist/730bd59c-cd1b-44cf-b01f-38b9aff64f49" for 172.21.0.1 at 2024-07-01 18:10:20 +0000
Cannot render console from 172.21.0.1! Allowed networks: 127.0.0.0/127.255.255.255, ::1
Processing by ShoplistController#show as HTML
  Parameters: {"id"=>"730bd59c-cd1b-44cf-b01f-38b9aff64f49"}
Completed 500 Internal Server Error in 0ms (ActiveRecord: 0.0ms | Allocations: 539)


  
NoMethodError (undefined method `find' for nil):
  
app/controllers/shoplist_controller.rb:14:in `show'
Started GET "/" for 172.21.0.1 at 2024-07-01 18:16:28 +0000
Cannot render console from 172.21.0.1! Allowed networks: 127.0.0.0/127.255.255.255, ::1
Processing by PagesController#index as HTML
  Rendering layout layouts/application.html.erb
  Rendering pages/index.html.erb within layouts/application
  Rendered pages/index.html.erb within layouts/application (Duration: 1.1ms | Allocations: 808)
  Rendered layout layouts/application.html.erb (Duration: 1.6ms | Allocations: 1162)
Completed 200 OK in 6ms (Views: 2.3ms | ActiveRecord: 0.0ms | Allocations: 13100)


Started GET "/shoplist/769b456b-9c26-4887-b726-4c155bc9594d" for 172.21.0.1 at 2024-07-01 18:16:29 +0000
Cannot render console from 172.21.0.1! Allowed networks: 127.0.0.0/127.255.255.255, ::1
Processing by ShoplistController#show as HTML
  Parameters: {"id"=>"769b456b-9c26-4887-b726-4c155bc9594d"}
Redirected to http://localhost:3000/
Completed 302 Found in 5ms (ActiveRecord: 0.0ms | Allocations: 2133)


Started GET "/" for 172.21.0.1 at 2024-07-01 18:16:29 +0000
Cannot render console from 172.21.0.1! Allowed networks: 127.0.0.0/127.255.255.255, ::1
Processing by PagesController#index as HTML
  Rendering layout layouts/application.html.erb
  Rendering pages/index.html.erb within layouts/application
  Rendered pages/index.html.erb within layouts/application (Duration: 0.6ms | Allocations: 501)
  Rendered layout layouts/application.html.erb (Duration: 0.7ms | Allocations: 596)
Completed 200 OK in 5ms (Views: 1.0ms | ActiveRecord: 0.0ms | Allocations: 12125)


Started GET "/shoplist/89e1c53e-7404-4e84-a5b2-4ae090d1db64" for 172.21.0.1 at 2024-07-01 18:16:31 +0000
Cannot render console from 172.21.0.1! Allowed networks: 127.0.0.0/127.255.255.255, ::1
Processing by ShoplistController#show as HTML
  Parameters: {"id"=>"89e1c53e-7404-4e84-a5b2-4ae090d1db64"}
Redirected to http://localhost:3000/
Completed 302 Found in 1ms (ActiveRecord: 0.0ms | Allocations: 1008)


Started GET "/" for 172.21.0.1 at 2024-07-01 18:16:31 +0000
Cannot render console from 172.21.0.1! Allowed networks: 127.0.0.0/127.255.255.255, ::1
Processing by PagesController#index as HTML
  Rendering layout layouts/application.html.erb
  Rendering pages/index.html.erb within layouts/application
  Rendered pages/index.html.erb within layouts/application (Duration: 0.5ms | Allocations: 501)
  Rendered layout layouts/application.html.erb (Duration: 0.7ms | Allocations: 596)
Completed 200 OK in 5ms (Views: 1.0ms | ActiveRecord: 0.0ms | Allocations: 12123)


Started GET "/shoplist/90c9615e-e103-434f-b7be-95d53e8db8dd" for 172.21.0.1 at 2024-07-01 18:16:33 +0000
Cannot render console from 172.21.0.1! Allowed networks: 127.0.0.0/127.255.255.255, ::1
Processing by ShoplistController#show as HTML
  Parameters: {"id"=>"90c9615e-e103-434f-b7be-95d53e8db8dd"}
Redirected to http://localhost:3000/
Completed 302 Found in 1ms (ActiveRecord: 0.0ms | Allocations: 913)


Started GET "/" for 172.21.0.1 at 2024-07-01 18:16:33 +0000
Cannot render console from 172.21.0.1! Allowed networks: 127.0.0.0/127.255.255.255, ::1
Processing by PagesController#index as HTML
  Rendering layout layouts/application.html.erb
  Rendering pages/index.html.erb within layouts/application
  Rendered pages/index.html.erb within layouts/application (Duration: 0.5ms | Allocations: 501)
  Rendered layout layouts/application.html.erb (Duration: 0.6ms | Allocations: 596)
Completed 200 OK in 4ms (Views: 0.9ms | ActiveRecord: 0.0ms | Allocations: 12234)


[dotenv] Loaded [33m.env[0m
  [1m[35m (1.4ms)[0m  [1m[35mCREATE DATABASE "myapp_development" ENCODING = 'unicode'[0m
[dotenv] Loaded [33m.env[0m
  [1m[35m (0.1ms)[0m  [1m[34mSELECT pg_try_advisory_lock(7864839756650184315)[0m
  [1m[36mActiveRecord::SchemaMigration Load (1.5ms)[0m  [1m[34mSELECT "schema_migrations"."version" FROM "schema_migrations" ORDER BY "schema_migrations"."version" ASC[0m
  [1m[36mActiveRecord::InternalMetadata Load (0.9ms)[0m  [1m[34mSELECT * FROM "ar_internal_metadata" WHERE "ar_internal_metadata"."key" = $1 ORDER BY "ar_internal_metadata"."key" ASC LIMIT 1[0m  [[nil, "environment"]]
  [1m[35m (0.1ms)[0m  [1m[34mSELECT pg_advisory_unlock(7864839756650184315)[0m
  [1m[36mActiveRecord::SchemaMigration Load (0.2ms)[0m  [1m[34mSELECT "schema_migrations"."version" FROM "schema_migrations" ORDER BY "schema_migrations"."version" ASC[0m
[dotenv] Loaded [33m.env[0m
Started GET "/" for 172.22.0.1 at 2024-07-01 18:19:15 +0000
Cannot render console from 172.22.0.1! Allowed networks: 127.0.0.0/127.255.255.255, ::1
  [1m[36mActiveRecord::SchemaMigration Load (0.4ms)[0m  [1m[34mSELECT "schema_migrations"."version" FROM "schema_migrations" ORDER BY "schema_migrations"."version" ASC[0m
Processing by PagesController#index as HTML
Completed 500 Internal Server Error in 6ms (ActiveRecord: 0.0ms | Allocations: 1399)


  
NameError (uninitialized constant PagesController::Faker):
  
app/controllers/pages_controller.rb:6:in `block in index'
app/controllers/pages_controller.rb:3:in `each'
app/controllers/pages_controller.rb:3:in `map'
app/controllers/pages_controller.rb:3:in `index'
Started GET "/" for 172.22.0.1 at 2024-07-01 18:19:17 +0000
Cannot render console from 172.22.0.1! Allowed networks: 127.0.0.0/127.255.255.255, ::1
Processing by PagesController#index as HTML
Completed 500 Internal Server Error in 0ms (ActiveRecord: 0.0ms | Allocations: 516)


  
NameError (uninitialized constant PagesController::Faker):
  
app/controllers/pages_controller.rb:6:in `block in index'
app/controllers/pages_controller.rb:3:in `each'
app/controllers/pages_controller.rb:3:in `map'
app/controllers/pages_controller.rb:3:in `index'
Started GET "/" for 172.22.0.1 at 2024-07-01 18:20:36 +0000
Cannot render console from 172.22.0.1! Allowed networks: 127.0.0.0/127.255.255.255, ::1
Processing by PagesController#index as HTML
  Rendering layout layouts/application.html.erb
  Rendering pages/index.html.erb within layouts/application
  Rendered pages/index.html.erb within layouts/application (Duration: 1.0ms | Allocations: 929)
  Rendered layout layouts/application.html.erb (Duration: 1.6ms | Allocations: 1297)
Completed 200 OK in 167ms (Views: 3.1ms | ActiveRecord: 0.0ms | Allocations: 295039)


Started GET "/shoplist/50b4237c-8ba6-4746-af98-f8c778522d5f" for 172.22.0.1 at 2024-07-01 18:20:38 +0000
Cannot render console from 172.22.0.1! Allowed networks: 127.0.0.0/127.255.255.255, ::1
Processing by ShoplistController#show as HTML
  Parameters: {"id"=>"50b4237c-8ba6-4746-af98-f8c778522d5f"}
  Rendering layout layouts/application.html.erb
  Rendering shoplist/show.html.erb within layouts/application
  Rendered shoplist/show.html.erb within layouts/application (Duration: 0.4ms | Allocations: 187)
  Rendered layout layouts/application.html.erb (Duration: 0.6ms | Allocations: 282)
Completed 200 OK in 3ms (Views: 1.2ms | ActiveRecord: 0.0ms | Allocations: 2137)


Started GET "/shoplist/50b4237c-8ba6-4746-af98-f8c778522d5f" for 172.22.0.1 at 2024-07-01 18:33:36 +0000
Cannot render console from 172.22.0.1! Allowed networks: 127.0.0.0/127.255.255.255, ::1
Processing by ShoplistController#show as HTML
  Parameters: {"id"=>"50b4237c-8ba6-4746-af98-f8c778522d5f"}
  Rendering layout layouts/application.html.erb
  Rendering shoplist/show.html.erb within layouts/application
  Rendered shoplist/show.html.erb within layouts/application (Duration: 0.3ms | Allocations: 230)
  Rendered layout layouts/application.html.erb (Duration: 0.8ms | Allocations: 584)
Completed 200 OK in 3ms (Views: 1.8ms | ActiveRecord: 0.0ms | Allocations: 3134)


Started GET "/shoplist/50b4237c-8ba6-4746-af98-f8c778522d5f" for 172.22.0.1 at 2024-07-01 18:39:10 +0000
Cannot render console from 172.22.0.1! Allowed networks: 127.0.0.0/127.255.255.255, ::1
Processing by ShoplistController#show as HTML
  Parameters: {"id"=>"50b4237c-8ba6-4746-af98-f8c778522d5f"}
  Rendering layout layouts/application.html.erb
  Rendering shoplist/show.html.erb within layouts/application
  Rendered shoplist/show.html.erb within layouts/application (Duration: 0.8ms | Allocations: 271)
  Rendered layout layouts/application.html.erb (Duration: 1.5ms | Allocations: 625)
Completed 200 OK in 4ms (Views: 2.6ms | ActiveRecord: 0.0ms | Allocations: 3027)


Started GET "/" for 172.22.0.1 at 2024-07-01 18:39:34 +0000
Cannot render console from 172.22.0.1! Allowed networks: 127.0.0.0/127.255.255.255, ::1
Processing by PagesController#index as HTML
  Rendering layout layouts/application.html.erb
  Rendering pages/index.html.erb within layouts/application
  Rendered pages/index.html.erb within layouts/application (Duration: 0.8ms | Allocations: 802)
  Rendered layout layouts/application.html.erb (Duration: 1.0ms | Allocations: 897)
Completed 200 OK in 6ms (Views: 1.4ms | ActiveRecord: 0.0ms | Allocations: 12709)


Started GET "/shoplist/cb3d10fd-307d-479a-a594-41d0da877657" for 172.22.0.1 at 2024-07-01 18:39:36 +0000
Cannot render console from 172.22.0.1! Allowed networks: 127.0.0.0/127.255.255.255, ::1
Processing by ShoplistController#show as HTML
  Parameters: {"id"=>"cb3d10fd-307d-479a-a594-41d0da877657"}
  Rendering layout layouts/application.html.erb
  Rendering shoplist/show.html.erb within layouts/application
  Rendered shoplist/show.html.erb within layouts/application (Duration: 0.0ms | Allocations: 12)
  Rendered layout layouts/application.html.erb (Duration: 0.8ms | Allocations: 107)
Completed 200 OK in 3ms (Views: 1.5ms | ActiveRecord: 0.0ms | Allocations: 1773)


Started GET "/shoplist/cb3d10fd-307d-479a-a594-41d0da877657" for 172.22.0.1 at 2024-07-01 18:45:21 +0000
Cannot render console from 172.22.0.1! Allowed networks: 127.0.0.0/127.255.255.255, ::1
Processing by ShoplistController#show as HTML
  Parameters: {"id"=>"cb3d10fd-307d-479a-a594-41d0da877657"}
  Rendering layout layouts/application.html.erb
  Rendering shoplist/show.html.erb within layouts/application
  Rendered shoplist/show.html.erb within layouts/application (Duration: 0.3ms | Allocations: 254)
  Rendered layout layouts/application.html.erb (Duration: 0.8ms | Allocations: 608)
Completed 200 OK in 3ms (Views: 1.6ms | ActiveRecord: 0.0ms | Allocations: 3001)


Started GET "/" for 172.22.0.1 at 2024-07-01 18:58:11 +0000
Cannot render console from 172.22.0.1! Allowed networks: 127.0.0.0/127.255.255.255, ::1
Processing by PagesController#index as HTML
  Rendering layout layouts/application.html.erb
  Rendering pages/index.html.erb within layouts/application
  Rendered pages/index.html.erb within layouts/application (Duration: 1.2ms | Allocations: 802)
  Rendered layout layouts/application.html.erb (Duration: 1.3ms | Allocations: 897)
Completed 200 OK in 5ms (Views: 1.9ms | ActiveRecord: 0.0ms | Allocations: 12657)


Started GET "/shoplist/22df4073-ef8e-451f-b8e5-2b3154d33495" for 172.22.0.1 at 2024-07-01 18:58:19 +0000
Cannot render console from 172.22.0.1! Allowed networks: 127.0.0.0/127.255.255.255, ::1
Processing by ShoplistController#show as HTML
  Parameters: {"id"=>"22df4073-ef8e-451f-b8e5-2b3154d33495"}
  Rendering layout layouts/application.html.erb
  Rendering shoplist/show.html.erb within layouts/application
  Rendered shoplist/show.html.erb within layouts/application (Duration: 0.0ms | Allocations: 12)
  Rendered layout layouts/application.html.erb (Duration: 0.3ms | Allocations: 107)
Completed 200 OK in 2ms (Views: 0.7ms | ActiveRecord: 0.0ms | Allocations: 1701)


Started GET "/" for 172.22.0.1 at 2024-07-01 18:58:28 +0000
Cannot render console from 172.22.0.1! Allowed networks: 127.0.0.0/127.255.255.255, ::1
Processing by PagesController#index as HTML
  Rendering layout layouts/application.html.erb
  Rendering pages/index.html.erb within layouts/application
  Rendered pages/index.html.erb within layouts/application (Duration: 0.5ms | Allocations: 501)
  Rendered layout layouts/application.html.erb (Duration: 0.6ms | Allocations: 596)
Completed 200 OK in 4ms (Views: 0.9ms | ActiveRecord: 0.0ms | Allocations: 12173)


Started GET "/shoplist/537b3049-b0b6-431b-bbaa-582e5f4f2add" for 172.22.0.1 at 2024-07-01 19:08:25 +0000
Cannot render console from 172.22.0.1! Allowed networks: 127.0.0.0/127.255.255.255, ::1
Processing by ShoplistController#show as HTML
  Parameters: {"id"=>"537b3049-b0b6-431b-bbaa-582e5f4f2add"}
  Rendering layout layouts/application.html.erb
  Rendering shoplist/show.html.erb within layouts/application
  Rendered shoplist/show.html.erb within layouts/application (Duration: 0.1ms | Allocations: 12)
  Rendered layout layouts/application.html.erb (Duration: 0.6ms | Allocations: 115)
Completed 200 OK in 3ms (Views: 1.3ms | ActiveRecord: 0.0ms | Allocations: 1701)


Started GET "/" for 172.22.0.1 at 2024-07-01 23:50:59 +0000
Cannot render console from 172.22.0.1! Allowed networks: 127.0.0.0/127.255.255.255, ::1
Processing by PagesController#index as HTML
  Rendering layout layouts/application.html.erb
  Rendering pages/index.html.erb within layouts/application
  Rendered pages/index.html.erb within layouts/application (Duration: 0.7ms | Allocations: 501)
  Rendered layout layouts/application.html.erb (Duration: 0.9ms | Allocations: 596)
Completed 200 OK in 5ms (Views: 1.2ms | ActiveRecord: 0.0ms | Allocations: 12138)


Started GET "/shoplist/6af5768d-2281-4558-a4e9-83e012146b63" for 172.22.0.1 at 2024-07-01 23:51:01 +0000
Cannot render console from 172.22.0.1! Allowed networks: 127.0.0.0/127.255.255.255, ::1
Processing by ShoplistController#show as HTML
  Parameters: {"id"=>"6af5768d-2281-4558-a4e9-83e012146b63"}
  Rendering layout layouts/application.html.erb
  Rendering shoplist/show.html.erb within layouts/application
  Rendered shoplist/show.html.erb within layouts/application (Duration: 0.0ms | Allocations: 12)
  Rendered layout layouts/application.html.erb (Duration: 0.2ms | Allocations: 107)
Completed 200 OK in 1ms (Views: 0.6ms | ActiveRecord: 0.0ms | Allocations: 1762)


[dotenv] Loaded [33m.env[0m
Started GET "/" for 172.22.0.1 at 2024-07-02 02:25:21 +0000
Cannot render console from 172.22.0.1! Allowed networks: 127.0.0.0/127.255.255.255, ::1
  [1m[36mActiveRecord::SchemaMigration Load (0.5ms)[0m  [1m[34mSELECT "schema_migrations"."version" FROM "schema_migrations" ORDER BY "schema_migrations"."version" ASC[0m
Processing by PagesController#index as HTML
  Rendering layout layouts/application.html.erb
  Rendering pages/index.html.erb within layouts/application
  Rendered pages/index.html.erb within layouts/application (Duration: 1.2ms | Allocations: 1054)
  Rendered layout layouts/application.html.erb (Duration: 1.7ms | Allocations: 1452)
Completed 200 OK in 275ms (Views: 5.5ms | ActiveRecord: 0.0ms | Allocations: 298977)


Started GET "/shoplist/41dd291d-c8ad-4d81-8fe0-7fbf4fd81da0" for 172.22.0.1 at 2024-07-02 02:25:24 +0000
Cannot render console from 172.22.0.1! Allowed networks: 127.0.0.0/127.255.255.255, ::1
Processing by ShoplistController#show as HTML
  Parameters: {"id"=>"41dd291d-c8ad-4d81-8fe0-7fbf4fd81da0"}
  Rendering layout layouts/application.html.erb
  Rendering shoplist/show.html.erb within layouts/application
  Rendered shoplist/show.html.erb within layouts/application (Duration: 0.3ms | Allocations: 248)
  Rendered layout layouts/application.html.erb (Duration: 0.5ms | Allocations: 343)
Completed 200 OK in 2ms (Views: 1.0ms | ActiveRecord: 0.0ms | Allocations: 2208)


[dotenv] Loaded [33m.env[0m
  [1m[35m (0.8ms)[0m  [1m[35mCREATE DATABASE "myapp_development" ENCODING = 'unicode'[0m
[dotenv] Loaded [33m.env[0m
  [1m[35m (0.2ms)[0m  [1m[34mSELECT pg_try_advisory_lock(7864839756650184315)[0m
  [1m[36mActiveRecord::SchemaMigration Load (1.5ms)[0m  [1m[34mSELECT "schema_migrations"."version" FROM "schema_migrations" ORDER BY "schema_migrations"."version" ASC[0m
  [1m[36mActiveRecord::InternalMetadata Load (1.2ms)[0m  [1m[34mSELECT * FROM "ar_internal_metadata" WHERE "ar_internal_metadata"."key" = $1 ORDER BY "ar_internal_metadata"."key" ASC LIMIT 1[0m  [[nil, "environment"]]
  [1m[35m (0.2ms)[0m  [1m[34mSELECT pg_advisory_unlock(7864839756650184315)[0m
  [1m[36mActiveRecord::SchemaMigration Load (0.2ms)[0m  [1m[34mSELECT "schema_migrations"."version" FROM "schema_migrations" ORDER BY "schema_migrations"."version" ASC[0m
[dotenv] Loaded [33m.env[0m
[dotenv] Loaded [33m.env[0m
  [1m[35m (0.5ms)[0m  [1m[35mCREATE DATABASE "myapp_development" ENCODING = 'unicode'[0m
[dotenv] Loaded [33m.env[0m
  [1m[35m (0.2ms)[0m  [1m[34mSELECT pg_try_advisory_lock(7864839756650184315)[0m
  [1m[36mActiveRecord::SchemaMigration Load (0.3ms)[0m  [1m[34mSELECT "schema_migrations"."version" FROM "schema_migrations" ORDER BY "schema_migrations"."version" ASC[0m
  [1m[36mActiveRecord::InternalMetadata Load (0.4ms)[0m  [1m[34mSELECT * FROM "ar_internal_metadata" WHERE "ar_internal_metadata"."key" = $1 ORDER BY "ar_internal_metadata"."key" ASC LIMIT 1[0m  [[nil, "environment"]]
  [1m[35m (0.1ms)[0m  [1m[34mSELECT pg_advisory_unlock(7864839756650184315)[0m
  [1m[36mActiveRecord::SchemaMigration Load (0.1ms)[0m  [1m[34mSELECT "schema_migrations"."version" FROM "schema_migrations" ORDER BY "schema_migrations"."version" ASC[0m
[dotenv] Loaded [33m.env[0m
Started GET "/" for 172.25.0.1 at 2024-07-02 02:39:59 +0000
Cannot render console from 172.25.0.1! Allowed networks: 127.0.0.0/127.255.255.255, ::1
  [1m[36mActiveRecord::SchemaMigration Load (0.3ms)[0m  [1m[34mSELECT "schema_migrations"."version" FROM "schema_migrations" ORDER BY "schema_migrations"."version" ASC[0m
Processing by PagesController#index as HTML
  Rendering layout layouts/application.html.erb
  Rendering pages/index.html.erb within layouts/application
  Rendered pages/index.html.erb within layouts/application (Duration: 1.5ms | Allocations: 1054)
  Rendered layout layouts/application.html.erb (Duration: 2.1ms | Allocations: 1452)
Completed 200 OK in 230ms (Views: 5.1ms | ActiveRecord: 0.0ms | Allocations: 299142)


Started GET "/" for 172.25.0.1 at 2024-07-02 02:53:38 +0000
Cannot render console from 172.25.0.1! Allowed networks: 127.0.0.0/127.255.255.255, ::1
Processing by PagesController#index as HTML
  Rendering layout layouts/application.html.erb
  Rendering pages/index.html.erb within layouts/application
  Rendered pages/index.html.erb within layouts/application (Duration: 0.8ms | Allocations: 806)
  Rendered layout layouts/application.html.erb (Duration: 1.4ms | Allocations: 1160)
Completed 200 OK in 6ms (Views: 2.5ms | ActiveRecord: 0.0ms | Allocations: 13579)


Started GET "/shoplist/4791f0c9-44c4-4e29-866e-9ffa2c5c2b20" for 172.25.0.1 at 2024-07-02 02:53:40 +0000
Cannot render console from 172.25.0.1! Allowed networks: 127.0.0.0/127.255.255.255, ::1
Processing by ShoplistController#show as HTML
  Parameters: {"id"=>"4791f0c9-44c4-4e29-866e-9ffa2c5c2b20"}
  Rendering layout layouts/application.html.erb
  Rendering shoplist/show.html.erb within layouts/application
  Rendered shoplist/show.html.erb within layouts/application (Duration: 0.6ms | Allocations: 321)
  Rendered layout layouts/application.html.erb (Duration: 0.7ms | Allocations: 416)
Completed 200 OK in 2ms (Views: 1.1ms | ActiveRecord: 0.0ms | Allocations: 2283)


Started GET "/" for 172.25.0.1 at 2024-07-02 02:56:44 +0000
Cannot render console from 172.25.0.1! Allowed networks: 127.0.0.0/127.255.255.255, ::1
Processing by PagesController#index as HTML
  Rendering layout layouts/application.html.erb
  Rendering pages/index.html.erb within layouts/application
  Rendered pages/index.html.erb within layouts/application (Duration: 0.8ms | Allocations: 806)
  Rendered layout layouts/application.html.erb (Duration: 1.5ms | Allocations: 1160)
Completed 200 OK in 7ms (Views: 2.5ms | ActiveRecord: 0.0ms | Allocations: 13522)


Started GET "/shoplist/aa1b92e0-ba25-499e-9b52-35cbe01f0134" for 172.25.0.1 at 2024-07-02 02:56:46 +0000
Cannot render console from 172.25.0.1! Allowed networks: 127.0.0.0/127.255.255.255, ::1
Processing by ShoplistController#show as HTML
  Parameters: {"id"=>"aa1b92e0-ba25-499e-9b52-35cbe01f0134"}
  Rendering layout layouts/application.html.erb
  Rendering shoplist/show.html.erb within layouts/application
  Rendered shoplist/show.html.erb within layouts/application (Duration: 0.6ms | Allocations: 308)
  Rendered layout layouts/application.html.erb (Duration: 0.8ms | Allocations: 403)
Completed 200 OK in 2ms (Views: 1.3ms | ActiveRecord: 0.0ms | Allocations: 2180)


Started GET "/" for 172.25.0.1 at 2024-07-02 02:59:18 +0000
Cannot render console from 172.25.0.1! Allowed networks: 127.0.0.0/127.255.255.255, ::1
Processing by PagesController#index as HTML
  Rendering layout layouts/application.html.erb
  Rendering pages/index.html.erb within layouts/application
  Rendered pages/index.html.erb within layouts/application (Duration: 1.4ms | Allocations: 810)
  Rendered layout layouts/application.html.erb (Duration: 2.1ms | Allocations: 1164)
Completed 200 OK in 30ms (Views: 3.1ms | ActiveRecord: 0.0ms | Allocations: 27361)


  
ActionDispatch::Cookies::CookieOverflow (_niborame_session cookie overflowed with size 6248 bytes):
  
actionpack (7.1.3.4) lib/action_dispatch/middleware/cookies.rb:597:in `check_for_overflow!'
actionpack (7.1.3.4) lib/action_dispatch/middleware/cookies.rb:679:in `commit'
actionpack (7.1.3.4) lib/action_dispatch/middleware/cookies.rb:515:in `[]='
actionpack (7.1.3.4) lib/action_dispatch/middleware/session/cookie_store.rb:116:in `set_cookie'
rack-session (2.0.0) lib/rack/session/abstract/id.rb:409:in `commit_session'
actionpack (7.1.3.4) lib/action_dispatch/middleware/session/abstract_store.rb:72:in `commit_session'
rack-session (2.0.0) lib/rack/session/abstract/id.rb:274:in `context'
rack-session (2.0.0) lib/rack/session/abstract/id.rb:266:in `call'
actionpack (7.1.3.4) lib/action_dispatch/middleware/cookies.rb:689:in `call'
activerecord (7.1.3.4) lib/active_record/migration.rb:655:in `call'
actionpack (7.1.3.4) lib/action_dispatch/middleware/callbacks.rb:29:in `block in call'
activesupport (7.1.3.4) lib/active_support/callbacks.rb:101:in `run_callbacks'
actionpack (7.1.3.4) lib/action_dispatch/middleware/callbacks.rb:28:in `call'
actionpack (7.1.3.4) lib/action_dispatch/middleware/executor.rb:14:in `call'
actionpack (7.1.3.4) lib/action_dispatch/middleware/actionable_exceptions.rb:16:in `call'
actionpack (7.1.3.4) lib/action_dispatch/middleware/debug_exceptions.rb:29:in `call'
web-console (4.2.1) lib/web_console/middleware.rb:132:in `call_app'
web-console (4.2.1) lib/web_console/middleware.rb:19:in `block in call'
web-console (4.2.1) lib/web_console/middleware.rb:17:in `catch'
web-console (4.2.1) lib/web_console/middleware.rb:17:in `call'
actionpack (7.1.3.4) lib/action_dispatch/middleware/show_exceptions.rb:31:in `call'
railties (7.1.3.4) lib/rails/rack/logger.rb:37:in `call_app'
railties (7.1.3.4) lib/rails/rack/logger.rb:24:in `block in call'
activesupport (7.1.3.4) lib/active_support/tagged_logging.rb:135:in `block in tagged'
activesupport (7.1.3.4) lib/active_support/tagged_logging.rb:39:in `tagged'
activesupport (7.1.3.4) lib/active_support/tagged_logging.rb:135:in `tagged'
activesupport (7.1.3.4) lib/active_support/broadcast_logger.rb:240:in `method_missing'
railties (7.1.3.4) lib/rails/rack/logger.rb:24:in `call'
sprockets-rails (3.5.1) lib/sprockets/rails/quiet_assets.rb:17:in `call'
actionpack (7.1.3.4) lib/action_dispatch/middleware/remote_ip.rb:92:in `call'
actionpack (7.1.3.4) lib/action_dispatch/middleware/request_id.rb:28:in `call'
rack (3.1.4) lib/rack/method_override.rb:28:in `call'
rack (3.1.4) lib/rack/runtime.rb:24:in `call'
activesupport (7.1.3.4) lib/active_support/cache/strategy/local_cache_middleware.rb:29:in `call'
actionpack (7.1.3.4) lib/action_dispatch/middleware/server_timing.rb:59:in `block in call'
actionpack (7.1.3.4) lib/action_dispatch/middleware/server_timing.rb:24:in `collect_events'
actionpack (7.1.3.4) lib/action_dispatch/middleware/server_timing.rb:58:in `call'
actionpack (7.1.3.4) lib/action_dispatch/middleware/executor.rb:14:in `call'
actionpack (7.1.3.4) lib/action_dispatch/middleware/static.rb:25:in `call'
rack (3.1.4) lib/rack/sendfile.rb:114:in `call'
actionpack (7.1.3.4) lib/action_dispatch/middleware/host_authorization.rb:141:in `call'
vite_ruby (3.6.0) lib/vite_ruby/dev_server_proxy.rb:22:in `perform_request'
rack-proxy (0.7.7) lib/rack/proxy.rb:87:in `call'
railties (7.1.3.4) lib/rails/engine.rb:536:in `call'
puma (6.4.2) lib/puma/configuration.rb:272:in `call'
puma (6.4.2) lib/puma/request.rb:100:in `block in handle_request'
puma (6.4.2) lib/puma/thread_pool.rb:378:in `with_force_shutdown'
puma (6.4.2) lib/puma/request.rb:99:in `handle_request'
puma (6.4.2) lib/puma/server.rb:464:in `process_client'
puma (6.4.2) lib/puma/server.rb:245:in `block in run'
puma (6.4.2) lib/puma/thread_pool.rb:155:in `block in spawn_thread'
Started GET "/" for 172.25.0.1 at 2024-07-02 03:01:03 +0000
Cannot render console from 172.25.0.1! Allowed networks: 127.0.0.0/127.255.255.255, ::1
Processing by PagesController#index as HTML
  Rendering layout layouts/application.html.erb
  Rendering pages/index.html.erb within layouts/application
  Rendered pages/index.html.erb within layouts/application (Duration: 1.0ms | Allocations: 806)
  Rendered layout layouts/application.html.erb (Duration: 1.5ms | Allocations: 1160)
Completed 200 OK in 9ms (Views: 2.4ms | ActiveRecord: 0.0ms | Allocations: 26187)


Started GET "/shoplist/39e1e4a3-c50e-4eb9-9f0d-729ed30b6055" for 172.25.0.1 at 2024-07-02 03:01:10 +0000
Cannot render console from 172.25.0.1! Allowed networks: 127.0.0.0/127.255.255.255, ::1
Processing by ShoplistController#show as HTML
  Parameters: {"id"=>"39e1e4a3-c50e-4eb9-9f0d-729ed30b6055"}
Redirected to http://localhost:3000/
Completed 302 Found in 38ms (ActiveRecord: 0.0ms | Allocations: 25434)


Started GET "/" for 172.25.0.1 at 2024-07-02 03:01:10 +0000
Cannot render console from 172.25.0.1! Allowed networks: 127.0.0.0/127.255.255.255, ::1
Processing by PagesController#index as HTML
  Rendering layout layouts/application.html.erb
  Rendering pages/index.html.erb within layouts/application
  Rendered pages/index.html.erb within layouts/application (Duration: 0.4ms | Allocations: 501)
  Rendered layout layouts/application.html.erb (Duration: 0.6ms | Allocations: 596)
Completed 200 OK in 34ms (Views: 0.9ms | ActiveRecord: 0.0ms | Allocations: 25284)


Started GET "/shoplist/5200911b-7b74-44c3-bb50-4af66ea9c84f" for 172.25.0.1 at 2024-07-02 03:01:11 +0000
Cannot render console from 172.25.0.1! Allowed networks: 127.0.0.0/127.255.255.255, ::1
Processing by ShoplistController#show as HTML
  Parameters: {"id"=>"5200911b-7b74-44c3-bb50-4af66ea9c84f"}
Redirected to http://localhost:3000/
Completed 302 Found in 8ms (ActiveRecord: 0.0ms | Allocations: 25629)


Started GET "/" for 172.25.0.1 at 2024-07-02 03:01:11 +0000
Cannot render console from 172.25.0.1! Allowed networks: 127.0.0.0/127.255.255.255, ::1
Processing by PagesController#index as HTML
  Rendering layout layouts/application.html.erb
  Rendering pages/index.html.erb within layouts/application
  Rendered pages/index.html.erb within layouts/application (Duration: 0.6ms | Allocations: 501)
  Rendered layout layouts/application.html.erb (Duration: 0.8ms | Allocations: 596)
Completed 200 OK in 7ms (Views: 1.2ms | ActiveRecord: 0.0ms | Allocations: 24758)


Started GET "/" for 172.25.0.1 at 2024-07-02 03:02:47 +0000
Cannot render console from 172.25.0.1! Allowed networks: 127.0.0.0/127.255.255.255, ::1
Processing by PagesController#index as HTML
  Rendering layout layouts/application.html.erb
  Rendering pages/index.html.erb within layouts/application
  Rendered pages/index.html.erb within layouts/application (Duration: 0.8ms | Allocations: 810)
  Rendered layout layouts/application.html.erb (Duration: 1.3ms | Allocations: 1164)
Completed 200 OK in 8ms (Views: 2.1ms | ActiveRecord: 0.0ms | Allocations: 27548)


Started GET "/shoplist/e59b54f8-68c0-4079-a530-f2d0652f4f8f" for 172.25.0.1 at 2024-07-02 03:02:49 +0000
Cannot render console from 172.25.0.1! Allowed networks: 127.0.0.0/127.255.255.255, ::1
Processing by ShoplistController#show as HTML
  Parameters: {"id"=>"e59b54f8-68c0-4079-a530-f2d0652f4f8f"}
Redirected to http://localhost:3000/
Completed 302 Found in 7ms (ActiveRecord: 0.0ms | Allocations: 25924)


Started GET "/" for 172.25.0.1 at 2024-07-02 03:02:49 +0000
Cannot render console from 172.25.0.1! Allowed networks: 127.0.0.0/127.255.255.255, ::1
Processing by PagesController#index as HTML
  Rendering layout layouts/application.html.erb
  Rendering pages/index.html.erb within layouts/application
  Rendered pages/index.html.erb within layouts/application (Duration: 0.5ms | Allocations: 501)
  Rendered layout layouts/application.html.erb (Duration: 0.6ms | Allocations: 596)
Completed 200 OK in 7ms (Views: 1.0ms | ActiveRecord: 0.0ms | Allocations: 25683)


Started GET "/shoplist/b1eb5d49-aaab-4bc2-9f4b-45bfe93b2be2" for 172.25.0.1 at 2024-07-02 03:02:50 +0000
Cannot render console from 172.25.0.1! Allowed networks: 127.0.0.0/127.255.255.255, ::1
Processing by ShoplistController#show as HTML
  Parameters: {"id"=>"b1eb5d49-aaab-4bc2-9f4b-45bfe93b2be2"}
Redirected to http://localhost:3000/
Completed 302 Found in 7ms (ActiveRecord: 0.0ms | Allocations: 25188)


Started GET "/" for 172.25.0.1 at 2024-07-02 03:02:50 +0000
Cannot render console from 172.25.0.1! Allowed networks: 127.0.0.0/127.255.255.255, ::1
Processing by PagesController#index as HTML
  Rendering layout layouts/application.html.erb
  Rendering pages/index.html.erb within layouts/application
  Rendered pages/index.html.erb within layouts/application (Duration: 0.4ms | Allocations: 501)
  Rendered layout layouts/application.html.erb (Duration: 0.6ms | Allocations: 596)
Completed 200 OK in 11ms (Views: 0.9ms | ActiveRecord: 0.0ms | Allocations: 25518)


Started GET "/shoplist/d3a600d0-0a6a-4b77-b1a7-e1a345572c4e" for 172.25.0.1 at 2024-07-02 03:02:54 +0000
Cannot render console from 172.25.0.1! Allowed networks: 127.0.0.0/127.255.255.255, ::1
Processing by ShoplistController#show as HTML
  Parameters: {"id"=>"d3a600d0-0a6a-4b77-b1a7-e1a345572c4e"}
Redirected to http://localhost:3000/
Completed 302 Found in 8ms (ActiveRecord: 0.0ms | Allocations: 24861)


Started GET "/" for 172.25.0.1 at 2024-07-02 03:02:54 +0000
Cannot render console from 172.25.0.1! Allowed networks: 127.0.0.0/127.255.255.255, ::1
Processing by PagesController#index as HTML
  Rendering layout layouts/application.html.erb
  Rendering pages/index.html.erb within layouts/application
  Rendered pages/index.html.erb within layouts/application (Duration: 0.6ms | Allocations: 501)
  Rendered layout layouts/application.html.erb (Duration: 0.7ms | Allocations: 596)
Completed 200 OK in 8ms (Views: 1.0ms | ActiveRecord: 0.0ms | Allocations: 25292)


Started GET "/" for 172.25.0.1 at 2024-07-02 03:04:33 +0000
Cannot render console from 172.25.0.1! Allowed networks: 127.0.0.0/127.255.255.255, ::1
Processing by PagesController#index as HTML
  Rendering layout layouts/application.html.erb
  Rendering pages/index.html.erb within layouts/application
  Rendered pages/index.html.erb within layouts/application (Duration: 0.9ms | Allocations: 810)
  Rendered layout layouts/application.html.erb (Duration: 1.5ms | Allocations: 1164)
Completed 200 OK in 9ms (Views: 2.3ms | ActiveRecord: 0.0ms | Allocations: 26041)


  
ActionDispatch::Cookies::CookieOverflow (_niborame_session cookie overflowed with size 6312 bytes):
  
actionpack (7.1.3.4) lib/action_dispatch/middleware/cookies.rb:597:in `check_for_overflow!'
actionpack (7.1.3.4) lib/action_dispatch/middleware/cookies.rb:679:in `commit'
actionpack (7.1.3.4) lib/action_dispatch/middleware/cookies.rb:515:in `[]='
actionpack (7.1.3.4) lib/action_dispatch/middleware/session/cookie_store.rb:116:in `set_cookie'
rack-session (2.0.0) lib/rack/session/abstract/id.rb:409:in `commit_session'
actionpack (7.1.3.4) lib/action_dispatch/middleware/session/abstract_store.rb:72:in `commit_session'
rack-session (2.0.0) lib/rack/session/abstract/id.rb:274:in `context'
rack-session (2.0.0) lib/rack/session/abstract/id.rb:266:in `call'
actionpack (7.1.3.4) lib/action_dispatch/middleware/cookies.rb:689:in `call'
activerecord (7.1.3.4) lib/active_record/migration.rb:655:in `call'
actionpack (7.1.3.4) lib/action_dispatch/middleware/callbacks.rb:29:in `block in call'
activesupport (7.1.3.4) lib/active_support/callbacks.rb:101:in `run_callbacks'
actionpack (7.1.3.4) lib/action_dispatch/middleware/callbacks.rb:28:in `call'
actionpack (7.1.3.4) lib/action_dispatch/middleware/executor.rb:14:in `call'
actionpack (7.1.3.4) lib/action_dispatch/middleware/actionable_exceptions.rb:16:in `call'
actionpack (7.1.3.4) lib/action_dispatch/middleware/debug_exceptions.rb:29:in `call'
web-console (4.2.1) lib/web_console/middleware.rb:132:in `call_app'
web-console (4.2.1) lib/web_console/middleware.rb:19:in `block in call'
web-console (4.2.1) lib/web_console/middleware.rb:17:in `catch'
web-console (4.2.1) lib/web_console/middleware.rb:17:in `call'
actionpack (7.1.3.4) lib/action_dispatch/middleware/show_exceptions.rb:31:in `call'
railties (7.1.3.4) lib/rails/rack/logger.rb:37:in `call_app'
railties (7.1.3.4) lib/rails/rack/logger.rb:24:in `block in call'
activesupport (7.1.3.4) lib/active_support/tagged_logging.rb:135:in `block in tagged'
activesupport (7.1.3.4) lib/active_support/tagged_logging.rb:39:in `tagged'
activesupport (7.1.3.4) lib/active_support/tagged_logging.rb:135:in `tagged'
activesupport (7.1.3.4) lib/active_support/broadcast_logger.rb:240:in `method_missing'
railties (7.1.3.4) lib/rails/rack/logger.rb:24:in `call'
sprockets-rails (3.5.1) lib/sprockets/rails/quiet_assets.rb:17:in `call'
actionpack (7.1.3.4) lib/action_dispatch/middleware/remote_ip.rb:92:in `call'
actionpack (7.1.3.4) lib/action_dispatch/middleware/request_id.rb:28:in `call'
rack (3.1.4) lib/rack/method_override.rb:28:in `call'
rack (3.1.4) lib/rack/runtime.rb:24:in `call'
activesupport (7.1.3.4) lib/active_support/cache/strategy/local_cache_middleware.rb:29:in `call'
actionpack (7.1.3.4) lib/action_dispatch/middleware/server_timing.rb:59:in `block in call'
actionpack (7.1.3.4) lib/action_dispatch/middleware/server_timing.rb:24:in `collect_events'
actionpack (7.1.3.4) lib/action_dispatch/middleware/server_timing.rb:58:in `call'
actionpack (7.1.3.4) lib/action_dispatch/middleware/executor.rb:14:in `call'
actionpack (7.1.3.4) lib/action_dispatch/middleware/static.rb:25:in `call'
rack (3.1.4) lib/rack/sendfile.rb:114:in `call'
actionpack (7.1.3.4) lib/action_dispatch/middleware/host_authorization.rb:141:in `call'
vite_ruby (3.6.0) lib/vite_ruby/dev_server_proxy.rb:22:in `perform_request'
rack-proxy (0.7.7) lib/rack/proxy.rb:87:in `call'
railties (7.1.3.4) lib/rails/engine.rb:536:in `call'
puma (6.4.2) lib/puma/configuration.rb:272:in `call'
puma (6.4.2) lib/puma/request.rb:100:in `block in handle_request'
puma (6.4.2) lib/puma/thread_pool.rb:378:in `with_force_shutdown'
puma (6.4.2) lib/puma/request.rb:99:in `handle_request'
puma (6.4.2) lib/puma/server.rb:464:in `process_client'
puma (6.4.2) lib/puma/server.rb:245:in `block in run'
puma (6.4.2) lib/puma/thread_pool.rb:155:in `block in spawn_thread'
Started GET "/" for 172.25.0.1 at 2024-07-02 03:06:46 +0000
Cannot render console from 172.25.0.1! Allowed networks: 127.0.0.0/127.255.255.255, ::1
Processing by PagesController#index as HTML
  Rendering layout layouts/application.html.erb
  Rendering pages/index.html.erb within layouts/application
  Rendered pages/index.html.erb within layouts/application (Duration: 1.3ms | Allocations: 806)
  Rendered layout layouts/application.html.erb (Duration: 2.0ms | Allocations: 1160)
Completed 200 OK in 12ms (Views: 3.3ms | ActiveRecord: 0.0ms | Allocations: 26497)


Started GET "/shoplist/619f1bb6-0ad6-4399-b0bd-5148b31545a8" for 172.25.0.1 at 2024-07-02 03:06:49 +0000
Cannot render console from 172.25.0.1! Allowed networks: 127.0.0.0/127.255.255.255, ::1
Processing by ShoplistController#show as HTML
  Parameters: {"id"=>"619f1bb6-0ad6-4399-b0bd-5148b31545a8"}
Redirected to http://localhost:3000/
Completed 302 Found in 7ms (ActiveRecord: 0.0ms | Allocations: 25596)


Started GET "/" for 172.25.0.1 at 2024-07-02 03:06:49 +0000
Cannot render console from 172.25.0.1! Allowed networks: 127.0.0.0/127.255.255.255, ::1
Processing by PagesController#index as HTML
  Rendering layout layouts/application.html.erb
  Rendering pages/index.html.erb within layouts/application
  Rendered pages/index.html.erb within layouts/application (Duration: 0.7ms | Allocations: 501)
  Rendered layout layouts/application.html.erb (Duration: 0.9ms | Allocations: 596)
Completed 200 OK in 9ms (Views: 1.4ms | ActiveRecord: 0.0ms | Allocations: 25189)


Started GET "/" for 172.25.0.1 at 2024-07-02 03:09:09 +0000
Cannot render console from 172.25.0.1! Allowed networks: 127.0.0.0/127.255.255.255, ::1
Processing by PagesController#index as HTML
  Rendering layout layouts/application.html.erb
  Rendering pages/index.html.erb within layouts/application
  Rendered pages/index.html.erb within layouts/application (Duration: 1.1ms | Allocations: 810)
  Rendered layout layouts/application.html.erb (Duration: 1.7ms | Allocations: 1164)
Completed 200 OK in 10ms (Views: 2.6ms | ActiveRecord: 0.0ms | Allocations: 26431)


Started GET "/shoplist/266f695b-9f38-4163-b56f-cc36f07eac8e" for 172.25.0.1 at 2024-07-02 03:09:11 +0000
Cannot render console from 172.25.0.1! Allowed networks: 127.0.0.0/127.255.255.255, ::1
Processing by ShoplistController#show as HTML
  Parameters: {"id"=>"266f695b-9f38-4163-b56f-cc36f07eac8e"}
Redirected to http://localhost:3000/
Completed 302 Found in 7ms (ActiveRecord: 0.0ms | Allocations: 25001)


Started GET "/" for 172.25.0.1 at 2024-07-02 03:09:11 +0000
Cannot render console from 172.25.0.1! Allowed networks: 127.0.0.0/127.255.255.255, ::1
Processing by PagesController#index as HTML
  Rendering layout layouts/application.html.erb
  Rendering pages/index.html.erb within layouts/application
  Rendered pages/index.html.erb within layouts/application (Duration: 0.5ms | Allocations: 501)
  Rendered layout layouts/application.html.erb (Duration: 0.7ms | Allocations: 596)
Completed 200 OK in 8ms (Views: 1.0ms | ActiveRecord: 0.0ms | Allocations: 26437)


Started GET "/shoplist/d3f08ed1-7c66-40ae-8d3a-b4e372772c6b" for 172.25.0.1 at 2024-07-02 03:09:11 +0000
Cannot render console from 172.25.0.1! Allowed networks: 127.0.0.0/127.255.255.255, ::1
Processing by ShoplistController#show as HTML
  Parameters: {"id"=>"d3f08ed1-7c66-40ae-8d3a-b4e372772c6b"}
Redirected to http://localhost:3000/
Completed 302 Found in 8ms (ActiveRecord: 0.0ms | Allocations: 25193)


Started GET "/" for 172.25.0.1 at 2024-07-02 03:09:11 +0000
Cannot render console from 172.25.0.1! Allowed networks: 127.0.0.0/127.255.255.255, ::1
Processing by PagesController#index as HTML
  Rendering layout layouts/application.html.erb
  Rendering pages/index.html.erb within layouts/application
  Rendered pages/index.html.erb within layouts/application (Duration: 1.5ms | Allocations: 501)
  Rendered layout layouts/application.html.erb (Duration: 2.8ms | Allocations: 596)
Completed 200 OK in 11ms (Views: 3.6ms | ActiveRecord: 0.0ms | Allocations: 25662)


[dotenv] Set [36mGOOGLE_PLACES_API_KEY[0m
[dotenv] Loaded [33m.env[0m
  [1m[35m (0.7ms)[0m  [1m[35mCREATE DATABASE "myapp_development" ENCODING = 'unicode'[0m
[dotenv] Set [36mGOOGLE_PLACES_API_KEY[0m
[dotenv] Loaded [33m.env[0m
  [1m[35m (0.1ms)[0m  [1m[34mSELECT pg_try_advisory_lock(7864839756650184315)[0m
  [1m[36mActiveRecord::SchemaMigration Load (1.3ms)[0m  [1m[34mSELECT "schema_migrations"."version" FROM "schema_migrations" ORDER BY "schema_migrations"."version" ASC[0m
  [1m[36mActiveRecord::InternalMetadata Load (1.1ms)[0m  [1m[34mSELECT * FROM "ar_internal_metadata" WHERE "ar_internal_metadata"."key" = $1 ORDER BY "ar_internal_metadata"."key" ASC LIMIT 1[0m  [[nil, "environment"]]
  [1m[35m (0.3ms)[0m  [1m[34mSELECT pg_advisory_unlock(7864839756650184315)[0m
  [1m[36mActiveRecord::SchemaMigration Load (0.3ms)[0m  [1m[34mSELECT "schema_migrations"."version" FROM "schema_migrations" ORDER BY "schema_migrations"."version" ASC[0m
[dotenv] Set [36mGOOGLE_PLACES_API_KEY[0m
[dotenv] Loaded [33m.env[0m
Started GET "/shoplist/8ce84d78-59cd-47ec-aa11-2d63aa807214" for 172.28.0.1 at 2024-07-02 03:13:33 +0000
Cannot render console from 172.28.0.1! Allowed networks: 127.0.0.0/127.255.255.255, ::1
  [1m[36mActiveRecord::SchemaMigration Load (1.3ms)[0m  [1m[34mSELECT "schema_migrations"."version" FROM "schema_migrations" ORDER BY "schema_migrations"."version" ASC[0m
Processing by ShoplistController#show as HTML
  Parameters: {"id"=>"8ce84d78-59cd-47ec-aa11-2d63aa807214"}
Completed 500 Internal Server Error in 3ms (ActiveRecord: 0.0ms | Allocations: 1385)


  
NameError (uninitialized constant ShoplistController::Faker):
  
app/controllers/shoplist_controller.rb:21:in `block in show'
app/controllers/shoplist_controller.rb:18:in `each'
app/controllers/shoplist_controller.rb:18:in `map'
app/controllers/shoplist_controller.rb:18:in `show'
Started GET "/shoplist/9df8fdd6-a8a4-4b7f-9362-1e758beec8d5" for 172.28.0.1 at 2024-07-02 03:14:45 +0000
Cannot render console from 172.28.0.1! Allowed networks: 127.0.0.0/127.255.255.255, ::1
Processing by ShoplistController#show as HTML
  Parameters: {"id"=>"9df8fdd6-a8a4-4b7f-9362-1e758beec8d5"}
Redirected to http://localhost:3000/
Completed 302 Found in 166ms (ActiveRecord: 0.0ms | Allocations: 307112)


Started GET "/" for 172.28.0.1 at 2024-07-02 03:14:46 +0000
Cannot render console from 172.28.0.1! Allowed networks: 127.0.0.0/127.255.255.255, ::1
Processing by PagesController#index as HTML
  Rendering layout layouts/application.html.erb
  Rendering pages/index.html.erb within layouts/application
  Rendered pages/index.html.erb within layouts/application (Duration: 1.1ms | Allocations: 870)
  Rendered layout layouts/application.html.erb (Duration: 1.7ms | Allocations: 1238)
Completed 200 OK in 12ms (Views: 3.0ms | ActiveRecord: 0.0ms | Allocations: 27984)


Started GET "/shoplist/530cbc4c-de52-4b48-a363-fe756c5c665f" for 172.28.0.1 at 2024-07-02 03:14:47 +0000
Cannot render console from 172.28.0.1! Allowed networks: 127.0.0.0/127.255.255.255, ::1
Processing by ShoplistController#show as HTML
  Parameters: {"id"=>"530cbc4c-de52-4b48-a363-fe756c5c665f"}
Redirected to http://localhost:3000/
Completed 302 Found in 7ms (ActiveRecord: 0.0ms | Allocations: 25069)


Started GET "/" for 172.28.0.1 at 2024-07-02 03:14:47 +0000
Cannot render console from 172.28.0.1! Allowed networks: 127.0.0.0/127.255.255.255, ::1
Processing by PagesController#index as HTML
  Rendering layout layouts/application.html.erb
  Rendering pages/index.html.erb within layouts/application
  Rendered pages/index.html.erb within layouts/application (Duration: 0.7ms | Allocations: 501)
  Rendered layout layouts/application.html.erb (Duration: 0.9ms | Allocations: 596)
Completed 200 OK in 8ms (Views: 1.2ms | ActiveRecord: 0.0ms | Allocations: 26248)


Started GET "/shoplist/f9910f2a-df26-4e1f-b41b-8e38c5774d09" for 172.28.0.1 at 2024-07-02 03:14:48 +0000
Cannot render console from 172.28.0.1! Allowed networks: 127.0.0.0/127.255.255.255, ::1
Processing by ShoplistController#show as HTML
  Parameters: {"id"=>"f9910f2a-df26-4e1f-b41b-8e38c5774d09"}
Redirected to http://localhost:3000/
Completed 302 Found in 8ms (ActiveRecord: 0.0ms | Allocations: 24957)


Started GET "/" for 172.28.0.1 at 2024-07-02 03:14:48 +0000
Cannot render console from 172.28.0.1! Allowed networks: 127.0.0.0/127.255.255.255, ::1
Processing by PagesController#index as HTML
  Rendering layout layouts/application.html.erb
  Rendering pages/index.html.erb within layouts/application
  Rendered pages/index.html.erb within layouts/application (Duration: 0.6ms | Allocations: 501)
  Rendered layout layouts/application.html.erb (Duration: 0.8ms | Allocations: 596)
Completed 200 OK in 9ms (Views: 1.3ms | ActiveRecord: 0.0ms | Allocations: 26033)


Started GET "/shoplist/92f51536-92a8-41db-affb-88ddc347ba82" for 172.28.0.1 at 2024-07-02 03:14:54 +0000
Cannot render console from 172.28.0.1! Allowed networks: 127.0.0.0/127.255.255.255, ::1
Processing by ShoplistController#show as HTML
  Parameters: {"id"=>"92f51536-92a8-41db-affb-88ddc347ba82"}
Redirected to http://localhost:3000/
Completed 302 Found in 7ms (ActiveRecord: 0.0ms | Allocations: 25086)


Started GET "/" for 172.28.0.1 at 2024-07-02 03:14:54 +0000
Cannot render console from 172.28.0.1! Allowed networks: 127.0.0.0/127.255.255.255, ::1
Processing by PagesController#index as HTML
  Rendering layout layouts/application.html.erb
  Rendering pages/index.html.erb within layouts/application
  Rendered pages/index.html.erb within layouts/application (Duration: 0.5ms | Allocations: 501)
  Rendered layout layouts/application.html.erb (Duration: 0.7ms | Allocations: 596)
Completed 200 OK in 8ms (Views: 1.0ms | ActiveRecord: 0.0ms | Allocations: 23468)


Started GET "/shoplist/81aeb027-e90b-4456-a3ad-8020af314d0c" for 172.28.0.1 at 2024-07-02 03:16:25 +0000
Cannot render console from 172.28.0.1! Allowed networks: 127.0.0.0/127.255.255.255, ::1
Processing by ShoplistController#show as HTML
  Parameters: {"id"=>"81aeb027-e90b-4456-a3ad-8020af314d0c"}
Redirected to http://localhost:3000/
Completed 302 Found in 21ms (ActiveRecord: 0.0ms | Allocations: 24787)


Started GET "/" for 172.28.0.1 at 2024-07-02 03:16:25 +0000
Cannot render console from 172.28.0.1! Allowed networks: 127.0.0.0/127.255.255.255, ::1
Processing by PagesController#index as HTML
  Rendering layout layouts/application.html.erb
  Rendering pages/index.html.erb within layouts/application
  Rendered pages/index.html.erb within layouts/application (Duration: 0.4ms | Allocations: 501)
  Rendered layout layouts/application.html.erb (Duration: 0.6ms | Allocations: 596)
Completed 200 OK in 7ms (Views: 0.9ms | ActiveRecord: 0.0ms | Allocations: 26028)


Started GET "/" for 172.28.0.1 at 2024-07-02 03:21:43 +0000
Cannot render console from 172.28.0.1! Allowed networks: 127.0.0.0/127.255.255.255, ::1
Processing by PagesController#index as HTML
  Rendering layout layouts/application.html.erb
  Rendering pages/index.html.erb within layouts/application
  Rendered pages/index.html.erb within layouts/application (Duration: 4.4ms | Allocations: 810)
  Rendered layout layouts/application.html.erb (Duration: 5.5ms | Allocations: 1165)
Completed 200 OK in 19ms (Views: 8.1ms | ActiveRecord: 0.0ms | Allocations: 27196)


  
ActionDispatch::Cookies::CookieOverflow (_niborame_session cookie overflowed with size 6240 bytes):
  
actionpack (7.1.3.4) lib/action_dispatch/middleware/cookies.rb:597:in `check_for_overflow!'
actionpack (7.1.3.4) lib/action_dispatch/middleware/cookies.rb:679:in `commit'
actionpack (7.1.3.4) lib/action_dispatch/middleware/cookies.rb:515:in `[]='
actionpack (7.1.3.4) lib/action_dispatch/middleware/session/cookie_store.rb:116:in `set_cookie'
rack-session (2.0.0) lib/rack/session/abstract/id.rb:409:in `commit_session'
actionpack (7.1.3.4) lib/action_dispatch/middleware/session/abstract_store.rb:72:in `commit_session'
rack-session (2.0.0) lib/rack/session/abstract/id.rb:274:in `context'
rack-session (2.0.0) lib/rack/session/abstract/id.rb:266:in `call'
actionpack (7.1.3.4) lib/action_dispatch/middleware/cookies.rb:689:in `call'
activerecord (7.1.3.4) lib/active_record/migration.rb:655:in `call'
actionpack (7.1.3.4) lib/action_dispatch/middleware/callbacks.rb:29:in `block in call'
activesupport (7.1.3.4) lib/active_support/callbacks.rb:101:in `run_callbacks'
actionpack (7.1.3.4) lib/action_dispatch/middleware/callbacks.rb:28:in `call'
actionpack (7.1.3.4) lib/action_dispatch/middleware/executor.rb:14:in `call'
actionpack (7.1.3.4) lib/action_dispatch/middleware/actionable_exceptions.rb:16:in `call'
actionpack (7.1.3.4) lib/action_dispatch/middleware/debug_exceptions.rb:29:in `call'
web-console (4.2.1) lib/web_console/middleware.rb:132:in `call_app'
web-console (4.2.1) lib/web_console/middleware.rb:19:in `block in call'
web-console (4.2.1) lib/web_console/middleware.rb:17:in `catch'
web-console (4.2.1) lib/web_console/middleware.rb:17:in `call'
actionpack (7.1.3.4) lib/action_dispatch/middleware/show_exceptions.rb:31:in `call'
railties (7.1.3.4) lib/rails/rack/logger.rb:37:in `call_app'
railties (7.1.3.4) lib/rails/rack/logger.rb:24:in `block in call'
activesupport (7.1.3.4) lib/active_support/tagged_logging.rb:135:in `block in tagged'
activesupport (7.1.3.4) lib/active_support/tagged_logging.rb:39:in `tagged'
activesupport (7.1.3.4) lib/active_support/tagged_logging.rb:135:in `tagged'
activesupport (7.1.3.4) lib/active_support/broadcast_logger.rb:240:in `method_missing'
railties (7.1.3.4) lib/rails/rack/logger.rb:24:in `call'
sprockets-rails (3.5.1) lib/sprockets/rails/quiet_assets.rb:17:in `call'
actionpack (7.1.3.4) lib/action_dispatch/middleware/remote_ip.rb:92:in `call'
actionpack (7.1.3.4) lib/action_dispatch/middleware/request_id.rb:28:in `call'
rack (3.1.4) lib/rack/method_override.rb:28:in `call'
rack (3.1.4) lib/rack/runtime.rb:24:in `call'
activesupport (7.1.3.4) lib/active_support/cache/strategy/local_cache_middleware.rb:29:in `call'
actionpack (7.1.3.4) lib/action_dispatch/middleware/server_timing.rb:59:in `block in call'
actionpack (7.1.3.4) lib/action_dispatch/middleware/server_timing.rb:24:in `collect_events'
actionpack (7.1.3.4) lib/action_dispatch/middleware/server_timing.rb:58:in `call'
actionpack (7.1.3.4) lib/action_dispatch/middleware/executor.rb:14:in `call'
actionpack (7.1.3.4) lib/action_dispatch/middleware/static.rb:25:in `call'
rack (3.1.4) lib/rack/sendfile.rb:114:in `call'
actionpack (7.1.3.4) lib/action_dispatch/middleware/host_authorization.rb:141:in `call'
vite_ruby (3.6.0) lib/vite_ruby/dev_server_proxy.rb:22:in `perform_request'
rack-proxy (0.7.7) lib/rack/proxy.rb:87:in `call'
railties (7.1.3.4) lib/rails/engine.rb:536:in `call'
puma (6.4.2) lib/puma/configuration.rb:272:in `call'
puma (6.4.2) lib/puma/request.rb:100:in `block in handle_request'
puma (6.4.2) lib/puma/thread_pool.rb:378:in `with_force_shutdown'
puma (6.4.2) lib/puma/request.rb:99:in `handle_request'
puma (6.4.2) lib/puma/server.rb:464:in `process_client'
puma (6.4.2) lib/puma/server.rb:245:in `block in run'
puma (6.4.2) lib/puma/thread_pool.rb:155:in `block in spawn_thread'
Started GET "/" for 172.28.0.1 at 2024-07-02 03:23:48 +0000
Cannot render console from 172.28.0.1! Allowed networks: 127.0.0.0/127.255.255.255, ::1
Processing by PagesController#index as HTML
  Rendering layout layouts/application.html.erb
  Rendering pages/index.html.erb within layouts/application
  Rendered pages/index.html.erb within layouts/application (Duration: 0.7ms | Allocations: 1244)
  Rendered layout layouts/application.html.erb (Duration: 0.8ms | Allocations: 1330)
Completed 500 Internal Server Error in 8ms (ActiveRecord: 0.0ms | Allocations: 26112)


  
ActionView::Template::Error (undefined method `genre' for an instance of Hash):
    14:   <div class="row row-cols-1 row-cols-md-2 row-cols-lg-4 g-4 mt-3">
    15:     <% @texts.each do |text| %>
    16:       <div class="col">
    17:         <div class="card h-100" data-ramen-genre="<%= text.genre %>">
    18:           <%= image_tag "https://picsum.photos/300/200", class: "card-img-top", alt: "ラーメンの画像" %>
    19:           <div class="card-body d-flex flex-column justify-content-between">
    20:             <div>
  
app/views/pages/index.html.erb:17
app/views/pages/index.html.erb:15:in `each'
app/views/pages/index.html.erb:15
[dotenv] Set [36mDATABASE_URL[0m and [36mGOOGLE_PLACES_API_KEY[0m
[dotenv] Loaded [33m.env[0m
[dotenv] Set [36mDATABASE_URL[0m and [36mGOOGLE_PLACES_API_KEY[0m
[dotenv] Loaded [33m.env[0m
[dotenv] Set [36mDATABASE_URL[0m and [36mGOOGLE_PLACES_API_KEY[0m
[dotenv] Loaded [33m.env[0m
Started GET "/" for 172.28.0.1 at 2024-07-02 03:31:50 +0000
Cannot render console from 172.28.0.1! Allowed networks: 127.0.0.0/127.255.255.255, ::1
  [1m[36mActiveRecord::SchemaMigration Load (0.6ms)[0m  [1m[34mSELECT "schema_migrations"."version" FROM "schema_migrations" ORDER BY "schema_migrations"."version" ASC[0m
  
ActiveRecord::PendingMigrationError (

Migrations are pending. To resolve this issue, run:

        bin/rails db:migrate

You have 1 pending migration:

db/migrate/20240702032655_create_ramen_stores.rb


):
  
activerecord (7.1.3.4) lib/active_record/migration.rb:755:in `check_pending_migrations'
activerecord (7.1.3.4) lib/active_record/migration.rb:644:in `block (2 levels) in call'
activesupport (7.1.3.4) lib/active_support/file_update_checker.rb:85:in `execute'
activesupport (7.1.3.4) lib/active_support/file_update_checker.rb:95:in `execute_if_updated'
activerecord (7.1.3.4) lib/active_record/migration.rb:651:in `block in call'
activerecord (7.1.3.4) lib/active_record/migration.rb:641:in `synchronize'
activerecord (7.1.3.4) lib/active_record/migration.rb:641:in `call'
actionpack (7.1.3.4) lib/action_dispatch/middleware/callbacks.rb:29:in `block in call'
activesupport (7.1.3.4) lib/active_support/callbacks.rb:101:in `run_callbacks'
actionpack (7.1.3.4) lib/action_dispatch/middleware/callbacks.rb:28:in `call'
actionpack (7.1.3.4) lib/action_dispatch/middleware/executor.rb:14:in `call'
actionpack (7.1.3.4) lib/action_dispatch/middleware/actionable_exceptions.rb:16:in `call'
actionpack (7.1.3.4) lib/action_dispatch/middleware/debug_exceptions.rb:29:in `call'
web-console (4.2.1) lib/web_console/middleware.rb:132:in `call_app'
web-console (4.2.1) lib/web_console/middleware.rb:19:in `block in call'
web-console (4.2.1) lib/web_console/middleware.rb:17:in `catch'
web-console (4.2.1) lib/web_console/middleware.rb:17:in `call'
actionpack (7.1.3.4) lib/action_dispatch/middleware/show_exceptions.rb:31:in `call'
railties (7.1.3.4) lib/rails/rack/logger.rb:37:in `call_app'
railties (7.1.3.4) lib/rails/rack/logger.rb:24:in `block in call'
activesupport (7.1.3.4) lib/active_support/tagged_logging.rb:135:in `block in tagged'
activesupport (7.1.3.4) lib/active_support/tagged_logging.rb:39:in `tagged'
activesupport (7.1.3.4) lib/active_support/tagged_logging.rb:135:in `tagged'
activesupport (7.1.3.4) lib/active_support/broadcast_logger.rb:240:in `method_missing'
railties (7.1.3.4) lib/rails/rack/logger.rb:24:in `call'
sprockets-rails (3.5.1) lib/sprockets/rails/quiet_assets.rb:17:in `call'
actionpack (7.1.3.4) lib/action_dispatch/middleware/remote_ip.rb:92:in `call'
actionpack (7.1.3.4) lib/action_dispatch/middleware/request_id.rb:28:in `call'
rack (3.1.4) lib/rack/method_override.rb:28:in `call'
rack (3.1.4) lib/rack/runtime.rb:24:in `call'
activesupport (7.1.3.4) lib/active_support/cache/strategy/local_cache_middleware.rb:29:in `call'
actionpack (7.1.3.4) lib/action_dispatch/middleware/server_timing.rb:59:in `block in call'
actionpack (7.1.3.4) lib/action_dispatch/middleware/server_timing.rb:24:in `collect_events'
actionpack (7.1.3.4) lib/action_dispatch/middleware/server_timing.rb:58:in `call'
actionpack (7.1.3.4) lib/action_dispatch/middleware/executor.rb:14:in `call'
actionpack (7.1.3.4) lib/action_dispatch/middleware/static.rb:25:in `call'
rack (3.1.4) lib/rack/sendfile.rb:114:in `call'
actionpack (7.1.3.4) lib/action_dispatch/middleware/host_authorization.rb:141:in `call'
vite_ruby (3.6.0) lib/vite_ruby/dev_server_proxy.rb:22:in `perform_request'
rack-proxy (0.7.7) lib/rack/proxy.rb:87:in `call'
railties (7.1.3.4) lib/rails/engine.rb:536:in `call'
puma (6.4.2) lib/puma/configuration.rb:272:in `call'
puma (6.4.2) lib/puma/request.rb:100:in `block in handle_request'
puma (6.4.2) lib/puma/thread_pool.rb:378:in `with_force_shutdown'
puma (6.4.2) lib/puma/request.rb:99:in `handle_request'
puma (6.4.2) lib/puma/server.rb:464:in `process_client'
puma (6.4.2) lib/puma/server.rb:245:in `block in run'
puma (6.4.2) lib/puma/thread_pool.rb:155:in `block in spawn_thread'
Started POST "/rails/actions" for 172.28.0.1 at 2024-07-02 03:31:56 +0000
Cannot render console from 172.28.0.1! Allowed networks: 127.0.0.0/127.255.255.255, ::1
  [1m[35m (0.2ms)[0m  [1m[34mSELECT pg_try_advisory_lock(7864839756650184315)[0m
  [1m[36mActiveRecord::SchemaMigration Load (0.3ms)[0m  [1m[34mSELECT "schema_migrations"."version" FROM "schema_migrations" ORDER BY "schema_migrations"."version" ASC[0m
  [1m[36mActiveRecord::InternalMetadata Load (0.7ms)[0m  [1m[34mSELECT * FROM "ar_internal_metadata" WHERE "ar_internal_metadata"."key" = $1 ORDER BY "ar_internal_metadata"."key" ASC LIMIT 1[0m  [[nil, "environment"]]
Migrating to CreateRamenStores (20240702032655)
  [1m[36mTRANSACTION (0.2ms)[0m  [1m[35mBEGIN[0m
  [1m[35m (20.1ms)[0m  [1m[35mCREATE TABLE "ramen_stores" ("id" bigserial primary key, "title" character varying, "content" text, "genre" character varying, "address" character varying, "business_hours" character varying, "latitude" float, "longitude" float, "created_at" timestamp(6) NOT NULL, "updated_at" timestamp(6) NOT NULL)[0m
  [1m[36mActiveRecord::SchemaMigration Create (0.3ms)[0m  [1m[32mINSERT INTO "schema_migrations" ("version") VALUES ('20240702032655') RETURNING "version"[0m
  [1m[36mTRANSACTION (0.9ms)[0m  [1m[35mCOMMIT[0m
  [1m[35m (0.2ms)[0m  [1m[34mSELECT pg_advisory_unlock(7864839756650184315)[0m
  [1m[36mActiveRecord::SchemaMigration Load (0.2ms)[0m  [1m[34mSELECT "schema_migrations"."version" FROM "schema_migrations" ORDER BY "schema_migrations"."version" ASC[0m
Started GET "/" for 172.28.0.1 at 2024-07-02 03:31:56 +0000
Cannot render console from 172.28.0.1! Allowed networks: 127.0.0.0/127.255.255.255, ::1
  [1m[36mActiveRecord::SchemaMigration Load (0.3ms)[0m  [1m[34mSELECT "schema_migrations"."version" FROM "schema_migrations" ORDER BY "schema_migrations"."version" ASC[0m
Processing by PagesController#index as HTML
  Rendering layout layouts/application.html.erb
  Rendering pages/index.html.erb within layouts/application
  Rendered pages/index.html.erb within layouts/application (Duration: 1.0ms | Allocations: 1304)
  Rendered layout layouts/application.html.erb (Duration: 1.1ms | Allocations: 1390)
Completed 500 Internal Server Error in 9ms (ActiveRecord: 0.0ms | Allocations: 26287)


  
ActionView::Template::Error (undefined method `genre' for an instance of Hash):
    14:   <div class="row row-cols-1 row-cols-md-2 row-cols-lg-4 g-4 mt-3">
    15:     <% @texts.each do |text| %>
    16:       <div class="col">
    17:         <div class="card h-100" data-ramen-genre="<%= text.genre %>">
    18:           <%= image_tag "https://picsum.photos/300/200", class: "card-img-top", alt: "ラーメンの画像" %>
    19:           <div class="card-body d-flex flex-column justify-content-between">
    20:             <div>
  
app/views/pages/index.html.erb:17
app/views/pages/index.html.erb:15:in `each'
app/views/pages/index.html.erb:15
[dotenv] Set [36mGOOGLE_PLACES_API_KEY[0m
[dotenv] Loaded [33m.env[0m
  [1m[35m (0.7ms)[0m  [1m[35mCREATE DATABASE "myapp_development" ENCODING = 'unicode'[0m
[dotenv] Set [36mGOOGLE_PLACES_API_KEY[0m
[dotenv] Loaded [33m.env[0m
  [1m[35m (0.1ms)[0m  [1m[34mSELECT pg_try_advisory_lock(7864839756650184315)[0m
  [1m[36mActiveRecord::SchemaMigration Load (0.9ms)[0m  [1m[34mSELECT "schema_migrations"."version" FROM "schema_migrations" ORDER BY "schema_migrations"."version" ASC[0m
  [1m[36mActiveRecord::InternalMetadata Load (1.0ms)[0m  [1m[34mSELECT * FROM "ar_internal_metadata" WHERE "ar_internal_metadata"."key" = $1 ORDER BY "ar_internal_metadata"."key" ASC LIMIT 1[0m  [[nil, "environment"]]
  [1m[35m (0.2ms)[0m  [1m[34mSELECT pg_advisory_unlock(7864839756650184315)[0m
  [1m[36mActiveRecord::SchemaMigration Load (0.1ms)[0m  [1m[34mSELECT "schema_migrations"."version" FROM "schema_migrations" ORDER BY "schema_migrations"."version" ASC[0m
[dotenv] Set [36mGOOGLE_PLACES_API_KEY[0m
[dotenv] Loaded [33m.env[0m
[dotenv] Set [36mDATABASE_URL[0m and [36mGOOGLE_PLACES_API_KEY[0m
[dotenv] Loaded [33m.env[0m
[dotenv] Set [36mDATABASE_URL[0m and [36mGOOGLE_PLACES_API_KEY[0m
[dotenv] Loaded [33m.env[0m
Started GET "/" for 172.29.0.1 at 2024-07-02 11:09:09 +0000
Cannot render console from 172.29.0.1! Allowed networks: 127.0.0.0/127.255.255.255, ::1
  [1m[36mActiveRecord::SchemaMigration Load (0.7ms)[0m  [1m[34mSELECT "schema_migrations"."version" FROM "schema_migrations" ORDER BY "schema_migrations"."version" ASC[0m
Processing by PagesController#index as HTML
  Rendering layout layouts/application.html.erb
  Rendering pages/index.html.erb within layouts/application
  Rendered pages/index.html.erb within layouts/application (Duration: 1.6ms | Allocations: 1759)
  Rendered layout layouts/application.html.erb (Duration: 1.7ms | Allocations: 1879)
Completed 500 Internal Server Error in 257ms (ActiveRecord: 0.0ms | Allocations: 311846)


  
ActionView::Template::Error (undefined method `genre' for an instance of Hash):
    14:   <div class="row row-cols-1 row-cols-md-2 row-cols-lg-4 g-4 mt-3">
    15:     <% @texts.each do |text| %>
    16:       <div class="col">
    17:         <div class="card h-100" data-ramen-genre="<%= text.genre %>">
    18:           <%= image_tag "https://picsum.photos/300/200", class: "card-img-top", alt: "ラーメンの画像" %>
    19:           <div class="card-body d-flex flex-column justify-content-between">
    20:             <div>
  
app/views/pages/index.html.erb:17
app/views/pages/index.html.erb:15:in `each'
app/views/pages/index.html.erb:15
Started GET "/" for 172.29.0.1 at 2024-07-02 11:09:11 +0000
Cannot render console from 172.29.0.1! Allowed networks: 127.0.0.0/127.255.255.255, ::1
Processing by PagesController#index as HTML
  Rendering layout layouts/application.html.erb
  Rendering pages/index.html.erb within layouts/application
  Rendered pages/index.html.erb within layouts/application (Duration: 0.2ms | Allocations: 1015)
  Rendered layout layouts/application.html.erb (Duration: 0.4ms | Allocations: 1100)
Completed 500 Internal Server Error in 7ms (ActiveRecord: 0.0ms | Allocations: 25401)


  
ActionView::Template::Error (undefined method `genre' for an instance of Hash):
    14:   <div class="row row-cols-1 row-cols-md-2 row-cols-lg-4 g-4 mt-3">
    15:     <% @texts.each do |text| %>
    16:       <div class="col">
    17:         <div class="card h-100" data-ramen-genre="<%= text.genre %>">
    18:           <%= image_tag "https://picsum.photos/300/200", class: "card-img-top", alt: "ラーメンの画像" %>
    19:           <div class="card-body d-flex flex-column justify-content-between">
    20:             <div>
  
app/views/pages/index.html.erb:17
app/views/pages/index.html.erb:15:in `each'
app/views/pages/index.html.erb:15
Started GET "/" for 172.29.0.1 at 2024-07-02 11:13:38 +0000
Cannot render console from 172.29.0.1! Allowed networks: 127.0.0.0/127.255.255.255, ::1
Processing by PagesController#index as HTML
  Rendering layout layouts/application.html.erb
  Rendering pages/index.html.erb within layouts/application
  Rendered pages/index.html.erb within layouts/application (Duration: 1.5ms | Allocations: 924)
  Rendered layout layouts/application.html.erb (Duration: 2.2ms | Allocations: 1281)
Completed 200 OK in 11ms (Views: 3.6ms | ActiveRecord: 0.0ms | Allocations: 26935)


  
ActionDispatch::Cookies::CookieOverflow (_niborame_session cookie overflowed with size 6320 bytes):
  
actionpack (7.1.3.4) lib/action_dispatch/middleware/cookies.rb:597:in `check_for_overflow!'
actionpack (7.1.3.4) lib/action_dispatch/middleware/cookies.rb:679:in `commit'
actionpack (7.1.3.4) lib/action_dispatch/middleware/cookies.rb:515:in `[]='
actionpack (7.1.3.4) lib/action_dispatch/middleware/session/cookie_store.rb:116:in `set_cookie'
rack-session (2.0.0) lib/rack/session/abstract/id.rb:409:in `commit_session'
actionpack (7.1.3.4) lib/action_dispatch/middleware/session/abstract_store.rb:72:in `commit_session'
rack-session (2.0.0) lib/rack/session/abstract/id.rb:274:in `context'
rack-session (2.0.0) lib/rack/session/abstract/id.rb:266:in `call'
actionpack (7.1.3.4) lib/action_dispatch/middleware/cookies.rb:689:in `call'
activerecord (7.1.3.4) lib/active_record/migration.rb:655:in `call'
actionpack (7.1.3.4) lib/action_dispatch/middleware/callbacks.rb:29:in `block in call'
activesupport (7.1.3.4) lib/active_support/callbacks.rb:101:in `run_callbacks'
actionpack (7.1.3.4) lib/action_dispatch/middleware/callbacks.rb:28:in `call'
actionpack (7.1.3.4) lib/action_dispatch/middleware/executor.rb:14:in `call'
actionpack (7.1.3.4) lib/action_dispatch/middleware/actionable_exceptions.rb:16:in `call'
actionpack (7.1.3.4) lib/action_dispatch/middleware/debug_exceptions.rb:29:in `call'
web-console (4.2.1) lib/web_console/middleware.rb:132:in `call_app'
web-console (4.2.1) lib/web_console/middleware.rb:19:in `block in call'
web-console (4.2.1) lib/web_console/middleware.rb:17:in `catch'
web-console (4.2.1) lib/web_console/middleware.rb:17:in `call'
actionpack (7.1.3.4) lib/action_dispatch/middleware/show_exceptions.rb:31:in `call'
railties (7.1.3.4) lib/rails/rack/logger.rb:37:in `call_app'
railties (7.1.3.4) lib/rails/rack/logger.rb:24:in `block in call'
activesupport (7.1.3.4) lib/active_support/tagged_logging.rb:135:in `block in tagged'
activesupport (7.1.3.4) lib/active_support/tagged_logging.rb:39:in `tagged'
activesupport (7.1.3.4) lib/active_support/tagged_logging.rb:135:in `tagged'
activesupport (7.1.3.4) lib/active_support/broadcast_logger.rb:240:in `method_missing'
railties (7.1.3.4) lib/rails/rack/logger.rb:24:in `call'
sprockets-rails (3.5.1) lib/sprockets/rails/quiet_assets.rb:17:in `call'
actionpack (7.1.3.4) lib/action_dispatch/middleware/remote_ip.rb:92:in `call'
actionpack (7.1.3.4) lib/action_dispatch/middleware/request_id.rb:28:in `call'
rack (3.1.4) lib/rack/method_override.rb:28:in `call'
rack (3.1.4) lib/rack/runtime.rb:24:in `call'
activesupport (7.1.3.4) lib/active_support/cache/strategy/local_cache_middleware.rb:29:in `call'
actionpack (7.1.3.4) lib/action_dispatch/middleware/server_timing.rb:59:in `block in call'
actionpack (7.1.3.4) lib/action_dispatch/middleware/server_timing.rb:24:in `collect_events'
actionpack (7.1.3.4) lib/action_dispatch/middleware/server_timing.rb:58:in `call'
actionpack (7.1.3.4) lib/action_dispatch/middleware/executor.rb:14:in `call'
actionpack (7.1.3.4) lib/action_dispatch/middleware/static.rb:25:in `call'
rack (3.1.4) lib/rack/sendfile.rb:114:in `call'
actionpack (7.1.3.4) lib/action_dispatch/middleware/host_authorization.rb:141:in `call'
vite_ruby (3.6.0) lib/vite_ruby/dev_server_proxy.rb:22:in `perform_request'
rack-proxy (0.7.7) lib/rack/proxy.rb:87:in `call'
railties (7.1.3.4) lib/rails/engine.rb:536:in `call'
puma (6.4.2) lib/puma/configuration.rb:272:in `call'
puma (6.4.2) lib/puma/request.rb:100:in `block in handle_request'
puma (6.4.2) lib/puma/thread_pool.rb:378:in `with_force_shutdown'
puma (6.4.2) lib/puma/request.rb:99:in `handle_request'
puma (6.4.2) lib/puma/server.rb:464:in `process_client'
puma (6.4.2) lib/puma/server.rb:245:in `block in run'
puma (6.4.2) lib/puma/thread_pool.rb:155:in `block in spawn_thread'
Started GET "/" for 172.29.0.1 at 2024-07-02 11:18:43 +0000
Cannot render console from 172.29.0.1! Allowed networks: 127.0.0.0/127.255.255.255, ::1
Processing by PagesController#index as HTML
  Rendering layout layouts/application.html.erb
  Rendering pages/index.html.erb within layouts/application
  Rendered pages/index.html.erb within layouts/application (Duration: 1.3ms | Allocations: 766)
  Rendered layout layouts/application.html.erb (Duration: 1.8ms | Allocations: 1120)
Completed 200 OK in 6ms (Views: 2.6ms | ActiveRecord: 0.0ms | Allocations: 13530)


  
ActionDispatch::Cookies::CookieOverflow (_niborame_session cookie overflowed with size 7368 bytes):
  
actionpack (7.1.3.4) lib/action_dispatch/middleware/cookies.rb:597:in `check_for_overflow!'
actionpack (7.1.3.4) lib/action_dispatch/middleware/cookies.rb:679:in `commit'
actionpack (7.1.3.4) lib/action_dispatch/middleware/cookies.rb:515:in `[]='
actionpack (7.1.3.4) lib/action_dispatch/middleware/session/cookie_store.rb:116:in `set_cookie'
rack-session (2.0.0) lib/rack/session/abstract/id.rb:409:in `commit_session'
actionpack (7.1.3.4) lib/action_dispatch/middleware/session/abstract_store.rb:72:in `commit_session'
rack-session (2.0.0) lib/rack/session/abstract/id.rb:274:in `context'
rack-session (2.0.0) lib/rack/session/abstract/id.rb:266:in `call'
actionpack (7.1.3.4) lib/action_dispatch/middleware/cookies.rb:689:in `call'
activerecord (7.1.3.4) lib/active_record/migration.rb:655:in `call'
actionpack (7.1.3.4) lib/action_dispatch/middleware/callbacks.rb:29:in `block in call'
activesupport (7.1.3.4) lib/active_support/callbacks.rb:101:in `run_callbacks'
actionpack (7.1.3.4) lib/action_dispatch/middleware/callbacks.rb:28:in `call'
actionpack (7.1.3.4) lib/action_dispatch/middleware/executor.rb:14:in `call'
actionpack (7.1.3.4) lib/action_dispatch/middleware/actionable_exceptions.rb:16:in `call'
actionpack (7.1.3.4) lib/action_dispatch/middleware/debug_exceptions.rb:29:in `call'
web-console (4.2.1) lib/web_console/middleware.rb:132:in `call_app'
web-console (4.2.1) lib/web_console/middleware.rb:19:in `block in call'
web-console (4.2.1) lib/web_console/middleware.rb:17:in `catch'
web-console (4.2.1) lib/web_console/middleware.rb:17:in `call'
actionpack (7.1.3.4) lib/action_dispatch/middleware/show_exceptions.rb:31:in `call'
railties (7.1.3.4) lib/rails/rack/logger.rb:37:in `call_app'
railties (7.1.3.4) lib/rails/rack/logger.rb:24:in `block in call'
activesupport (7.1.3.4) lib/active_support/tagged_logging.rb:135:in `block in tagged'
activesupport (7.1.3.4) lib/active_support/tagged_logging.rb:39:in `tagged'
activesupport (7.1.3.4) lib/active_support/tagged_logging.rb:135:in `tagged'
activesupport (7.1.3.4) lib/active_support/broadcast_logger.rb:240:in `method_missing'
railties (7.1.3.4) lib/rails/rack/logger.rb:24:in `call'
sprockets-rails (3.5.1) lib/sprockets/rails/quiet_assets.rb:17:in `call'
actionpack (7.1.3.4) lib/action_dispatch/middleware/remote_ip.rb:92:in `call'
actionpack (7.1.3.4) lib/action_dispatch/middleware/request_id.rb:28:in `call'
rack (3.1.4) lib/rack/method_override.rb:28:in `call'
rack (3.1.4) lib/rack/runtime.rb:24:in `call'
activesupport (7.1.3.4) lib/active_support/cache/strategy/local_cache_middleware.rb:29:in `call'
actionpack (7.1.3.4) lib/action_dispatch/middleware/server_timing.rb:59:in `block in call'
actionpack (7.1.3.4) lib/action_dispatch/middleware/server_timing.rb:24:in `collect_events'
actionpack (7.1.3.4) lib/action_dispatch/middleware/server_timing.rb:58:in `call'
actionpack (7.1.3.4) lib/action_dispatch/middleware/executor.rb:14:in `call'
actionpack (7.1.3.4) lib/action_dispatch/middleware/static.rb:25:in `call'
rack (3.1.4) lib/rack/sendfile.rb:114:in `call'
actionpack (7.1.3.4) lib/action_dispatch/middleware/host_authorization.rb:141:in `call'
vite_ruby (3.6.0) lib/vite_ruby/dev_server_proxy.rb:22:in `perform_request'
rack-proxy (0.7.7) lib/rack/proxy.rb:87:in `call'
railties (7.1.3.4) lib/rails/engine.rb:536:in `call'
puma (6.4.2) lib/puma/configuration.rb:272:in `call'
puma (6.4.2) lib/puma/request.rb:100:in `block in handle_request'
puma (6.4.2) lib/puma/thread_pool.rb:378:in `with_force_shutdown'
puma (6.4.2) lib/puma/request.rb:99:in `handle_request'
puma (6.4.2) lib/puma/server.rb:464:in `process_client'
puma (6.4.2) lib/puma/server.rb:245:in `block in run'
puma (6.4.2) lib/puma/thread_pool.rb:155:in `block in spawn_thread'
Started GET "/" for 172.29.0.1 at 2024-07-02 11:18:46 +0000
Cannot render console from 172.29.0.1! Allowed networks: 127.0.0.0/127.255.255.255, ::1
Processing by PagesController#index as HTML
  Rendering layout layouts/application.html.erb
  Rendering pages/index.html.erb within layouts/application
  Rendered pages/index.html.erb within layouts/application (Duration: 0.4ms | Allocations: 461)
  Rendered layout layouts/application.html.erb (Duration: 0.6ms | Allocations: 556)
Completed 200 OK in 4ms (Views: 0.9ms | ActiveRecord: 0.0ms | Allocations: 12138)


  
ActionDispatch::Cookies::CookieOverflow (_niborame_session cookie overflowed with size 7456 bytes):
  
actionpack (7.1.3.4) lib/action_dispatch/middleware/cookies.rb:597:in `check_for_overflow!'
actionpack (7.1.3.4) lib/action_dispatch/middleware/cookies.rb:679:in `commit'
actionpack (7.1.3.4) lib/action_dispatch/middleware/cookies.rb:515:in `[]='
actionpack (7.1.3.4) lib/action_dispatch/middleware/session/cookie_store.rb:116:in `set_cookie'
rack-session (2.0.0) lib/rack/session/abstract/id.rb:409:in `commit_session'
actionpack (7.1.3.4) lib/action_dispatch/middleware/session/abstract_store.rb:72:in `commit_session'
rack-session (2.0.0) lib/rack/session/abstract/id.rb:274:in `context'
rack-session (2.0.0) lib/rack/session/abstract/id.rb:266:in `call'
actionpack (7.1.3.4) lib/action_dispatch/middleware/cookies.rb:689:in `call'
activerecord (7.1.3.4) lib/active_record/migration.rb:655:in `call'
actionpack (7.1.3.4) lib/action_dispatch/middleware/callbacks.rb:29:in `block in call'
activesupport (7.1.3.4) lib/active_support/callbacks.rb:101:in `run_callbacks'
actionpack (7.1.3.4) lib/action_dispatch/middleware/callbacks.rb:28:in `call'
actionpack (7.1.3.4) lib/action_dispatch/middleware/executor.rb:14:in `call'
actionpack (7.1.3.4) lib/action_dispatch/middleware/actionable_exceptions.rb:16:in `call'
actionpack (7.1.3.4) lib/action_dispatch/middleware/debug_exceptions.rb:29:in `call'
web-console (4.2.1) lib/web_console/middleware.rb:132:in `call_app'
web-console (4.2.1) lib/web_console/middleware.rb:19:in `block in call'
web-console (4.2.1) lib/web_console/middleware.rb:17:in `catch'
web-console (4.2.1) lib/web_console/middleware.rb:17:in `call'
actionpack (7.1.3.4) lib/action_dispatch/middleware/show_exceptions.rb:31:in `call'
railties (7.1.3.4) lib/rails/rack/logger.rb:37:in `call_app'
railties (7.1.3.4) lib/rails/rack/logger.rb:24:in `block in call'
activesupport (7.1.3.4) lib/active_support/tagged_logging.rb:135:in `block in tagged'
activesupport (7.1.3.4) lib/active_support/tagged_logging.rb:39:in `tagged'
activesupport (7.1.3.4) lib/active_support/tagged_logging.rb:135:in `tagged'
activesupport (7.1.3.4) lib/active_support/broadcast_logger.rb:240:in `method_missing'
railties (7.1.3.4) lib/rails/rack/logger.rb:24:in `call'
sprockets-rails (3.5.1) lib/sprockets/rails/quiet_assets.rb:17:in `call'
actionpack (7.1.3.4) lib/action_dispatch/middleware/remote_ip.rb:92:in `call'
actionpack (7.1.3.4) lib/action_dispatch/middleware/request_id.rb:28:in `call'
rack (3.1.4) lib/rack/method_override.rb:28:in `call'
rack (3.1.4) lib/rack/runtime.rb:24:in `call'
activesupport (7.1.3.4) lib/active_support/cache/strategy/local_cache_middleware.rb:29:in `call'
actionpack (7.1.3.4) lib/action_dispatch/middleware/server_timing.rb:59:in `block in call'
actionpack (7.1.3.4) lib/action_dispatch/middleware/server_timing.rb:24:in `collect_events'
actionpack (7.1.3.4) lib/action_dispatch/middleware/server_timing.rb:58:in `call'
actionpack (7.1.3.4) lib/action_dispatch/middleware/executor.rb:14:in `call'
actionpack (7.1.3.4) lib/action_dispatch/middleware/static.rb:25:in `call'
rack (3.1.4) lib/rack/sendfile.rb:114:in `call'
actionpack (7.1.3.4) lib/action_dispatch/middleware/host_authorization.rb:141:in `call'
vite_ruby (3.6.0) lib/vite_ruby/dev_server_proxy.rb:22:in `perform_request'
rack-proxy (0.7.7) lib/rack/proxy.rb:87:in `call'
railties (7.1.3.4) lib/rails/engine.rb:536:in `call'
puma (6.4.2) lib/puma/configuration.rb:272:in `call'
puma (6.4.2) lib/puma/request.rb:100:in `block in handle_request'
puma (6.4.2) lib/puma/thread_pool.rb:378:in `with_force_shutdown'
puma (6.4.2) lib/puma/request.rb:99:in `handle_request'
puma (6.4.2) lib/puma/server.rb:464:in `process_client'
puma (6.4.2) lib/puma/server.rb:245:in `block in run'
puma (6.4.2) lib/puma/thread_pool.rb:155:in `block in spawn_thread'
[dotenv] Set [36mGOOGLE_PLACES_API_KEY[0m
[dotenv] Loaded [33m.env[0m
  [1m[35m (0.8ms)[0m  [1m[35mCREATE DATABASE "myapp_development" ENCODING = 'unicode'[0m
[dotenv] Set [36mGOOGLE_PLACES_API_KEY[0m
[dotenv] Loaded [33m.env[0m
  [1m[35m (0.1ms)[0m  [1m[34mSELECT pg_try_advisory_lock(7864839756650184315)[0m
  [1m[36mActiveRecord::SchemaMigration Load (1.5ms)[0m  [1m[34mSELECT "schema_migrations"."version" FROM "schema_migrations" ORDER BY "schema_migrations"."version" ASC[0m
  [1m[36mActiveRecord::InternalMetadata Load (1.0ms)[0m  [1m[34mSELECT * FROM "ar_internal_metadata" WHERE "ar_internal_metadata"."key" = $1 ORDER BY "ar_internal_metadata"."key" ASC LIMIT 1[0m  [[nil, "environment"]]
  [1m[35m (0.3ms)[0m  [1m[34mSELECT pg_advisory_unlock(7864839756650184315)[0m
  [1m[36mActiveRecord::SchemaMigration Load (0.2ms)[0m  [1m[34mSELECT "schema_migrations"."version" FROM "schema_migrations" ORDER BY "schema_migrations"."version" ASC[0m
[dotenv] Set [36mGOOGLE_PLACES_API_KEY[0m
[dotenv] Loaded [33m.env[0m
Started GET "/" for 172.30.0.1 at 2024-07-02 11:20:36 +0000
Cannot render console from 172.30.0.1! Allowed networks: 127.0.0.0/127.255.255.255, ::1
  [1m[36mActiveRecord::SchemaMigration Load (0.8ms)[0m  [1m[34mSELECT "schema_migrations"."version" FROM "schema_migrations" ORDER BY "schema_migrations"."version" ASC[0m
Processing by PagesController#index as HTML
  Rendering layout layouts/application.html.erb
  Rendering pages/index.html.erb within layouts/application
  Rendered pages/index.html.erb within layouts/application (Duration: 1.3ms | Allocations: 1014)
  Rendered layout layouts/application.html.erb (Duration: 2.0ms | Allocations: 1412)
Completed 200 OK in 247ms (Views: 4.9ms | ActiveRecord: 0.0ms | Allocations: 298994)


  
ActionDispatch::Cookies::CookieOverflow (_niborame_session cookie overflowed with size 7368 bytes):
  
actionpack (7.1.3.4) lib/action_dispatch/middleware/cookies.rb:597:in `check_for_overflow!'
actionpack (7.1.3.4) lib/action_dispatch/middleware/cookies.rb:679:in `commit'
actionpack (7.1.3.4) lib/action_dispatch/middleware/cookies.rb:515:in `[]='
actionpack (7.1.3.4) lib/action_dispatch/middleware/session/cookie_store.rb:116:in `set_cookie'
rack-session (2.0.0) lib/rack/session/abstract/id.rb:409:in `commit_session'
actionpack (7.1.3.4) lib/action_dispatch/middleware/session/abstract_store.rb:72:in `commit_session'
rack-session (2.0.0) lib/rack/session/abstract/id.rb:274:in `context'
rack-session (2.0.0) lib/rack/session/abstract/id.rb:266:in `call'
actionpack (7.1.3.4) lib/action_dispatch/middleware/cookies.rb:689:in `call'
activerecord (7.1.3.4) lib/active_record/migration.rb:655:in `call'
actionpack (7.1.3.4) lib/action_dispatch/middleware/callbacks.rb:29:in `block in call'
activesupport (7.1.3.4) lib/active_support/callbacks.rb:101:in `run_callbacks'
actionpack (7.1.3.4) lib/action_dispatch/middleware/callbacks.rb:28:in `call'
actionpack (7.1.3.4) lib/action_dispatch/middleware/executor.rb:14:in `call'
actionpack (7.1.3.4) lib/action_dispatch/middleware/actionable_exceptions.rb:16:in `call'
actionpack (7.1.3.4) lib/action_dispatch/middleware/debug_exceptions.rb:29:in `call'
web-console (4.2.1) lib/web_console/middleware.rb:132:in `call_app'
web-console (4.2.1) lib/web_console/middleware.rb:19:in `block in call'
web-console (4.2.1) lib/web_console/middleware.rb:17:in `catch'
web-console (4.2.1) lib/web_console/middleware.rb:17:in `call'
actionpack (7.1.3.4) lib/action_dispatch/middleware/show_exceptions.rb:31:in `call'
railties (7.1.3.4) lib/rails/rack/logger.rb:37:in `call_app'
railties (7.1.3.4) lib/rails/rack/logger.rb:24:in `block in call'
activesupport (7.1.3.4) lib/active_support/tagged_logging.rb:135:in `block in tagged'
activesupport (7.1.3.4) lib/active_support/tagged_logging.rb:39:in `tagged'
activesupport (7.1.3.4) lib/active_support/tagged_logging.rb:135:in `tagged'
activesupport (7.1.3.4) lib/active_support/broadcast_logger.rb:240:in `method_missing'
railties (7.1.3.4) lib/rails/rack/logger.rb:24:in `call'
sprockets-rails (3.5.1) lib/sprockets/rails/quiet_assets.rb:17:in `call'
actionpack (7.1.3.4) lib/action_dispatch/middleware/remote_ip.rb:92:in `call'
actionpack (7.1.3.4) lib/action_dispatch/middleware/request_id.rb:28:in `call'
rack (3.1.4) lib/rack/method_override.rb:28:in `call'
rack (3.1.4) lib/rack/runtime.rb:24:in `call'
activesupport (7.1.3.4) lib/active_support/cache/strategy/local_cache_middleware.rb:29:in `call'
actionpack (7.1.3.4) lib/action_dispatch/middleware/server_timing.rb:59:in `block in call'
actionpack (7.1.3.4) lib/action_dispatch/middleware/server_timing.rb:24:in `collect_events'
actionpack (7.1.3.4) lib/action_dispatch/middleware/server_timing.rb:58:in `call'
actionpack (7.1.3.4) lib/action_dispatch/middleware/executor.rb:14:in `call'
actionpack (7.1.3.4) lib/action_dispatch/middleware/static.rb:25:in `call'
rack (3.1.4) lib/rack/sendfile.rb:114:in `call'
actionpack (7.1.3.4) lib/action_dispatch/middleware/host_authorization.rb:141:in `call'
vite_ruby (3.6.0) lib/vite_ruby/dev_server_proxy.rb:22:in `perform_request'
rack-proxy (0.7.7) lib/rack/proxy.rb:87:in `call'
railties (7.1.3.4) lib/rails/engine.rb:536:in `call'
puma (6.4.2) lib/puma/configuration.rb:272:in `call'
puma (6.4.2) lib/puma/request.rb:100:in `block in handle_request'
puma (6.4.2) lib/puma/thread_pool.rb:378:in `with_force_shutdown'
puma (6.4.2) lib/puma/request.rb:99:in `handle_request'
puma (6.4.2) lib/puma/server.rb:464:in `process_client'
puma (6.4.2) lib/puma/server.rb:245:in `block in run'
puma (6.4.2) lib/puma/thread_pool.rb:155:in `block in spawn_thread'
Started GET "/" for 172.30.0.1 at 2024-07-02 11:31:50 +0000
Cannot render console from 172.30.0.1! Allowed networks: 127.0.0.0/127.255.255.255, ::1
Processing by PagesController#index as HTML
  Rendering layout layouts/application.html.erb
  Rendering pages/index.html.erb within layouts/application
  Rendered pages/index.html.erb within layouts/application (Duration: 1.2ms | Allocations: 819)
  Rendered layout layouts/application.html.erb (Duration: 1.7ms | Allocations: 1173)
Completed 200 OK in 50ms (Views: 2.9ms | ActiveRecord: 0.0ms | Allocations: 20089)


Started GET "/shoplist/c0457dd6-78cf-493e-96c9-bd4dbe4fc2c5" for 172.30.0.1 at 2024-07-02 11:31:53 +0000
Cannot render console from 172.30.0.1! Allowed networks: 127.0.0.0/127.255.255.255, ::1
Processing by ShoplistController#show as HTML
  Parameters: {"id"=>"c0457dd6-78cf-493e-96c9-bd4dbe4fc2c5"}
Completed 500 Internal Server Error in 0ms (ActiveRecord: 0.0ms | Allocations: 539)


  
NoMethodError (undefined method `find' for nil):
  
app/controllers/shoplist_controller.rb:21:in `show'
Started GET "/" for 172.30.0.1 at 2024-07-02 11:33:47 +0000
Cannot render console from 172.30.0.1! Allowed networks: 127.0.0.0/127.255.255.255, ::1
Processing by PagesController#index as HTML
  Rendering layout layouts/application.html.erb
  Rendering pages/index.html.erb within layouts/application
  Rendered pages/index.html.erb within layouts/application (Duration: 1.2ms | Allocations: 818)
  Rendered layout layouts/application.html.erb (Duration: 2.0ms | Allocations: 1172)
Completed 200 OK in 10ms (Views: 3.3ms | ActiveRecord: 0.0ms | Allocations: 21096)


Started GET "/shoplist/332bca1b-8d05-49aa-b958-4ac7efe93e90" for 172.30.0.1 at 2024-07-02 11:33:49 +0000
Cannot render console from 172.30.0.1! Allowed networks: 127.0.0.0/127.255.255.255, ::1
Processing by ShoplistController#show as HTML
  Parameters: {"id"=>"332bca1b-8d05-49aa-b958-4ac7efe93e90"}
Redirected to http://localhost:3000/
Completed 302 Found in 9ms (ActiveRecord: 0.0ms | Allocations: 19333)


Started GET "/" for 172.30.0.1 at 2024-07-02 11:33:49 +0000
Cannot render console from 172.30.0.1! Allowed networks: 127.0.0.0/127.255.255.255, ::1
Processing by PagesController#index as HTML
  Rendering layout layouts/application.html.erb
  Rendering pages/index.html.erb within layouts/application
  Rendered pages/index.html.erb within layouts/application (Duration: 0.9ms | Allocations: 509)
  Rendered layout layouts/application.html.erb (Duration: 1.1ms | Allocations: 604)
Completed 200 OK in 9ms (Views: 1.7ms | ActiveRecord: 0.0ms | Allocations: 19280)


Started GET "/shoplist/a23a84c4-3ac7-48c2-abe6-ce56b25c042b" for 172.30.0.1 at 2024-07-02 11:33:50 +0000
Cannot render console from 172.30.0.1! Allowed networks: 127.0.0.0/127.255.255.255, ::1
Processing by ShoplistController#show as HTML
  Parameters: {"id"=>"a23a84c4-3ac7-48c2-abe6-ce56b25c042b"}
Redirected to http://localhost:3000/
Completed 302 Found in 6ms (ActiveRecord: 0.0ms | Allocations: 19115)


Started GET "/" for 172.30.0.1 at 2024-07-02 11:33:50 +0000
Cannot render console from 172.30.0.1! Allowed networks: 127.0.0.0/127.255.255.255, ::1
Processing by PagesController#index as HTML
  Rendering layout layouts/application.html.erb
  Rendering pages/index.html.erb within layouts/application
  Rendered pages/index.html.erb within layouts/application (Duration: 0.6ms | Allocations: 508)
  Rendered layout layouts/application.html.erb (Duration: 0.8ms | Allocations: 603)
Completed 200 OK in 6ms (Views: 1.2ms | ActiveRecord: 0.0ms | Allocations: 19193)


Started GET "/shoplist/51b2895c-1287-4b1b-81cd-fb3580a04611" for 172.30.0.1 at 2024-07-02 11:34:00 +0000
Cannot render console from 172.30.0.1! Allowed networks: 127.0.0.0/127.255.255.255, ::1
Processing by ShoplistController#show as HTML
  Parameters: {"id"=>"51b2895c-1287-4b1b-81cd-fb3580a04611"}
Redirected to http://localhost:3000/
Completed 302 Found in 7ms (ActiveRecord: 0.0ms | Allocations: 18679)


Started GET "/" for 172.30.0.1 at 2024-07-02 11:34:00 +0000
Cannot render console from 172.30.0.1! Allowed networks: 127.0.0.0/127.255.255.255, ::1
Processing by PagesController#index as HTML
  Rendering layout layouts/application.html.erb
  Rendering pages/index.html.erb within layouts/application
  Rendered pages/index.html.erb within layouts/application (Duration: 0.6ms | Allocations: 508)
  Rendered layout layouts/application.html.erb (Duration: 0.8ms | Allocations: 603)
Completed 200 OK in 6ms (Views: 1.2ms | ActiveRecord: 0.0ms | Allocations: 19149)


Started GET "/" for 172.30.0.1 at 2024-07-02 12:29:49 +0000
Cannot render console from 172.30.0.1! Allowed networks: 127.0.0.0/127.255.255.255, ::1
Processing by PagesController#index as HTML
  Rendering layout layouts/application.html.erb
  Rendering pages/index.html.erb within layouts/application
  Rendered pages/index.html.erb within layouts/application (Duration: 1.0ms | Allocations: 508)
  Rendered layout layouts/application.html.erb (Duration: 1.4ms | Allocations: 611)
Completed 200 OK in 9ms (Views: 2.0ms | ActiveRecord: 0.0ms | Allocations: 18573)


Started GET "/shoplist/1273ca1e-fa73-4544-ac88-ff7627f45b04" for 172.30.0.1 at 2024-07-02 12:29:51 +0000
Cannot render console from 172.30.0.1! Allowed networks: 127.0.0.0/127.255.255.255, ::1
Processing by ShoplistController#show as HTML
  Parameters: {"id"=>"1273ca1e-fa73-4544-ac88-ff7627f45b04"}
Redirected to http://localhost:3000/
Completed 302 Found in 9ms (ActiveRecord: 0.0ms | Allocations: 18234)


Started GET "/" for 172.30.0.1 at 2024-07-02 12:29:51 +0000
Cannot render console from 172.30.0.1! Allowed networks: 127.0.0.0/127.255.255.255, ::1
Processing by PagesController#index as HTML
  Rendering layout layouts/application.html.erb
  Rendering pages/index.html.erb within layouts/application
  Rendered pages/index.html.erb within layouts/application (Duration: 0.5ms | Allocations: 506)
  Rendered layout layouts/application.html.erb (Duration: 0.7ms | Allocations: 601)
Completed 200 OK in 7ms (Views: 1.1ms | ActiveRecord: 0.0ms | Allocations: 19347)


Started GET "/shoplist/0f7f8d62-0129-47b0-9dbc-c6ba250e90ab" for 172.30.0.1 at 2024-07-02 13:21:13 +0000
Cannot render console from 172.30.0.1! Allowed networks: 127.0.0.0/127.255.255.255, ::1
Processing by ShoplistController#show as HTML
  Parameters: {"id"=>"0f7f8d62-0129-47b0-9dbc-c6ba250e90ab"}
Redirected to http://localhost:3000/
Completed 302 Found in 6ms (ActiveRecord: 0.0ms | Allocations: 18589)


Started GET "/" for 172.30.0.1 at 2024-07-02 13:21:13 +0000
Cannot render console from 172.30.0.1! Allowed networks: 127.0.0.0/127.255.255.255, ::1
Processing by PagesController#index as HTML
  Rendering layout layouts/application.html.erb
  Rendering pages/index.html.erb within layouts/application
  Rendered pages/index.html.erb within layouts/application (Duration: 0.5ms | Allocations: 510)
  Rendered layout layouts/application.html.erb (Duration: 0.7ms | Allocations: 605)
Completed 200 OK in 6ms (Views: 1.0ms | ActiveRecord: 0.0ms | Allocations: 18332)


Started GET "/shoplist/f5c867e9-0dd6-4fd1-be9d-3c3c9318e60a" for 172.30.0.1 at 2024-07-02 13:21:36 +0000
Cannot render console from 172.30.0.1! Allowed networks: 127.0.0.0/127.255.255.255, ::1
Processing by ShoplistController#show as HTML
  Parameters: {"id"=>"f5c867e9-0dd6-4fd1-be9d-3c3c9318e60a"}
Redirected to http://localhost:3000/
Completed 302 Found in 7ms (ActiveRecord: 0.0ms | Allocations: 19224)


Started GET "/" for 172.30.0.1 at 2024-07-02 13:21:36 +0000
Cannot render console from 172.30.0.1! Allowed networks: 127.0.0.0/127.255.255.255, ::1
Processing by PagesController#index as HTML
  Rendering layout layouts/application.html.erb
  Rendering pages/index.html.erb within layouts/application
  Rendered pages/index.html.erb within layouts/application (Duration: 0.5ms | Allocations: 509)
  Rendered layout layouts/application.html.erb (Duration: 0.7ms | Allocations: 604)
Completed 200 OK in 7ms (Views: 1.1ms | ActiveRecord: 0.0ms | Allocations: 18660)


Started GET "/shoplist/d9624296-db93-4fc0-bc80-06d0a4982872" for 172.30.0.1 at 2024-07-02 13:26:59 +0000
Cannot render console from 172.30.0.1! Allowed networks: 127.0.0.0/127.255.255.255, ::1
Processing by ShoplistController#show as HTML
  Parameters: {"id"=>"d9624296-db93-4fc0-bc80-06d0a4982872"}
Redirected to http://localhost:3000/
Completed 302 Found in 7ms (ActiveRecord: 0.0ms | Allocations: 19286)


Started GET "/" for 172.30.0.1 at 2024-07-02 13:26:59 +0000
Cannot render console from 172.30.0.1! Allowed networks: 127.0.0.0/127.255.255.255, ::1
Processing by PagesController#index as HTML
  Rendering layout layouts/application.html.erb
  Rendering pages/index.html.erb within layouts/application
  Rendered pages/index.html.erb within layouts/application (Duration: 0.7ms | Allocations: 506)
  Rendered layout layouts/application.html.erb (Duration: 0.9ms | Allocations: 601)
Completed 200 OK in 6ms (Views: 1.4ms | ActiveRecord: 0.0ms | Allocations: 19526)


Started GET "/shoplist/9fe973eb-ecef-4cdd-a95e-988e71c55971" for 172.30.0.1 at 2024-07-02 13:27:04 +0000
Cannot render console from 172.30.0.1! Allowed networks: 127.0.0.0/127.255.255.255, ::1
Processing by ShoplistController#show as HTML
  Parameters: {"id"=>"9fe973eb-ecef-4cdd-a95e-988e71c55971"}
Redirected to http://localhost:3000/
Completed 302 Found in 6ms (ActiveRecord: 0.0ms | Allocations: 19065)


Started GET "/" for 172.30.0.1 at 2024-07-02 13:27:04 +0000
Cannot render console from 172.30.0.1! Allowed networks: 127.0.0.0/127.255.255.255, ::1
Processing by PagesController#index as HTML
  Rendering layout layouts/application.html.erb
  Rendering pages/index.html.erb within layouts/application
  Rendered pages/index.html.erb within layouts/application (Duration: 0.4ms | Allocations: 510)
  Rendered layout layouts/application.html.erb (Duration: 0.6ms | Allocations: 605)
Completed 200 OK in 5ms (Views: 0.9ms | ActiveRecord: 0.0ms | Allocations: 17735)


Started GET "/shoplist/5a94b903-c455-4b10-88e7-1b5b3fbfc3ec" for 172.30.0.1 at 2024-07-02 13:27:05 +0000
Cannot render console from 172.30.0.1! Allowed networks: 127.0.0.0/127.255.255.255, ::1
Processing by ShoplistController#show as HTML
  Parameters: {"id"=>"5a94b903-c455-4b10-88e7-1b5b3fbfc3ec"}
Redirected to http://localhost:3000/
Completed 302 Found in 6ms (ActiveRecord: 0.0ms | Allocations: 18498)


Started GET "/" for 172.30.0.1 at 2024-07-02 13:27:05 +0000
Cannot render console from 172.30.0.1! Allowed networks: 127.0.0.0/127.255.255.255, ::1
Processing by PagesController#index as HTML
  Rendering layout layouts/application.html.erb
  Rendering pages/index.html.erb within layouts/application
  Rendered pages/index.html.erb within layouts/application (Duration: 0.5ms | Allocations: 510)
  Rendered layout layouts/application.html.erb (Duration: 0.7ms | Allocations: 605)
Completed 200 OK in 6ms (Views: 1.0ms | ActiveRecord: 0.0ms | Allocations: 19278)


Started GET "/" for 172.30.0.1 at 2024-07-02 13:32:19 +0000
Cannot render console from 172.30.0.1! Allowed networks: 127.0.0.0/127.255.255.255, ::1
Processing by PagesController#index as HTML
  Rendering layout layouts/application.html.erb
  Rendering pages/index.html.erb within layouts/application
  Rendered pages/index.html.erb within layouts/application (Duration: 0.8ms | Allocations: 784)
  Rendered layout layouts/application.html.erb (Duration: 1.3ms | Allocations: 1138)
Completed 200 OK in 8ms (Views: 2.5ms | ActiveRecord: 0.0ms | Allocations: 20238)


Started GET "/shoplist/37914de5-1e6d-4957-b881-61e75fd7f2bb" for 172.30.0.1 at 2024-07-02 13:32:22 +0000
Cannot render console from 172.30.0.1! Allowed networks: 127.0.0.0/127.255.255.255, ::1
Processing by ShoplistController#show as HTML
  Parameters: {"id"=>"37914de5-1e6d-4957-b881-61e75fd7f2bb"}
Completed 500 Internal Server Error in 1ms (ActiveRecord: 0.0ms | Allocations: 1023)


  
NoMethodError (undefined method `map' for nil):
  
app/controllers/shoplist_controller.rb:22:in `show'
Started GET "/" for 172.30.0.1 at 2024-07-02 13:34:43 +0000
Cannot render console from 172.30.0.1! Allowed networks: 127.0.0.0/127.255.255.255, ::1
Processing by PagesController#index as HTML
  Rendering layout layouts/application.html.erb
  Rendering pages/index.html.erb within layouts/application
  Rendered pages/index.html.erb within layouts/application (Duration: 0.8ms | Allocations: 779)
  Rendered layout layouts/application.html.erb (Duration: 1.3ms | Allocations: 1133)
Completed 200 OK in 7ms (Views: 2.2ms | ActiveRecord: 0.0ms | Allocations: 20818)


Started GET "/shoplist/beaf34f2-f42b-4c11-a9f3-ea1420e93ebc" for 172.30.0.1 at 2024-07-02 13:34:47 +0000
Cannot render console from 172.30.0.1! Allowed networks: 127.0.0.0/127.255.255.255, ::1
Processing by ShoplistController#show as HTML
  Parameters: {"id"=>"beaf34f2-f42b-4c11-a9f3-ea1420e93ebc"}
Redirected to http://localhost:3000/shoplist
Completed 302 Found in 1ms (ActiveRecord: 0.0ms | Allocations: 758)


Started GET "/shoplist" for 172.30.0.1 at 2024-07-02 13:34:47 +0000
Cannot render console from 172.30.0.1! Allowed networks: 127.0.0.0/127.255.255.255, ::1
Processing by ShoplistController#index as HTML
  Rendering layout layouts/application.html.erb
  Rendering shoplist/index.html.erb within layouts/application
  Rendered shoplist/index.html.erb within layouts/application (Duration: 0.8ms | Allocations: 1261)
  Rendered layout layouts/application.html.erb (Duration: 0.9ms | Allocations: 1346)
Completed 500 Internal Server Error in 6ms (ActiveRecord: 0.0ms | Allocations: 20732)


  
ActionView::Template::Error (undefined method `title' for nil):
    3: <head>
    4:   <meta charset="UTF-8">
    5:   <meta name="viewport" content="width=device-width, initial-scale=1.0">
    6:   <title><%= @shop.title %></title>
    7:   <link href="https://cdn.jsdelivr.net/npm/bootstrap@5.3.0-alpha1/dist/css/bootstrap.min.css" rel="stylesheet">
    8:   <link href="https://cdnjs.cloudflare.com/ajax/libs/font-awesome/6.0.0-beta3/css/all.min.css" rel="stylesheet">
    9:   <style>
  
app/views/shoplist/index.html.erb:6
Started GET "/" for 172.30.0.1 at 2024-07-02 14:16:18 +0000
Cannot render console from 172.30.0.1! Allowed networks: 127.0.0.0/127.255.255.255, ::1
Processing by PagesController#index as HTML
  Rendering layout layouts/application.html.erb
  Rendering pages/index.html.erb within layouts/application
  Rendered pages/index.html.erb within layouts/application (Duration: 0.8ms | Allocations: 778)
  Rendered layout layouts/application.html.erb (Duration: 1.4ms | Allocations: 1132)
Completed 200 OK in 7ms (Views: 2.3ms | ActiveRecord: 0.0ms | Allocations: 20752)


Started GET "/shoplist/f0c70bfb-fc6d-44cf-9f8b-2e79a5a68a3d" for 172.30.0.1 at 2024-07-02 14:16:19 +0000
Cannot render console from 172.30.0.1! Allowed networks: 127.0.0.0/127.255.255.255, ::1
Processing by ShoplistController#show as HTML
  Parameters: {"id"=>"f0c70bfb-fc6d-44cf-9f8b-2e79a5a68a3d"}
Redirected to http://localhost:3000/shoplist
Completed 302 Found in 1ms (ActiveRecord: 0.0ms | Allocations: 762)


Started GET "/shoplist" for 172.30.0.1 at 2024-07-02 14:16:19 +0000
Cannot render console from 172.30.0.1! Allowed networks: 127.0.0.0/127.255.255.255, ::1
Processing by ShoplistController#index as HTML
  Rendering layout layouts/application.html.erb
  Rendering shoplist/index.html.erb within layouts/application
  Rendered shoplist/index.html.erb within layouts/application (Duration: 0.9ms | Allocations: 1314)
  Rendered layout layouts/application.html.erb (Duration: 1.1ms | Allocations: 1399)
Completed 500 Internal Server Error in 6ms (ActiveRecord: 0.0ms | Allocations: 19293)


  
ActionView::Template::Error (undefined method `genre' for an instance of Hash):
    44:     <div class="row row-cols-1 row-cols-md-2 row-cols-lg-4 g-4 mt-3">
    45:       <% @shops.each do |shop| %>
    46:         <div class="col">
    47:           <div class="card h-100" data-ramen-genre="<%= shop.genre %>">
    48:             <%= image_tag shop.image, class: "card-img-top", alt: "ラーメンの画像" %>
    49:             <div class="card-body d-flex flex-column justify-content-between">
    50:               <div>
  
app/views/shoplist/index.html.erb:47
app/views/shoplist/index.html.erb:45:in `each'
app/views/shoplist/index.html.erb:45
Started GET "/" for 172.30.0.1 at 2024-07-02 14:18:38 +0000
Cannot render console from 172.30.0.1! Allowed networks: 127.0.0.0/127.255.255.255, ::1
Processing by PagesController#index as HTML
  Rendering layout layouts/application.html.erb
  Rendering pages/index.html.erb within layouts/application
  Rendered pages/index.html.erb within layouts/application (Duration: 0.7ms | Allocations: 779)
  Rendered layout layouts/application.html.erb (Duration: 1.2ms | Allocations: 1133)
Completed 200 OK in 7ms (Views: 2.3ms | ActiveRecord: 0.0ms | Allocations: 21032)


Started GET "/shoplist/2054b224-5c5d-42bd-9554-5c7353c64e6f" for 172.30.0.1 at 2024-07-02 14:18:40 +0000
Cannot render console from 172.30.0.1! Allowed networks: 127.0.0.0/127.255.255.255, ::1
Processing by ShoplistController#show as HTML
  Parameters: {"id"=>"2054b224-5c5d-42bd-9554-5c7353c64e6f"}
Redirected to http://localhost:3000/shoplist
Completed 302 Found in 1ms (ActiveRecord: 0.0ms | Allocations: 774)


Started GET "/shoplist" for 172.30.0.1 at 2024-07-02 14:18:40 +0000
Cannot render console from 172.30.0.1! Allowed networks: 127.0.0.0/127.255.255.255, ::1
Processing by ShoplistController#index as HTML
  Rendering layout layouts/application.html.erb
  Rendering shoplist/index.html.erb within layouts/application
  Rendered shoplist/index.html.erb within layouts/application (Duration: 0.9ms | Allocations: 800)
  Rendered layout layouts/application.html.erb (Duration: 1.1ms | Allocations: 895)
Completed 200 OK in 8ms (Views: 1.6ms | ActiveRecord: 0.0ms | Allocations: 22450)


  
ActionDispatch::Cookies::CookieOverflow (_niborame_session cookie overflowed with size 18420 bytes):
  
actionpack (7.1.3.4) lib/action_dispatch/middleware/cookies.rb:597:in `check_for_overflow!'
actionpack (7.1.3.4) lib/action_dispatch/middleware/cookies.rb:679:in `commit'
actionpack (7.1.3.4) lib/action_dispatch/middleware/cookies.rb:515:in `[]='
actionpack (7.1.3.4) lib/action_dispatch/middleware/session/cookie_store.rb:116:in `set_cookie'
rack-session (2.0.0) lib/rack/session/abstract/id.rb:409:in `commit_session'
actionpack (7.1.3.4) lib/action_dispatch/middleware/session/abstract_store.rb:72:in `commit_session'
rack-session (2.0.0) lib/rack/session/abstract/id.rb:274:in `context'
rack-session (2.0.0) lib/rack/session/abstract/id.rb:266:in `call'
actionpack (7.1.3.4) lib/action_dispatch/middleware/cookies.rb:689:in `call'
activerecord (7.1.3.4) lib/active_record/migration.rb:655:in `call'
actionpack (7.1.3.4) lib/action_dispatch/middleware/callbacks.rb:29:in `block in call'
activesupport (7.1.3.4) lib/active_support/callbacks.rb:101:in `run_callbacks'
actionpack (7.1.3.4) lib/action_dispatch/middleware/callbacks.rb:28:in `call'
actionpack (7.1.3.4) lib/action_dispatch/middleware/executor.rb:14:in `call'
actionpack (7.1.3.4) lib/action_dispatch/middleware/actionable_exceptions.rb:16:in `call'
actionpack (7.1.3.4) lib/action_dispatch/middleware/debug_exceptions.rb:29:in `call'
web-console (4.2.1) lib/web_console/middleware.rb:132:in `call_app'
web-console (4.2.1) lib/web_console/middleware.rb:19:in `block in call'
web-console (4.2.1) lib/web_console/middleware.rb:17:in `catch'
web-console (4.2.1) lib/web_console/middleware.rb:17:in `call'
actionpack (7.1.3.4) lib/action_dispatch/middleware/show_exceptions.rb:31:in `call'
railties (7.1.3.4) lib/rails/rack/logger.rb:37:in `call_app'
railties (7.1.3.4) lib/rails/rack/logger.rb:24:in `block in call'
activesupport (7.1.3.4) lib/active_support/tagged_logging.rb:135:in `block in tagged'
activesupport (7.1.3.4) lib/active_support/tagged_logging.rb:39:in `tagged'
activesupport (7.1.3.4) lib/active_support/tagged_logging.rb:135:in `tagged'
activesupport (7.1.3.4) lib/active_support/broadcast_logger.rb:240:in `method_missing'
railties (7.1.3.4) lib/rails/rack/logger.rb:24:in `call'
sprockets-rails (3.5.1) lib/sprockets/rails/quiet_assets.rb:17:in `call'
actionpack (7.1.3.4) lib/action_dispatch/middleware/remote_ip.rb:92:in `call'
actionpack (7.1.3.4) lib/action_dispatch/middleware/request_id.rb:28:in `call'
rack (3.1.4) lib/rack/method_override.rb:28:in `call'
rack (3.1.4) lib/rack/runtime.rb:24:in `call'
activesupport (7.1.3.4) lib/active_support/cache/strategy/local_cache_middleware.rb:29:in `call'
actionpack (7.1.3.4) lib/action_dispatch/middleware/server_timing.rb:59:in `block in call'
actionpack (7.1.3.4) lib/action_dispatch/middleware/server_timing.rb:24:in `collect_events'
actionpack (7.1.3.4) lib/action_dispatch/middleware/server_timing.rb:58:in `call'
actionpack (7.1.3.4) lib/action_dispatch/middleware/executor.rb:14:in `call'
actionpack (7.1.3.4) lib/action_dispatch/middleware/static.rb:25:in `call'
rack (3.1.4) lib/rack/sendfile.rb:114:in `call'
actionpack (7.1.3.4) lib/action_dispatch/middleware/host_authorization.rb:141:in `call'
vite_ruby (3.6.0) lib/vite_ruby/dev_server_proxy.rb:22:in `perform_request'
rack-proxy (0.7.7) lib/rack/proxy.rb:87:in `call'
railties (7.1.3.4) lib/rails/engine.rb:536:in `call'
puma (6.4.2) lib/puma/configuration.rb:272:in `call'
puma (6.4.2) lib/puma/request.rb:100:in `block in handle_request'
puma (6.4.2) lib/puma/thread_pool.rb:378:in `with_force_shutdown'
puma (6.4.2) lib/puma/request.rb:99:in `handle_request'
puma (6.4.2) lib/puma/server.rb:464:in `process_client'
puma (6.4.2) lib/puma/server.rb:245:in `block in run'
puma (6.4.2) lib/puma/thread_pool.rb:155:in `block in spawn_thread'
Started GET "/shoplist" for 172.30.0.1 at 2024-07-02 15:41:01 +0000
Cannot render console from 172.30.0.1! Allowed networks: 127.0.0.0/127.255.255.255, ::1
Processing by ShoplistController#index as HTML
  Rendering layout layouts/application.html.erb
  Rendering shoplist/index.html.erb within layouts/application
  Rendered shoplist/index.html.erb within layouts/application (Duration: 0.5ms | Allocations: 508)
  Rendered layout layouts/application.html.erb (Duration: 0.9ms | Allocations: 611)
Completed 200 OK in 8ms (Views: 1.3ms | ActiveRecord: 0.0ms | Allocations: 21515)


  
ActionDispatch::Cookies::CookieOverflow (_niborame_session cookie overflowed with size 15688 bytes):
  
actionpack (7.1.3.4) lib/action_dispatch/middleware/cookies.rb:597:in `check_for_overflow!'
actionpack (7.1.3.4) lib/action_dispatch/middleware/cookies.rb:679:in `commit'
actionpack (7.1.3.4) lib/action_dispatch/middleware/cookies.rb:515:in `[]='
actionpack (7.1.3.4) lib/action_dispatch/middleware/session/cookie_store.rb:116:in `set_cookie'
rack-session (2.0.0) lib/rack/session/abstract/id.rb:409:in `commit_session'
actionpack (7.1.3.4) lib/action_dispatch/middleware/session/abstract_store.rb:72:in `commit_session'
rack-session (2.0.0) lib/rack/session/abstract/id.rb:274:in `context'
rack-session (2.0.0) lib/rack/session/abstract/id.rb:266:in `call'
actionpack (7.1.3.4) lib/action_dispatch/middleware/cookies.rb:689:in `call'
activerecord (7.1.3.4) lib/active_record/migration.rb:655:in `call'
actionpack (7.1.3.4) lib/action_dispatch/middleware/callbacks.rb:29:in `block in call'
activesupport (7.1.3.4) lib/active_support/callbacks.rb:101:in `run_callbacks'
actionpack (7.1.3.4) lib/action_dispatch/middleware/callbacks.rb:28:in `call'
actionpack (7.1.3.4) lib/action_dispatch/middleware/executor.rb:14:in `call'
actionpack (7.1.3.4) lib/action_dispatch/middleware/actionable_exceptions.rb:16:in `call'
actionpack (7.1.3.4) lib/action_dispatch/middleware/debug_exceptions.rb:29:in `call'
web-console (4.2.1) lib/web_console/middleware.rb:132:in `call_app'
web-console (4.2.1) lib/web_console/middleware.rb:19:in `block in call'
web-console (4.2.1) lib/web_console/middleware.rb:17:in `catch'
web-console (4.2.1) lib/web_console/middleware.rb:17:in `call'
actionpack (7.1.3.4) lib/action_dispatch/middleware/show_exceptions.rb:31:in `call'
railties (7.1.3.4) lib/rails/rack/logger.rb:37:in `call_app'
railties (7.1.3.4) lib/rails/rack/logger.rb:24:in `block in call'
activesupport (7.1.3.4) lib/active_support/tagged_logging.rb:135:in `block in tagged'
activesupport (7.1.3.4) lib/active_support/tagged_logging.rb:39:in `tagged'
activesupport (7.1.3.4) lib/active_support/tagged_logging.rb:135:in `tagged'
activesupport (7.1.3.4) lib/active_support/broadcast_logger.rb:240:in `method_missing'
railties (7.1.3.4) lib/rails/rack/logger.rb:24:in `call'
sprockets-rails (3.5.1) lib/sprockets/rails/quiet_assets.rb:17:in `call'
actionpack (7.1.3.4) lib/action_dispatch/middleware/remote_ip.rb:92:in `call'
actionpack (7.1.3.4) lib/action_dispatch/middleware/request_id.rb:28:in `call'
rack (3.1.4) lib/rack/method_override.rb:28:in `call'
rack (3.1.4) lib/rack/runtime.rb:24:in `call'
activesupport (7.1.3.4) lib/active_support/cache/strategy/local_cache_middleware.rb:29:in `call'
actionpack (7.1.3.4) lib/action_dispatch/middleware/server_timing.rb:59:in `block in call'
actionpack (7.1.3.4) lib/action_dispatch/middleware/server_timing.rb:24:in `collect_events'
actionpack (7.1.3.4) lib/action_dispatch/middleware/server_timing.rb:58:in `call'
actionpack (7.1.3.4) lib/action_dispatch/middleware/executor.rb:14:in `call'
actionpack (7.1.3.4) lib/action_dispatch/middleware/static.rb:25:in `call'
rack (3.1.4) lib/rack/sendfile.rb:114:in `call'
actionpack (7.1.3.4) lib/action_dispatch/middleware/host_authorization.rb:141:in `call'
vite_ruby (3.6.0) lib/vite_ruby/dev_server_proxy.rb:22:in `perform_request'
rack-proxy (0.7.7) lib/rack/proxy.rb:87:in `call'
railties (7.1.3.4) lib/rails/engine.rb:536:in `call'
puma (6.4.2) lib/puma/configuration.rb:272:in `call'
puma (6.4.2) lib/puma/request.rb:100:in `block in handle_request'
puma (6.4.2) lib/puma/thread_pool.rb:378:in `with_force_shutdown'
puma (6.4.2) lib/puma/request.rb:99:in `handle_request'
puma (6.4.2) lib/puma/server.rb:464:in `process_client'
puma (6.4.2) lib/puma/server.rb:245:in `block in run'
puma (6.4.2) lib/puma/thread_pool.rb:155:in `block in spawn_thread'
Started GET "/shoplist" for 172.30.0.1 at 2024-07-02 15:41:03 +0000
Cannot render console from 172.30.0.1! Allowed networks: 127.0.0.0/127.255.255.255, ::1
Processing by ShoplistController#index as HTML
  Rendering layout layouts/application.html.erb
  Rendering shoplist/index.html.erb within layouts/application
  Rendered shoplist/index.html.erb within layouts/application (Duration: 0.6ms | Allocations: 510)
  Rendered layout layouts/application.html.erb (Duration: 0.7ms | Allocations: 605)
Completed 200 OK in 6ms (Views: 1.0ms | ActiveRecord: 0.0ms | Allocations: 22160)


  
ActionDispatch::Cookies::CookieOverflow (_niborame_session cookie overflowed with size 15840 bytes):
  
actionpack (7.1.3.4) lib/action_dispatch/middleware/cookies.rb:597:in `check_for_overflow!'
actionpack (7.1.3.4) lib/action_dispatch/middleware/cookies.rb:679:in `commit'
actionpack (7.1.3.4) lib/action_dispatch/middleware/cookies.rb:515:in `[]='
actionpack (7.1.3.4) lib/action_dispatch/middleware/session/cookie_store.rb:116:in `set_cookie'
rack-session (2.0.0) lib/rack/session/abstract/id.rb:409:in `commit_session'
actionpack (7.1.3.4) lib/action_dispatch/middleware/session/abstract_store.rb:72:in `commit_session'
rack-session (2.0.0) lib/rack/session/abstract/id.rb:274:in `context'
rack-session (2.0.0) lib/rack/session/abstract/id.rb:266:in `call'
actionpack (7.1.3.4) lib/action_dispatch/middleware/cookies.rb:689:in `call'
activerecord (7.1.3.4) lib/active_record/migration.rb:655:in `call'
actionpack (7.1.3.4) lib/action_dispatch/middleware/callbacks.rb:29:in `block in call'
activesupport (7.1.3.4) lib/active_support/callbacks.rb:101:in `run_callbacks'
actionpack (7.1.3.4) lib/action_dispatch/middleware/callbacks.rb:28:in `call'
actionpack (7.1.3.4) lib/action_dispatch/middleware/executor.rb:14:in `call'
actionpack (7.1.3.4) lib/action_dispatch/middleware/actionable_exceptions.rb:16:in `call'
actionpack (7.1.3.4) lib/action_dispatch/middleware/debug_exceptions.rb:29:in `call'
web-console (4.2.1) lib/web_console/middleware.rb:132:in `call_app'
web-console (4.2.1) lib/web_console/middleware.rb:19:in `block in call'
web-console (4.2.1) lib/web_console/middleware.rb:17:in `catch'
web-console (4.2.1) lib/web_console/middleware.rb:17:in `call'
actionpack (7.1.3.4) lib/action_dispatch/middleware/show_exceptions.rb:31:in `call'
railties (7.1.3.4) lib/rails/rack/logger.rb:37:in `call_app'
railties (7.1.3.4) lib/rails/rack/logger.rb:24:in `block in call'
activesupport (7.1.3.4) lib/active_support/tagged_logging.rb:135:in `block in tagged'
activesupport (7.1.3.4) lib/active_support/tagged_logging.rb:39:in `tagged'
activesupport (7.1.3.4) lib/active_support/tagged_logging.rb:135:in `tagged'
activesupport (7.1.3.4) lib/active_support/broadcast_logger.rb:240:in `method_missing'
railties (7.1.3.4) lib/rails/rack/logger.rb:24:in `call'
sprockets-rails (3.5.1) lib/sprockets/rails/quiet_assets.rb:17:in `call'
actionpack (7.1.3.4) lib/action_dispatch/middleware/remote_ip.rb:92:in `call'
actionpack (7.1.3.4) lib/action_dispatch/middleware/request_id.rb:28:in `call'
rack (3.1.4) lib/rack/method_override.rb:28:in `call'
rack (3.1.4) lib/rack/runtime.rb:24:in `call'
activesupport (7.1.3.4) lib/active_support/cache/strategy/local_cache_middleware.rb:29:in `call'
actionpack (7.1.3.4) lib/action_dispatch/middleware/server_timing.rb:59:in `block in call'
actionpack (7.1.3.4) lib/action_dispatch/middleware/server_timing.rb:24:in `collect_events'
actionpack (7.1.3.4) lib/action_dispatch/middleware/server_timing.rb:58:in `call'
actionpack (7.1.3.4) lib/action_dispatch/middleware/executor.rb:14:in `call'
actionpack (7.1.3.4) lib/action_dispatch/middleware/static.rb:25:in `call'
rack (3.1.4) lib/rack/sendfile.rb:114:in `call'
actionpack (7.1.3.4) lib/action_dispatch/middleware/host_authorization.rb:141:in `call'
vite_ruby (3.6.0) lib/vite_ruby/dev_server_proxy.rb:22:in `perform_request'
rack-proxy (0.7.7) lib/rack/proxy.rb:87:in `call'
railties (7.1.3.4) lib/rails/engine.rb:536:in `call'
puma (6.4.2) lib/puma/configuration.rb:272:in `call'
puma (6.4.2) lib/puma/request.rb:100:in `block in handle_request'
puma (6.4.2) lib/puma/thread_pool.rb:378:in `with_force_shutdown'
puma (6.4.2) lib/puma/request.rb:99:in `handle_request'
puma (6.4.2) lib/puma/server.rb:464:in `process_client'
puma (6.4.2) lib/puma/server.rb:245:in `block in run'
puma (6.4.2) lib/puma/thread_pool.rb:155:in `block in spawn_thread'
Started GET "/" for 172.30.0.1 at 2024-07-02 15:42:49 +0000
Cannot render console from 172.30.0.1! Allowed networks: 127.0.0.0/127.255.255.255, ::1
Processing by PagesController#index as HTML
  Rendering layout layouts/application.html.erb
  Rendering pages/index.html.erb within layouts/application
  Rendered pages/index.html.erb within layouts/application (Duration: 1.3ms | Allocations: 777)
  Rendered layout layouts/application.html.erb (Duration: 1.9ms | Allocations: 1131)
Completed 200 OK in 8ms (Views: 2.8ms | ActiveRecord: 0.0ms | Allocations: 20462)


Started GET "/shoplist/323172a0-a4b2-4b48-b72d-30290191e5a6" for 172.30.0.1 at 2024-07-02 15:42:51 +0000
Cannot render console from 172.30.0.1! Allowed networks: 127.0.0.0/127.255.255.255, ::1
Processing by ShoplistController#show as HTML
  Parameters: {"id"=>"323172a0-a4b2-4b48-b72d-30290191e5a6"}
Completed 500 Internal Server Error in 0ms (ActiveRecord: 0.0ms | Allocations: 579)


  
NoMethodError (undefined method `find' for nil):
  
app/controllers/shoplist_controller.rb:11:in `show'
Started GET "/" for 172.30.0.1 at 2024-07-02 15:44:05 +0000
Cannot render console from 172.30.0.1! Allowed networks: 127.0.0.0/127.255.255.255, ::1
Processing by PagesController#index as HTML
  Rendering layout layouts/application.html.erb
  Rendering pages/index.html.erb within layouts/application
  Rendered pages/index.html.erb within layouts/application (Duration: 0.9ms | Allocations: 779)
  Rendered layout layouts/application.html.erb (Duration: 1.4ms | Allocations: 1133)
Completed 200 OK in 7ms (Views: 2.2ms | ActiveRecord: 0.0ms | Allocations: 20949)


Started GET "/shoplist/f783c1c3-68d3-4970-9c5b-064965cf2135" for 172.30.0.1 at 2024-07-02 15:44:06 +0000
Cannot render console from 172.30.0.1! Allowed networks: 127.0.0.0/127.255.255.255, ::1
Processing by ShoplistController#show as HTML
  Parameters: {"id"=>"f783c1c3-68d3-4970-9c5b-064965cf2135"}
Redirected to http://localhost:3000/
Completed 302 Found in 5ms (ActiveRecord: 0.0ms | Allocations: 18929)


Started GET "/" for 172.30.0.1 at 2024-07-02 15:44:06 +0000
Cannot render console from 172.30.0.1! Allowed networks: 127.0.0.0/127.255.255.255, ::1
Processing by PagesController#index as HTML
  Rendering layout layouts/application.html.erb
  Rendering pages/index.html.erb within layouts/application
  Rendered pages/index.html.erb within layouts/application (Duration: 0.4ms | Allocations: 508)
  Rendered layout layouts/application.html.erb (Duration: 0.6ms | Allocations: 603)
Completed 200 OK in 6ms (Views: 0.9ms | ActiveRecord: 0.0ms | Allocations: 18796)


Started GET "/shoplist/23055bf8-9bee-4c85-9544-7acec3fa8372" for 172.30.0.1 at 2024-07-02 15:44:08 +0000
Cannot render console from 172.30.0.1! Allowed networks: 127.0.0.0/127.255.255.255, ::1
Processing by ShoplistController#show as HTML
  Parameters: {"id"=>"23055bf8-9bee-4c85-9544-7acec3fa8372"}
Redirected to http://localhost:3000/
Completed 302 Found in 7ms (ActiveRecord: 0.0ms | Allocations: 19327)


Started GET "/" for 172.30.0.1 at 2024-07-02 15:44:08 +0000
Cannot render console from 172.30.0.1! Allowed networks: 127.0.0.0/127.255.255.255, ::1
Processing by PagesController#index as HTML
  Rendering layout layouts/application.html.erb
  Rendering pages/index.html.erb within layouts/application
  Rendered pages/index.html.erb within layouts/application (Duration: 0.7ms | Allocations: 508)
  Rendered layout layouts/application.html.erb (Duration: 1.1ms | Allocations: 603)
Completed 200 OK in 8ms (Views: 1.4ms | ActiveRecord: 0.0ms | Allocations: 18348)


Started GET "/" for 172.30.0.1 at 2024-07-02 16:01:06 +0000
Cannot render console from 172.30.0.1! Allowed networks: 127.0.0.0/127.255.255.255, ::1
Processing by PagesController#index as HTML
  Rendering layout layouts/application.html.erb
  Rendering pages/index.html.erb within layouts/application
  Rendered pages/index.html.erb within layouts/application (Duration: 1.1ms | Allocations: 778)
  Rendered layout layouts/application.html.erb (Duration: 1.7ms | Allocations: 1132)
Completed 200 OK in 9ms (Views: 2.8ms | ActiveRecord: 0.0ms | Allocations: 20767)


Started GET "/shoplist/486a2411-92da-4f77-be36-06da03c50951" for 172.30.0.1 at 2024-07-02 16:01:09 +0000
Cannot render console from 172.30.0.1! Allowed networks: 127.0.0.0/127.255.255.255, ::1
Processing by ShoplistController#show as HTML
  Parameters: {"id"=>"486a2411-92da-4f77-be36-06da03c50951"}
Redirected to http://localhost:3000/
Completed 302 Found in 5ms (ActiveRecord: 0.0ms | Allocations: 18133)


Started GET "/" for 172.30.0.1 at 2024-07-02 16:01:09 +0000
Cannot render console from 172.30.0.1! Allowed networks: 127.0.0.0/127.255.255.255, ::1
Processing by PagesController#index as HTML
  Rendering layout layouts/application.html.erb
  Rendering pages/index.html.erb within layouts/application
  Rendered pages/index.html.erb within layouts/application (Duration: 0.7ms | Allocations: 510)
  Rendered layout layouts/application.html.erb (Duration: 0.9ms | Allocations: 605)
Completed 200 OK in 6ms (Views: 1.2ms | ActiveRecord: 0.0ms | Allocations: 19420)


Started GET "/shoplist/4ad2e392-28fb-48be-bb37-83ee09156d50" for 172.30.0.1 at 2024-07-02 16:01:11 +0000
Cannot render console from 172.30.0.1! Allowed networks: 127.0.0.0/127.255.255.255, ::1
Processing by ShoplistController#show as HTML
  Parameters: {"id"=>"4ad2e392-28fb-48be-bb37-83ee09156d50"}
Redirected to http://localhost:3000/
Completed 302 Found in 6ms (ActiveRecord: 0.0ms | Allocations: 19373)


Started GET "/" for 172.30.0.1 at 2024-07-02 16:01:11 +0000
Cannot render console from 172.30.0.1! Allowed networks: 127.0.0.0/127.255.255.255, ::1
Processing by PagesController#index as HTML
  Rendering layout layouts/application.html.erb
  Rendering pages/index.html.erb within layouts/application
  Rendered pages/index.html.erb within layouts/application (Duration: 0.5ms | Allocations: 507)
  Rendered layout layouts/application.html.erb (Duration: 0.7ms | Allocations: 602)
Completed 200 OK in 6ms (Views: 1.0ms | ActiveRecord: 0.0ms | Allocations: 19045)


Started GET "/shoplist/4aee8f75-de6f-47ce-a1a6-12384ea1ac53" for 172.30.0.1 at 2024-07-02 16:01:14 +0000
Cannot render console from 172.30.0.1! Allowed networks: 127.0.0.0/127.255.255.255, ::1
Processing by ShoplistController#show as HTML
  Parameters: {"id"=>"4aee8f75-de6f-47ce-a1a6-12384ea1ac53"}
Redirected to http://localhost:3000/
Completed 302 Found in 5ms (ActiveRecord: 0.0ms | Allocations: 19669)


Started GET "/" for 172.30.0.1 at 2024-07-02 16:01:14 +0000
Cannot render console from 172.30.0.1! Allowed networks: 127.0.0.0/127.255.255.255, ::1
Processing by PagesController#index as HTML
  Rendering layout layouts/application.html.erb
  Rendering pages/index.html.erb within layouts/application
  Rendered pages/index.html.erb within layouts/application (Duration: 0.4ms | Allocations: 509)
  Rendered layout layouts/application.html.erb (Duration: 0.6ms | Allocations: 604)
Completed 200 OK in 7ms (Views: 1.0ms | ActiveRecord: 0.0ms | Allocations: 19343)


Started GET "/" for 172.30.0.1 at 2024-07-02 16:01:45 +0000
Cannot render console from 172.30.0.1! Allowed networks: 127.0.0.0/127.255.255.255, ::1
Processing by PagesController#index as HTML
  Rendering layout layouts/application.html.erb
  Rendering pages/index.html.erb within layouts/application
  Rendered pages/index.html.erb within layouts/application (Duration: 0.9ms | Allocations: 781)
  Rendered layout layouts/application.html.erb (Duration: 1.6ms | Allocations: 1135)
Completed 200 OK in 8ms (Views: 2.3ms | ActiveRecord: 0.0ms | Allocations: 21004)


Started GET "/shoplist/7f64bbbd-aa75-4138-9f45-d46c2fe479b6" for 172.30.0.1 at 2024-07-02 16:01:48 +0000
Cannot render console from 172.30.0.1! Allowed networks: 127.0.0.0/127.255.255.255, ::1
Processing by ShoplistController#show as HTML
  Parameters: {"id"=>"7f64bbbd-aa75-4138-9f45-d46c2fe479b6"}
Redirected to http://localhost:3000/
Completed 302 Found in 9ms (ActiveRecord: 0.0ms | Allocations: 19516)


Started GET "/" for 172.30.0.1 at 2024-07-02 16:01:48 +0000
Cannot render console from 172.30.0.1! Allowed networks: 127.0.0.0/127.255.255.255, ::1
Processing by PagesController#index as HTML
  Rendering layout layouts/application.html.erb
  Rendering pages/index.html.erb within layouts/application
  Rendered pages/index.html.erb within layouts/application (Duration: 0.9ms | Allocations: 509)
  Rendered layout layouts/application.html.erb (Duration: 1.1ms | Allocations: 604)
Completed 200 OK in 9ms (Views: 1.5ms | ActiveRecord: 0.0ms | Allocations: 19265)


Started GET "/" for 172.30.0.1 at 2024-07-02 16:14:48 +0000
Cannot render console from 172.30.0.1! Allowed networks: 127.0.0.0/127.255.255.255, ::1
Processing by PagesController#index as HTML
  Rendering layout layouts/application.html.erb
  Rendering pages/index.html.erb within layouts/application
  Rendered pages/index.html.erb within layouts/application (Duration: 0.9ms | Allocations: 508)
  Rendered layout layouts/application.html.erb (Duration: 1.3ms | Allocations: 611)
Completed 200 OK in 10ms (Views: 2.1ms | ActiveRecord: 0.0ms | Allocations: 18841)


Started GET "/shoplist/9305dda4-4a9d-4d18-9b90-c15a4739d9b8" for 172.30.0.1 at 2024-07-02 16:14:49 +0000
Cannot render console from 172.30.0.1! Allowed networks: 127.0.0.0/127.255.255.255, ::1
Processing by ShoplistController#show as HTML
  Parameters: {"id"=>"9305dda4-4a9d-4d18-9b90-c15a4739d9b8"}
Redirected to http://localhost:3000/
Completed 302 Found in 9ms (ActiveRecord: 0.0ms | Allocations: 18928)


Started GET "/" for 172.30.0.1 at 2024-07-02 16:14:50 +0000
Cannot render console from 172.30.0.1! Allowed networks: 127.0.0.0/127.255.255.255, ::1
Processing by PagesController#index as HTML
  Rendering layout layouts/application.html.erb
  Rendering pages/index.html.erb within layouts/application
  Rendered pages/index.html.erb within layouts/application (Duration: 0.6ms | Allocations: 510)
  Rendered layout layouts/application.html.erb (Duration: 0.7ms | Allocations: 605)
Completed 200 OK in 9ms (Views: 1.2ms | ActiveRecord: 0.0ms | Allocations: 19436)


Started GET "/" for 172.30.0.1 at 2024-07-02 18:52:20 +0000
Cannot render console from 172.30.0.1! Allowed networks: 127.0.0.0/127.255.255.255, ::1
Processing by PagesController#index as HTML
  Rendering layout layouts/application.html.erb
  Rendering pages/index.html.erb within layouts/application
  Rendered pages/index.html.erb within layouts/application (Duration: 1.0ms | Allocations: 784)
  Rendered layout layouts/application.html.erb (Duration: 1.5ms | Allocations: 1138)
Completed 200 OK in 8ms (Views: 2.4ms | ActiveRecord: 0.0ms | Allocations: 20113)


Started GET "/shoplist/926b3ed1-182a-4827-95d2-c2ba77a46327" for 172.30.0.1 at 2024-07-02 18:52:23 +0000
Cannot render console from 172.30.0.1! Allowed networks: 127.0.0.0/127.255.255.255, ::1
Processing by ShoplistController#show as HTML
  Parameters: {"id"=>"926b3ed1-182a-4827-95d2-c2ba77a46327"}
Redirected to http://localhost:3000/
Completed 302 Found in 7ms (ActiveRecord: 0.0ms | Allocations: 18793)


Started GET "/" for 172.30.0.1 at 2024-07-02 18:52:23 +0000
Cannot render console from 172.30.0.1! Allowed networks: 127.0.0.0/127.255.255.255, ::1
Processing by PagesController#index as HTML
  Rendering layout layouts/application.html.erb
  Rendering pages/index.html.erb within layouts/application
  Rendered pages/index.html.erb within layouts/application (Duration: 0.6ms | Allocations: 510)
  Rendered layout layouts/application.html.erb (Duration: 0.8ms | Allocations: 605)
Completed 200 OK in 6ms (Views: 1.1ms | ActiveRecord: 0.0ms | Allocations: 18810)


Started GET "/shoplist/bd202032-18e8-48a8-a407-f52f3bb0823c" for 172.30.0.1 at 2024-07-02 18:52:26 +0000
Cannot render console from 172.30.0.1! Allowed networks: 127.0.0.0/127.255.255.255, ::1
Processing by ShoplistController#show as HTML
  Parameters: {"id"=>"bd202032-18e8-48a8-a407-f52f3bb0823c"}
Redirected to http://localhost:3000/
Completed 302 Found in 6ms (ActiveRecord: 0.0ms | Allocations: 18854)


Started GET "/" for 172.30.0.1 at 2024-07-02 18:52:26 +0000
Cannot render console from 172.30.0.1! Allowed networks: 127.0.0.0/127.255.255.255, ::1
Processing by PagesController#index as HTML
  Rendering layout layouts/application.html.erb
  Rendering pages/index.html.erb within layouts/application
  Rendered pages/index.html.erb within layouts/application (Duration: 0.5ms | Allocations: 509)
  Rendered layout layouts/application.html.erb (Duration: 0.6ms | Allocations: 604)
Completed 200 OK in 6ms (Views: 1.1ms | ActiveRecord: 0.0ms | Allocations: 19079)


[dotenv] Set [36mGOOGLE_PLACES_API_KEY[0m
[dotenv] Loaded [33m.env[0m
  [1m[35m (0.9ms)[0m  [1m[35mCREATE DATABASE "myapp_development" ENCODING = 'unicode'[0m
[dotenv] Set [36mGOOGLE_PLACES_API_KEY[0m
[dotenv] Loaded [33m.env[0m
  [1m[35m (0.2ms)[0m  [1m[34mSELECT pg_try_advisory_lock(7864839756650184315)[0m
  [1m[36mActiveRecord::SchemaMigration Load (1.3ms)[0m  [1m[34mSELECT "schema_migrations"."version" FROM "schema_migrations" ORDER BY "schema_migrations"."version" ASC[0m
  [1m[36mActiveRecord::InternalMetadata Load (1.1ms)[0m  [1m[34mSELECT * FROM "ar_internal_metadata" WHERE "ar_internal_metadata"."key" = $1 ORDER BY "ar_internal_metadata"."key" ASC LIMIT 1[0m  [[nil, "environment"]]
  [1m[35m (0.2ms)[0m  [1m[34mSELECT pg_advisory_unlock(7864839756650184315)[0m
  [1m[36mActiveRecord::SchemaMigration Load (0.1ms)[0m  [1m[34mSELECT "schema_migrations"."version" FROM "schema_migrations" ORDER BY "schema_migrations"."version" ASC[0m
[dotenv] Set [36mGOOGLE_PLACES_API_KEY[0m
[dotenv] Loaded [33m.env[0m
Started GET "/" for 172.31.0.1 at 2024-07-02 18:53:23 +0000
Cannot render console from 172.31.0.1! Allowed networks: 127.0.0.0/127.255.255.255, ::1
  [1m[36mActiveRecord::SchemaMigration Load (0.4ms)[0m  [1m[34mSELECT "schema_migrations"."version" FROM "schema_migrations" ORDER BY "schema_migrations"."version" ASC[0m
Processing by PagesController#index as HTML
  Rendering layout layouts/application.html.erb
  Rendering pages/index.html.erb within layouts/application
  Rendered pages/index.html.erb within layouts/application (Duration: 1.0ms | Allocations: 1026)
  Rendered layout layouts/application.html.erb (Duration: 1.5ms | Allocations: 1424)
Completed 200 OK in 234ms (Views: 4.8ms | ActiveRecord: 0.0ms | Allocations: 305085)


Started GET "/shoplist/fc9540ba-0880-444e-882b-2fe12449d663" for 172.31.0.1 at 2024-07-02 18:53:25 +0000
Cannot render console from 172.31.0.1! Allowed networks: 127.0.0.0/127.255.255.255, ::1
Processing by ShoplistController#show as HTML
  Parameters: {"id"=>"fc9540ba-0880-444e-882b-2fe12449d663"}
Redirected to http://localhost:3000/
Completed 302 Found in 11ms (ActiveRecord: 0.0ms | Allocations: 20575)


Started GET "/" for 172.31.0.1 at 2024-07-02 18:53:25 +0000
Cannot render console from 172.31.0.1! Allowed networks: 127.0.0.0/127.255.255.255, ::1
Processing by PagesController#index as HTML
  Rendering layout layouts/application.html.erb
  Rendering pages/index.html.erb within layouts/application
  Rendered pages/index.html.erb within layouts/application (Duration: 0.5ms | Allocations: 509)
  Rendered layout layouts/application.html.erb (Duration: 0.7ms | Allocations: 604)
Completed 200 OK in 6ms (Views: 1.1ms | ActiveRecord: 0.0ms | Allocations: 19544)


[dotenv] Set [36mGOOGLE_PLACES_API_KEY[0m
[dotenv] Loaded [33m.env[0m
  [1m[35m (0.4ms)[0m  [1m[35mCREATE DATABASE "myapp_development" ENCODING = 'unicode'[0m
[dotenv] Set [36mGOOGLE_PLACES_API_KEY[0m
[dotenv] Loaded [33m.env[0m
  [1m[35m (0.1ms)[0m  [1m[34mSELECT pg_try_advisory_lock(7864839756650184315)[0m
  [1m[36mActiveRecord::SchemaMigration Load (3.6ms)[0m  [1m[34mSELECT "schema_migrations"."version" FROM "schema_migrations" ORDER BY "schema_migrations"."version" ASC[0m
  [1m[36mActiveRecord::InternalMetadata Load (1.2ms)[0m  [1m[34mSELECT * FROM "ar_internal_metadata" WHERE "ar_internal_metadata"."key" = $1 ORDER BY "ar_internal_metadata"."key" ASC LIMIT 1[0m  [[nil, "environment"]]
  [1m[35m (0.2ms)[0m  [1m[34mSELECT pg_advisory_unlock(7864839756650184315)[0m
  [1m[36mActiveRecord::SchemaMigration Load (0.2ms)[0m  [1m[34mSELECT "schema_migrations"."version" FROM "schema_migrations" ORDER BY "schema_migrations"."version" ASC[0m
[dotenv] Set [36mGOOGLE_PLACES_API_KEY[0m
[dotenv] Loaded [33m.env[0m
Started GET "/" for 172.31.0.1 at 2024-07-02 19:00:09 +0000
Cannot render console from 172.31.0.1! Allowed networks: 127.0.0.0/127.255.255.255, ::1
  [1m[36mActiveRecord::SchemaMigration Load (0.3ms)[0m  [1m[34mSELECT "schema_migrations"."version" FROM "schema_migrations" ORDER BY "schema_migrations"."version" ASC[0m
Processing by PagesController#index as HTML
  Rendering layout layouts/application.html.erb
  Rendering pages/index.html.erb within layouts/application
  Rendered pages/index.html.erb within layouts/application (Duration: 1.2ms | Allocations: 1028)
  Rendered layout layouts/application.html.erb (Duration: 1.7ms | Allocations: 1426)
Completed 200 OK in 218ms (Views: 4.9ms | ActiveRecord: 0.0ms | Allocations: 304146)


Started GET "/" for 172.31.0.1 at 2024-07-02 19:00:11 +0000
Cannot render console from 172.31.0.1! Allowed networks: 127.0.0.0/127.255.255.255, ::1
Processing by PagesController#index as HTML
  Rendering layout layouts/application.html.erb
  Rendering pages/index.html.erb within layouts/application
  Rendered pages/index.html.erb within layouts/application (Duration: 0.9ms | Allocations: 507)
  Rendered layout layouts/application.html.erb (Duration: 1.2ms | Allocations: 602)
Completed 200 OK in 7ms (Views: 1.6ms | ActiveRecord: 0.0ms | Allocations: 19647)


Started GET "/shoplist/79ea7537-b251-4b3b-8b9e-ec99a51ea976" for 172.31.0.1 at 2024-07-02 19:00:14 +0000
Cannot render console from 172.31.0.1! Allowed networks: 127.0.0.0/127.255.255.255, ::1
Processing by ShoplistController#show as HTML
  Parameters: {"id"=>"79ea7537-b251-4b3b-8b9e-ec99a51ea976"}
Redirected to http://localhost:3000/
Completed 302 Found in 11ms (ActiveRecord: 0.0ms | Allocations: 19100)


Started GET "/" for 172.31.0.1 at 2024-07-02 19:00:14 +0000
Cannot render console from 172.31.0.1! Allowed networks: 127.0.0.0/127.255.255.255, ::1
Processing by PagesController#index as HTML
  Rendering layout layouts/application.html.erb
  Rendering pages/index.html.erb within layouts/application
  Rendered pages/index.html.erb within layouts/application (Duration: 0.5ms | Allocations: 510)
  Rendered layout layouts/application.html.erb (Duration: 0.6ms | Allocations: 605)
Completed 200 OK in 6ms (Views: 0.9ms | ActiveRecord: 0.0ms | Allocations: 19453)


Started GET "/shoplist/7d1f2a0d-5e13-4a46-a34c-2ce959c1c383" for 172.31.0.1 at 2024-07-02 19:00:16 +0000
Cannot render console from 172.31.0.1! Allowed networks: 127.0.0.0/127.255.255.255, ::1
Processing by ShoplistController#show as HTML
  Parameters: {"id"=>"7d1f2a0d-5e13-4a46-a34c-2ce959c1c383"}
Redirected to http://localhost:3000/
Completed 302 Found in 6ms (ActiveRecord: 0.0ms | Allocations: 18623)


Started GET "/" for 172.31.0.1 at 2024-07-02 19:00:16 +0000
Cannot render console from 172.31.0.1! Allowed networks: 127.0.0.0/127.255.255.255, ::1
Processing by PagesController#index as HTML
  Rendering layout layouts/application.html.erb
  Rendering pages/index.html.erb within layouts/application
  Rendered pages/index.html.erb within layouts/application (Duration: 0.7ms | Allocations: 509)
  Rendered layout layouts/application.html.erb (Duration: 0.8ms | Allocations: 604)
Completed 200 OK in 6ms (Views: 1.2ms | ActiveRecord: 0.0ms | Allocations: 20389)


Started GET "/shoplist/57761b0e-2b6c-4d51-86d7-a3f80d9823ca" for 172.31.0.1 at 2024-07-02 19:00:19 +0000
Cannot render console from 172.31.0.1! Allowed networks: 127.0.0.0/127.255.255.255, ::1
Processing by ShoplistController#show as HTML
  Parameters: {"id"=>"57761b0e-2b6c-4d51-86d7-a3f80d9823ca"}
Redirected to http://localhost:3000/
Completed 302 Found in 6ms (ActiveRecord: 0.0ms | Allocations: 19359)


Started GET "/" for 172.31.0.1 at 2024-07-02 19:00:19 +0000
Cannot render console from 172.31.0.1! Allowed networks: 127.0.0.0/127.255.255.255, ::1
Processing by PagesController#index as HTML
  Rendering layout layouts/application.html.erb
  Rendering pages/index.html.erb within layouts/application
  Rendered pages/index.html.erb within layouts/application (Duration: 0.5ms | Allocations: 507)
  Rendered layout layouts/application.html.erb (Duration: 0.7ms | Allocations: 602)
Completed 200 OK in 6ms (Views: 1.0ms | ActiveRecord: 0.0ms | Allocations: 19647)


Started GET "/" for 172.31.0.1 at 2024-07-02 19:08:39 +0000
Cannot render console from 172.31.0.1! Allowed networks: 127.0.0.0/127.255.255.255, ::1
Processing by PagesController#index as HTML
  Rendering layout layouts/application.html.erb
  Rendering pages/index.html.erb within layouts/application
  Rendered pages/index.html.erb within layouts/application (Duration: 1.3ms | Allocations: 778)
  Rendered layout layouts/application.html.erb (Duration: 2.0ms | Allocations: 1132)
Completed 200 OK in 9ms (Views: 3.3ms | ActiveRecord: 0.0ms | Allocations: 19379)


Started GET "/shoplist/c4ea2362-7efa-4fc3-9c34-4bfe27fc04a8" for 172.31.0.1 at 2024-07-02 19:08:41 +0000
Cannot render console from 172.31.0.1! Allowed networks: 127.0.0.0/127.255.255.255, ::1
Processing by ShoplistController#show as HTML
  Parameters: {"id"=>"c4ea2362-7efa-4fc3-9c34-4bfe27fc04a8"}
Redirected to http://localhost:3000/
Completed 302 Found in 1ms (ActiveRecord: 0.0ms | Allocations: 727)


Started GET "/" for 172.31.0.1 at 2024-07-02 19:08:41 +0000
Cannot render console from 172.31.0.1! Allowed networks: 127.0.0.0/127.255.255.255, ::1
Processing by PagesController#index as HTML
  Rendering layout layouts/application.html.erb
  Rendering pages/index.html.erb within layouts/application
  Rendered pages/index.html.erb within layouts/application (Duration: 0.8ms | Allocations: 511)
  Rendered layout layouts/application.html.erb (Duration: 0.9ms | Allocations: 606)
Completed 200 OK in 26ms (Views: 1.3ms | ActiveRecord: 0.0ms | Allocations: 18987)


[dotenv] Set [36mDATABASE_URL[0m and [36mGOOGLE_PLACES_API_KEY[0m
[dotenv] Loaded [33m.env[0m
[dotenv] Set [36mDATABASE_URL[0m and [36mGOOGLE_PLACES_API_KEY[0m
[dotenv] Loaded [33m.env[0m
[dotenv] Set [36mDATABASE_URL[0m and [36mGOOGLE_PLACES_API_KEY[0m
[dotenv] Loaded [33m.env[0m
[dotenv] Set [36mGOOGLE_PLACES_API_KEY[0m
[dotenv] Loaded [33m.env[0m
[dotenv] Set [36mGOOGLE_PLACES_API_KEY[0m
[dotenv] Loaded [33m.env[0m
[dotenv] Set [36mGOOGLE_PLACES_API_KEY[0m
[dotenv] Loaded [33m.env[0m
[dotenv] Set [36mGOOGLE_PLACES_API_KEY[0m
[dotenv] Loaded [33m.env[0m
[dotenv] Set [36mGOOGLE_PLACES_API_KEY[0m
[dotenv] Loaded [33m.env[0m
  [1m[35m (3.4ms)[0m  [1m[35mCREATE DATABASE "myapp_development" ENCODING = 'unicode'[0m
[dotenv] Set [36mGOOGLE_PLACES_API_KEY[0m
[dotenv] Loaded [33m.env[0m
  [1m[35m (0.2ms)[0m  [1m[34mSELECT pg_try_advisory_lock(7864839756650184315)[0m
  [1m[36mActiveRecord::SchemaMigration Load (1.5ms)[0m  [1m[34mSELECT "schema_migrations"."version" FROM "schema_migrations" ORDER BY "schema_migrations"."version" ASC[0m
  [1m[36mActiveRecord::InternalMetadata Load (1.0ms)[0m  [1m[34mSELECT * FROM "ar_internal_metadata" WHERE "ar_internal_metadata"."key" = $1 ORDER BY "ar_internal_metadata"."key" ASC LIMIT 1[0m  [[nil, "environment"]]
  [1m[35m (0.2ms)[0m  [1m[34mSELECT pg_advisory_unlock(7864839756650184315)[0m
  [1m[36mActiveRecord::SchemaMigration Load (0.1ms)[0m  [1m[34mSELECT "schema_migrations"."version" FROM "schema_migrations" ORDER BY "schema_migrations"."version" ASC[0m
[dotenv] Set [36mGOOGLE_PLACES_API_KEY[0m
[dotenv] Loaded [33m.env[0m
Started GET "/" for 192.168.48.1 at 2024-07-02 20:18:13 +0000
Cannot render console from 192.168.48.1! Allowed networks: 127.0.0.0/127.255.255.255, ::1
  [1m[36mActiveRecord::SchemaMigration Load (0.4ms)[0m  [1m[34mSELECT "schema_migrations"."version" FROM "schema_migrations" ORDER BY "schema_migrations"."version" ASC[0m
Processing by PagesController#index as HTML
  Rendering layout layouts/application.html.erb
  Rendering pages/index.html.erb within layouts/application
  Rendered pages/index.html.erb within layouts/application (Duration: 1.1ms | Allocations: 1028)
  Rendered layout layouts/application.html.erb (Duration: 1.9ms | Allocations: 1426)
Completed 200 OK in 222ms (Views: 4.7ms | ActiveRecord: 0.0ms | Allocations: 304579)


Started GET "/shoplist/3ea96892-6568-4d97-a61e-fe0a2b4a1f3a" for 192.168.48.1 at 2024-07-02 20:18:16 +0000
Cannot render console from 192.168.48.1! Allowed networks: 127.0.0.0/127.255.255.255, ::1
Processing by ShoplistController#show as HTML
  Parameters: {"id"=>"3ea96892-6568-4d97-a61e-fe0a2b4a1f3a"}
Redirected to http://localhost:3000/
Completed 302 Found in 6ms (ActiveRecord: 0.0ms | Allocations: 1937)


Started GET "/" for 192.168.48.1 at 2024-07-02 20:18:16 +0000
Cannot render console from 192.168.48.1! Allowed networks: 127.0.0.0/127.255.255.255, ::1
Processing by PagesController#index as HTML
  Rendering layout layouts/application.html.erb
  Rendering pages/index.html.erb within layouts/application
  Rendered pages/index.html.erb within layouts/application (Duration: 0.6ms | Allocations: 509)
  Rendered layout layouts/application.html.erb (Duration: 0.8ms | Allocations: 604)
Completed 200 OK in 6ms (Views: 1.2ms | ActiveRecord: 0.0ms | Allocations: 19242)


[dotenv] Set [36mGOOGLE_PLACES_API_KEY[0m
[dotenv] Loaded [33m.env[0m
[dotenv] Set [36mDATABASE_URL[0m and [36mGOOGLE_PLACES_API_KEY[0m
[dotenv] Loaded [33m.env[0m
[dotenv] Set [36mGOOGLE_PLACES_API_KEY[0m
[dotenv] Loaded [33m.env[0m
  [1m[35m (0.2ms)[0m  [1m[34mSELECT pg_try_advisory_lock(7864839756650184315)[0m
  [1m[36mActiveRecord::SchemaMigration Load (0.7ms)[0m  [1m[34mSELECT "schema_migrations"."version" FROM "schema_migrations" ORDER BY "schema_migrations"."version" ASC[0m
  [1m[36mActiveRecord::InternalMetadata Load (0.6ms)[0m  [1m[34mSELECT * FROM "ar_internal_metadata" WHERE "ar_internal_metadata"."key" = $1 ORDER BY "ar_internal_metadata"."key" ASC LIMIT 1[0m  [[nil, "environment"]]
Migrating to AddDetailsToRamenShop (20240702202050)
  [1m[36mTRANSACTION (0.2ms)[0m  [1m[35mBEGIN[0m
  [1m[35m (6.3ms)[0m  [1m[35mALTER TABLE "ramen_shops" ADD "title" character varying[0m
  [1m[35m (0.4ms)[0m  [1m[35mALTER TABLE "ramen_shops" ADD "content" text[0m
  [1m[35m (0.3ms)[0m  [1m[35mALTER TABLE "ramen_shops" ADD "genre" character varying[0m
  [1m[35m (2.4ms)[0m  [1m[35mALTER TABLE "ramen_shops" ADD "address" character varying[0m
  [1m[36mTRANSACTION (0.2ms)[0m  [1m[31mROLLBACK[0m
  [1m[35m (0.2ms)[0m  [1m[34mSELECT pg_advisory_unlock(7864839756650184315)[0m
[dotenv] Set [36mGOOGLE_PLACES_API_KEY[0m
[dotenv] Loaded [33m.env[0m
  [1m[36mActiveRecord::SchemaMigration Load (0.4ms)[0m  [1m[34mSELECT "schema_migrations"."version" FROM "schema_migrations" ORDER BY "schema_migrations"."version" ASC[0m
[dotenv] Set [36mGOOGLE_PLACES_API_KEY[0m
[dotenv] Loaded [33m.env[0m
  [1m[35m (0.1ms)[0m  [1m[34mSELECT pg_try_advisory_lock(7864839756650184315)[0m
  [1m[36mActiveRecord::SchemaMigration Load (0.7ms)[0m  [1m[34mSELECT "schema_migrations"."version" FROM "schema_migrations" ORDER BY "schema_migrations"."version" ASC[0m
  [1m[36mActiveRecord::InternalMetadata Load (0.4ms)[0m  [1m[34mSELECT * FROM "ar_internal_metadata" WHERE "ar_internal_metadata"."key" = $1 ORDER BY "ar_internal_metadata"."key" ASC LIMIT 1[0m  [[nil, "environment"]]
Migrating to AddDetailsToRamenShop (20240702202050)
  [1m[36mTRANSACTION (0.1ms)[0m  [1m[35mBEGIN[0m
  [1m[35m (5.3ms)[0m  [1m[35mALTER TABLE "ramen_shops" ADD "title" character varying[0m
  [1m[35m (0.2ms)[0m  [1m[35mALTER TABLE "ramen_shops" ADD "content" text[0m
  [1m[35m (0.2ms)[0m  [1m[35mALTER TABLE "ramen_shops" ADD "genre" character varying[0m
  [1m[35m (0.2ms)[0m  [1m[35mALTER TABLE "ramen_shops" ADD "business_hours" character varying[0m
  [1m[35m (0.3ms)[0m  [1m[35mALTER TABLE "ramen_shops" ADD "latitude" float[0m
  [1m[35m (0.2ms)[0m  [1m[35mALTER TABLE "ramen_shops" ADD "longitude" float[0m
  [1m[36mActiveRecord::SchemaMigration Create (0.2ms)[0m  [1m[32mINSERT INTO "schema_migrations" ("version") VALUES ('20240702202050') RETURNING "version"[0m
  [1m[36mTRANSACTION (0.8ms)[0m  [1m[35mCOMMIT[0m
  [1m[35m (0.2ms)[0m  [1m[34mSELECT pg_advisory_unlock(7864839756650184315)[0m
  [1m[36mActiveRecord::SchemaMigration Load (0.1ms)[0m  [1m[34mSELECT "schema_migrations"."version" FROM "schema_migrations" ORDER BY "schema_migrations"."version" ASC[0m
[dotenv] Set [36mGOOGLE_PLACES_API_KEY[0m
[dotenv] Loaded [33m.env[0m
[dotenv] Set [36mGOOGLE_PLACES_API_KEY[0m
[dotenv] Loaded [33m.env[0m
[dotenv] Set [36mGOOGLE_PLACES_API_KEY[0m
[dotenv] Loaded [33m.env[0m
  [1m[35m (0.1ms)[0m  [1m[34mSELECT pg_try_advisory_lock(7864839756650184315)[0m
  [1m[36mActiveRecord::SchemaMigration Load (0.8ms)[0m  [1m[34mSELECT "schema_migrations"."version" FROM "schema_migrations" ORDER BY "schema_migrations"."version" ASC[0m
  [1m[36mActiveRecord::InternalMetadata Load (0.5ms)[0m  [1m[34mSELECT * FROM "ar_internal_metadata" WHERE "ar_internal_metadata"."key" = $1 ORDER BY "ar_internal_metadata"."key" ASC LIMIT 1[0m  [[nil, "environment"]]
Migrating to CreateActiveStorageTables (20240702203912)
  [1m[36mTRANSACTION (0.1ms)[0m  [1m[35mBEGIN[0m
  [1m[35m (20.1ms)[0m  [1m[35mCREATE TABLE "active_storage_blobs" ("id" bigserial primary key, "key" character varying NOT NULL, "filename" character varying NOT NULL, "content_type" character varying, "metadata" text, "service_name" character varying NOT NULL, "byte_size" bigint NOT NULL, "checksum" character varying, "created_at" timestamp(6) NOT NULL)[0m
  [1m[35m (1.6ms)[0m  [1m[35mCREATE UNIQUE INDEX "index_active_storage_blobs_on_key" ON "active_storage_blobs" ("key")[0m
  [1m[35m (6.4ms)[0m  [1m[35mCREATE TABLE "active_storage_attachments" ("id" bigserial primary key, "name" character varying NOT NULL, "record_type" character varying NOT NULL, "record_id" bigint NOT NULL, "blob_id" bigint NOT NULL, "created_at" timestamp(6) NOT NULL, CONSTRAINT "fk_rails_c3b3935057"
FOREIGN KEY ("blob_id")
  REFERENCES "active_storage_blobs" ("id")
)[0m
  [1m[35m (1.7ms)[0m  [1m[35mCREATE INDEX "index_active_storage_attachments_on_blob_id" ON "active_storage_attachments" ("blob_id")[0m
  [1m[35m (2.1ms)[0m  [1m[35mCREATE UNIQUE INDEX "index_active_storage_attachments_uniqueness" ON "active_storage_attachments" ("record_type", "record_id", "name", "blob_id")[0m
  [1m[35m (5.8ms)[0m  [1m[35mCREATE TABLE "active_storage_variant_records" ("id" bigserial primary key, "blob_id" bigint NOT NULL, "variation_digest" character varying NOT NULL, CONSTRAINT "fk_rails_993965df05"
FOREIGN KEY ("blob_id")
  REFERENCES "active_storage_blobs" ("id")
)[0m
  [1m[35m (1.5ms)[0m  [1m[35mCREATE UNIQUE INDEX "index_active_storage_variant_records_uniqueness" ON "active_storage_variant_records" ("blob_id", "variation_digest")[0m
  [1m[36mActiveRecord::SchemaMigration Create (0.2ms)[0m  [1m[32mINSERT INTO "schema_migrations" ("version") VALUES ('20240702203912') RETURNING "version"[0m
  [1m[36mTRANSACTION (0.9ms)[0m  [1m[35mCOMMIT[0m
  [1m[35m (0.2ms)[0m  [1m[34mSELECT pg_advisory_unlock(7864839756650184315)[0m
  [1m[36mActiveRecord::SchemaMigration Load (0.1ms)[0m  [1m[34mSELECT "schema_migrations"."version" FROM "schema_migrations" ORDER BY "schema_migrations"."version" ASC[0m
[dotenv] Set [36mGOOGLE_PLACES_API_KEY[0m
[dotenv] Loaded [33m.env[0m
[dotenv] Set [36mGOOGLE_PLACES_API_KEY[0m
[dotenv] Loaded [33m.env[0m
  [1m[36mTRANSACTION (0.1ms)[0m  [1m[35mBEGIN[0m
  ↳ lib/tasks/create_fake_shops.rake:7:in `block (3 levels) in <main>'
  [1m[36mRamenShop Create (2.9ms)[0m  [1m[32mINSERT INTO "ramen_shops" ("name", "address", "place_id", "introduction", "created_at", "updated_at", "title", "content", "genre", "business_hours", "latitude", "longitude") VALUES ($1, $2, $3, $4, $5, $6, $7, $8, $9, $10, $11, $12) RETURNING "id"[0m  [["name", "YTA Eats"], ["address", "213 Jannette Cape, Wolfville, PA 49805-7198"], ["place_id", nil], ["introduction", "To ensure that each guest receives prompt, professional, friendly and courteous service. To maintain a clean, comfortable and well maintained premises for our guests and staff. To provide at a fair price – nutritional, well-prepared meals – using only quality ingredients. To ensure that all guests and staff are treated with the respect and dignity they deserve. To thank each guest for the opportunity to serve them. By maintaining these objectives we shall be assured of a fair profit that will allow us to contribute to the community we serve."], ["created_at", "2024-07-02 20:42:00.481912"], ["updated_at", "2024-07-02 20:42:00.481912"], ["title", "OYX BBQ"], ["content", "To provide an exceptional dining experience that satisfies our guests’ grown-up tastes by being a Cut-Above in everything we do."], ["genre", "濃厚"], ["business_hours", "11:00 - 22:00"], ["latitude", -32.28729588271938], ["longitude", -147.43761562628265]]
  ↳ lib/tasks/create_fake_shops.rake:7:in `block (3 levels) in <main>'
  [1m[36mTRANSACTION (0.6ms)[0m  [1m[35mCOMMIT[0m
  ↳ lib/tasks/create_fake_shops.rake:7:in `block (3 levels) in <main>'
  [1m[36mTRANSACTION (0.1ms)[0m  [1m[35mBEGIN[0m
  ↳ lib/tasks/create_fake_shops.rake:7:in `block (3 levels) in <main>'
  [1m[36mRamenShop Create (0.6ms)[0m  [1m[32mINSERT INTO "ramen_shops" ("name", "address", "place_id", "introduction", "created_at", "updated_at", "title", "content", "genre", "business_hours", "latitude", "longitude") VALUES ($1, $2, $3, $4, $5, $6, $7, $8, $9, $10, $11, $12) RETURNING "id"[0m  [["name", "Red King"], ["address", "Suite 240 8343 Graham Park, Harveymouth, CO 20824-4738"], ["place_id", nil], ["introduction", "To ensure that each guest receives prompt, professional, friendly and courteous service. To maintain a clean, comfortable and well maintained premises for our guests and staff. To provide at a fair price – nutritional, well-prepared meals – using only quality ingredients. To ensure that all guests and staff are treated with the respect and dignity they deserve. To thank each guest for the opportunity to serve them. By maintaining these objectives we shall be assured of a fair profit that will allow us to contribute to the community we serve."], ["created_at", "2024-07-02 20:42:00.489584"], ["updated_at", "2024-07-02 20:42:00.489584"], ["title", "Big Curry"], ["content", "Our mission has been to help people achieve their health and wellness goals. though weve changed over the years, our values have remained the same."], ["genre", "汁なし"], ["business_hours", "11:00 - 22:00"], ["latitude", -89.31575265355335], ["longitude", 23.47558811999596]]
  ↳ lib/tasks/create_fake_shops.rake:7:in `block (3 levels) in <main>'
  [1m[36mTRANSACTION (0.6ms)[0m  [1m[35mCOMMIT[0m
  ↳ lib/tasks/create_fake_shops.rake:7:in `block (3 levels) in <main>'
  [1m[36mTRANSACTION (0.1ms)[0m  [1m[35mBEGIN[0m
  ↳ lib/tasks/create_fake_shops.rake:7:in `block (3 levels) in <main>'
  [1m[36mRamenShop Create (0.6ms)[0m  [1m[32mINSERT INTO "ramen_shops" ("name", "address", "place_id", "introduction", "created_at", "updated_at", "title", "content", "genre", "business_hours", "latitude", "longitude") VALUES ($1, $2, $3, $4, $5, $6, $7, $8, $9, $10, $11, $12) RETURNING "id"[0m  [["name", "Green King"], ["address", "40732 Collier Via, Port Denver, AL 19690"], ["place_id", nil], ["introduction", "To achieve and maintain such distinction in food and wine, service, atmosphere and setting that the restaurant gains a first class reputation for gastronomy, gracious and informed hospitality, comfort and beauty which draws new and repeat customers year after year. To achieve the above whilst upholding staff policies and practices which promote a fair and positive working environment. To be aware of and act on our responsibilities as a good corporate citizen to  provide a safe, clean and attractive place for guests to enjoy and for employees to work in - ensure ecologically sound management practices at the restaurant and in our surrounding gardens and woods - undertake meaningful involvement of Restaurant Les Fougères in selected charitable activities in our community and region."], ["created_at", "2024-07-02 20:42:00.492162"], ["updated_at", "2024-07-02 20:42:00.492162"], ["title", "Smokestack Bar & Grill"], ["content", "To achieve and maintain such distinction in food and wine, service, atmosphere and setting that the restaurant gains a first class reputation for gastronomy, gracious and informed hospitality, comfort and beauty which draws new and repeat customers year after year. To achieve the above whilst upholding staff policies and practices which promote a fair and positive working environment. To be aware of and act on our responsibilities as a good corporate citizen to  provide a safe, clean and attractive place for guests to enjoy and for employees to work in - ensure ecologically sound management practices at the restaurant and in our surrounding gardens and woods - undertake meaningful involvement of Restaurant Les Fougères in selected charitable activities in our community and region."], ["genre", "濃厚"], ["business_hours", "11:00 - 22:00"], ["latitude", -11.239547874888359], ["longitude", -0.10708196740108633]]
  ↳ lib/tasks/create_fake_shops.rake:7:in `block (3 levels) in <main>'
  [1m[36mTRANSACTION (0.6ms)[0m  [1m[35mCOMMIT[0m
  ↳ lib/tasks/create_fake_shops.rake:7:in `block (3 levels) in <main>'
  [1m[36mTRANSACTION (0.1ms)[0m  [1m[35mBEGIN[0m
  ↳ lib/tasks/create_fake_shops.rake:7:in `block (3 levels) in <main>'
  [1m[36mRamenShop Create (0.7ms)[0m  [1m[32mINSERT INTO "ramen_shops" ("name", "address", "place_id", "introduction", "created_at", "updated_at", "title", "content", "genre", "business_hours", "latitude", "longitude") VALUES ($1, $2, $3, $4, $5, $6, $7, $8, $9, $10, $11, $12) RETURNING "id"[0m  [["name", "Blue King"], ["address", "Suite 641 80069 Vern Trace, Lake Ignacioside, ND 73099-1118"], ["place_id", nil], ["introduction", "To achieve and maintain such distinction in food and wine, service, atmosphere and setting that the restaurant gains a first class reputation for gastronomy, gracious and informed hospitality, comfort and beauty which draws new and repeat customers year after year. To achieve the above whilst upholding staff policies and practices which promote a fair and positive working environment. To be aware of and act on our responsibilities as a good corporate citizen to  provide a safe, clean and attractive place for guests to enjoy and for employees to work in - ensure ecologically sound management practices at the restaurant and in our surrounding gardens and woods - undertake meaningful involvement of Restaurant Les Fougères in selected charitable activities in our community and region."], ["created_at", "2024-07-02 20:42:00.494837"], ["updated_at", "2024-07-02 20:42:00.494837"], ["title", "Orange Kitchen"], ["content", "To ensure that each guest receives prompt, professional, friendly and courteous service. To maintain a clean, comfortable and well maintained premises for our guests and staff. To provide at a fair price – nutritional, well-prepared meals – using only quality ingredients. To ensure that all guests and staff are treated with the respect and dignity they deserve. To thank each guest for the opportunity to serve them. By maintaining these objectives we shall be assured of a fair profit that will allow us to contribute to the community we serve."], ["genre", "つけ麺"], ["business_hours", "11:00 - 22:00"], ["latitude", -72.6150995839526], ["longitude", 6.132706365669719]]
  ↳ lib/tasks/create_fake_shops.rake:7:in `block (3 levels) in <main>'
  [1m[36mTRANSACTION (0.6ms)[0m  [1m[35mCOMMIT[0m
  ↳ lib/tasks/create_fake_shops.rake:7:in `block (3 levels) in <main>'
  [1m[36mTRANSACTION (0.1ms)[0m  [1m[35mBEGIN[0m
  ↳ lib/tasks/create_fake_shops.rake:7:in `block (3 levels) in <main>'
  [1m[36mRamenShop Create (0.7ms)[0m  [1m[32mINSERT INTO "ramen_shops" ("name", "address", "place_id", "introduction", "created_at", "updated_at", "title", "content", "genre", "business_hours", "latitude", "longitude") VALUES ($1, $2, $3, $4, $5, $6, $7, $8, $9, $10, $11, $12) RETURNING "id"[0m  [["name", "Orange Spoon"], ["address", "435 Walter Mission, East Soledadchester, NV 33554"], ["place_id", nil], ["introduction", "To sell delicious and remarkable food and drinks. That the food and drink we sell meets the highest standards of quality, freshness and seasonality and combines both modern-creative and traditional southern styles of cooking. To consistently provide our customers with impeccable service by demonstrating warmth, graciousness, efficiency, knowledge, professionalism and integrity in our work. To have every customer who comes through our doors leave impressed by Maxie’s and excited to come back again. To create and maintain a restaurant that is comprehensive and exceptional in its attention to every detail of operation. To provide all who work with us a friendly, cooperative and rewarding environment which encourages long- term, satisfying, growth employment. To keep our concept fresh, exciting and on the cutting edge of the hospitality and entertainment industry. To be a giving member of the Ithaca community and to use our restaurant to improve the quality of life in the Finger Lakes region."], ["created_at", "2024-07-02 20:42:00.497529"], ["updated_at", "2024-07-02 20:42:00.497529"], ["title", "Belly Gastropub"], ["content", "Our Mission at Denny’s is to establish beneficial business relationships with diverse suppliers who share our commitment to customer service, quality and competitive pricing."], ["genre", "つけ麺"], ["business_hours", "11:00 - 22:00"], ["latitude", 53.07414145759674], ["longitude", 51.28148365289172]]
  ↳ lib/tasks/create_fake_shops.rake:7:in `block (3 levels) in <main>'
  [1m[36mTRANSACTION (0.6ms)[0m  [1m[35mCOMMIT[0m
  ↳ lib/tasks/create_fake_shops.rake:7:in `block (3 levels) in <main>'
  [1m[36mTRANSACTION (0.1ms)[0m  [1m[35mBEGIN[0m
  ↳ lib/tasks/create_fake_shops.rake:7:in `block (3 levels) in <main>'
  [1m[36mRamenShop Create (0.6ms)[0m  [1m[32mINSERT INTO "ramen_shops" ("name", "address", "place_id", "introduction", "created_at", "updated_at", "title", "content", "genre", "business_hours", "latitude", "longitude") VALUES ($1, $2, $3, $4, $5, $6, $7, $8, $9, $10, $11, $12) RETURNING "id"[0m  [["name", "Green Subs"], ["address", "Suite 945 987 Giselle Valley, Borerchester, CA 80246"], ["place_id", nil], ["introduction", "Yoshinoya is in business to create the structure and systems needed to allow our customers access to the majority of their away-from-home daily meal requirements on a one-stop-shop basis. All our products shall be of the highest quality and value, be healthy, nutritious and provided with outstanding personal services at the lowest possible prices consistent with a fair return on investment for our shareholders, job enhancementsecurity for our employees and a level of community involvement by everyone connected with our business. All of our products and services shall be delivered consistently and measured one satisfied customer at a time, whether by company-owned or franchised operations, in superior, clean, convenient, fun and friendly neighborhood environments. We pledge to make Yoshinoya the best place to eat and the best place to work."], ["created_at", "2024-07-02 20:42:00.500229"], ["updated_at", "2024-07-02 20:42:00.500229"], ["title", "Fast Bakery"], ["content", "To provide an exceptional dining experience that satisfies our guests’ grown-up tastes by being a Cut-Above in everything we do."], ["genre", "つけ麺"], ["business_hours", "11:00 - 22:00"], ["latitude", -6.602280876586818], ["longitude", 137.60305098955166]]
  ↳ lib/tasks/create_fake_shops.rake:7:in `block (3 levels) in <main>'
  [1m[36mTRANSACTION (0.6ms)[0m  [1m[35mCOMMIT[0m
  ↳ lib/tasks/create_fake_shops.rake:7:in `block (3 levels) in <main>'
  [1m[36mTRANSACTION (0.1ms)[0m  [1m[35mBEGIN[0m
  ↳ lib/tasks/create_fake_shops.rake:7:in `block (3 levels) in <main>'
  [1m[36mRamenShop Create (1.2ms)[0m  [1m[32mINSERT INTO "ramen_shops" ("name", "address", "place_id", "introduction", "created_at", "updated_at", "title", "content", "genre", "business_hours", "latitude", "longitude") VALUES ($1, $2, $3, $4, $5, $6, $7, $8, $9, $10, $11, $12) RETURNING "id"[0m  [["name", "Smokestack Deli"], ["address", "886 Sherri Mount, Boyleborough, OR 90564-0262"], ["place_id", nil], ["introduction", "We earn the loyalty of the people we serve by first anticipating, then fulfilling their needs with our superior-quality products, a unique shopping experience, customer-focused service and continuous innovation, while generating long-term profitable growth for our shareholders."], ["created_at", "2024-07-02 20:42:00.502822"], ["updated_at", "2024-07-02 20:42:00.502822"], ["title", "Big Gastropub"], ["content", "Our mission has been to help people achieve their health and wellness goals. though weve changed over the years, our values have remained the same."], ["genre", "淡麗"], ["business_hours", "11:00 - 22:00"], ["latitude", -40.686657637344574], ["longitude", 47.24817252814296]]
  ↳ lib/tasks/create_fake_shops.rake:7:in `block (3 levels) in <main>'
  [1m[36mTRANSACTION (0.6ms)[0m  [1m[35mCOMMIT[0m
  ↳ lib/tasks/create_fake_shops.rake:7:in `block (3 levels) in <main>'
  [1m[36mTRANSACTION (0.1ms)[0m  [1m[35mBEGIN[0m
  ↳ lib/tasks/create_fake_shops.rake:7:in `block (3 levels) in <main>'
  [1m[36mRamenShop Create (0.6ms)[0m  [1m[32mINSERT INTO "ramen_shops" ("name", "address", "place_id", "introduction", "created_at", "updated_at", "title", "content", "genre", "business_hours", "latitude", "longitude") VALUES ($1, $2, $3, $4, $5, $6, $7, $8, $9, $10, $11, $12) RETURNING "id"[0m  [["name", "8234 Grill"], ["address", "993 Pedro Garden, Lueton, SD 73254-0083"], ["place_id", nil], ["introduction", "To ensure that each guest receives prompt, professional, friendly and courteous service. To maintain a clean, comfortable and well maintained premises for our guests and staff. To provide at a fair price – nutritional, well-prepared meals – using only quality ingredients. To ensure that all guests and staff are treated with the respect and dignity they deserve. To thank each guest for the opportunity to serve them. By maintaining these objectives we shall be assured of a fair profit that will allow us to contribute to the community we serve."], ["created_at", "2024-07-02 20:42:00.505928"], ["updated_at", "2024-07-02 20:42:00.505928"], ["title", "CUK Cafe"], ["content", "We earn the loyalty of the people we serve by first anticipating, then fulfilling their needs with our superior-quality products, a unique shopping experience, customer-focused service and continuous innovation, while generating long-term profitable growth for our shareholders."], ["genre", "つけ麺"], ["business_hours", "11:00 - 22:00"], ["latitude", 64.51970283782623], ["longitude", 94.79310976964166]]
  ↳ lib/tasks/create_fake_shops.rake:7:in `block (3 levels) in <main>'
  [1m[36mTRANSACTION (0.6ms)[0m  [1m[35mCOMMIT[0m
  ↳ lib/tasks/create_fake_shops.rake:7:in `block (3 levels) in <main>'
  [1m[36mTRANSACTION (0.1ms)[0m  [1m[35mBEGIN[0m
  ↳ lib/tasks/create_fake_shops.rake:7:in `block (3 levels) in <main>'
  [1m[36mRamenShop Create (0.6ms)[0m  [1m[32mINSERT INTO "ramen_shops" ("name", "address", "place_id", "introduction", "created_at", "updated_at", "title", "content", "genre", "business_hours", "latitude", "longitude") VALUES ($1, $2, $3, $4, $5, $6, $7, $8, $9, $10, $11, $12) RETURNING "id"[0m  [["name", "3626 Diner"], ["address", "1363 Lura Rue, Michaelside, ID 98998-3841"], ["place_id", nil], ["introduction", "We earn the loyalty of the people we serve by first anticipating, then fulfilling their needs with our superior-quality products, a unique shopping experience, customer-focused service and continuous innovation, while generating long-term profitable growth for our shareholders."], ["created_at", "2024-07-02 20:42:00.508536"], ["updated_at", "2024-07-02 20:42:00.508536"], ["title", "IF Curry"], ["content", "To deliver an exceptional shopping experience by offering the best service, value, quality, and freshest products while being good stewards of our environment and giving back to the communities we serve."], ["genre", "汁なし"], ["business_hours", "11:00 - 22:00"], ["latitude", -26.233957324211318], ["longitude", -107.2940730888275]]
  ↳ lib/tasks/create_fake_shops.rake:7:in `block (3 levels) in <main>'
  [1m[36mTRANSACTION (0.6ms)[0m  [1m[35mCOMMIT[0m
  ↳ lib/tasks/create_fake_shops.rake:7:in `block (3 levels) in <main>'
  [1m[36mTRANSACTION (0.1ms)[0m  [1m[35mBEGIN[0m
  ↳ lib/tasks/create_fake_shops.rake:7:in `block (3 levels) in <main>'
  [1m[36mRamenShop Create (0.6ms)[0m  [1m[32mINSERT INTO "ramen_shops" ("name", "address", "place_id", "introduction", "created_at", "updated_at", "title", "content", "genre", "business_hours", "latitude", "longitude") VALUES ($1, $2, $3, $4, $5, $6, $7, $8, $9, $10, $11, $12) RETURNING "id"[0m  [["name", "Thirsty Grill"], ["address", "Apt. 119 852 Rohan Wall, West Myronland, MT 07616-0507"], ["place_id", nil], ["introduction", "We are committed to using the finest ingredients in our recipes. No food leaves our kitchen that we ourselves would not eat."], ["created_at", "2024-07-02 20:42:00.511302"], ["updated_at", "2024-07-02 20:42:00.511302"], ["title", "Fat Gastropub"], ["content", "Culver’s Restaurant was founded by the Culver family in 1984, which eventually branched out to more than 300 franchised restaurants all over the US. Culver’s is well-known for its ButterBurger, which made the restaurant extremely famous. They also have other items which include salads, sandwiches, desserts, etc."], ["genre", "濃厚"], ["business_hours", "11:00 - 22:00"], ["latitude", -66.23599278177286], ["longitude", -142.45788559815475]]
  ↳ lib/tasks/create_fake_shops.rake:7:in `block (3 levels) in <main>'
  [1m[36mTRANSACTION (0.6ms)[0m  [1m[35mCOMMIT[0m
  ↳ lib/tasks/create_fake_shops.rake:7:in `block (3 levels) in <main>'
[dotenv] Set [36mGOOGLE_PLACES_API_KEY[0m
[dotenv] Loaded [33m.env[0m
  [1m[36mRamenShop Count (0.9ms)[0m  [1m[34mSELECT COUNT(*) FROM "ramen_shops"[0m
Started GET "/shoplist" for 192.168.48.1 at 2024-07-02 20:45:09 +0000
Cannot render console from 192.168.48.1! Allowed networks: 127.0.0.0/127.255.255.255, ::1
  [1m[36mActiveRecord::SchemaMigration Load (0.6ms)[0m  [1m[34mSELECT "schema_migrations"."version" FROM "schema_migrations" ORDER BY "schema_migrations"."version" ASC[0m
Processing by ShoplistController#index as HTML
  Rendering layout layouts/application.html.erb
  Rendering shoplist/index.html.erb within layouts/application
  Rendered shoplist/index.html.erb within layouts/application (Duration: 0.9ms | Allocations: 777)
  Rendered layout layouts/application.html.erb (Duration: 1.4ms | Allocations: 1131)
Completed 200 OK in 8ms (Views: 2.5ms | ActiveRecord: 0.0ms | Allocations: 20341)


Started GET "/shoplist/d2ea43ad-bd01-4d20-8569-7fe1ce46705a" for 192.168.48.1 at 2024-07-02 20:45:13 +0000
Cannot render console from 192.168.48.1! Allowed networks: 127.0.0.0/127.255.255.255, ::1
Processing by ShoplistController#show as HTML
  Parameters: {"id"=>"d2ea43ad-bd01-4d20-8569-7fe1ce46705a"}
  Rendering layout layouts/application.html.erb
  Rendering shoplist/show.html.erb within layouts/application
  Rendered shoplist/show.html.erb within layouts/application (Duration: 0.6ms | Allocations: 262)
  Rendered layout layouts/application.html.erb (Duration: 0.7ms | Allocations: 357)
Completed 200 OK in 2ms (Views: 1.2ms | ActiveRecord: 0.0ms | Allocations: 670)


Started GET "/" for 192.168.48.1 at 2024-07-02 20:45:17 +0000
Cannot render console from 192.168.48.1! Allowed networks: 127.0.0.0/127.255.255.255, ::1
Processing by PagesController#index as HTML
  Rendering layout layouts/application.html.erb
  Rendering pages/index.html.erb within layouts/application
  Rendered pages/index.html.erb within layouts/application (Duration: 1.2ms | Allocations: 747)
  Rendered layout layouts/application.html.erb (Duration: 1.4ms | Allocations: 842)
Completed 200 OK in 8ms (Views: 1.9ms | ActiveRecord: 0.0ms | Allocations: 19711)


Started GET "/shoplist/5e248511-6168-4429-ac26-cac6a784fd0e" for 192.168.48.1 at 2024-07-02 20:45:19 +0000
Cannot render console from 192.168.48.1! Allowed networks: 127.0.0.0/127.255.255.255, ::1
Processing by ShoplistController#show as HTML
  Parameters: {"id"=>"5e248511-6168-4429-ac26-cac6a784fd0e"}
Redirected to http://localhost:3000/
Completed 302 Found in 1ms (ActiveRecord: 0.0ms | Allocations: 687)


Started GET "/" for 192.168.48.1 at 2024-07-02 20:45:19 +0000
Cannot render console from 192.168.48.1! Allowed networks: 127.0.0.0/127.255.255.255, ::1
Processing by PagesController#index as HTML
  Rendering layout layouts/application.html.erb
  Rendering pages/index.html.erb within layouts/application
  Rendered pages/index.html.erb within layouts/application (Duration: 0.5ms | Allocations: 507)
  Rendered layout layouts/application.html.erb (Duration: 0.7ms | Allocations: 602)
Completed 200 OK in 7ms (Views: 1.0ms | ActiveRecord: 0.0ms | Allocations: 19957)


Started GET "/shoplist/06fe4573-8a3c-43dd-a849-2f785d8772f6" for 192.168.48.1 at 2024-07-02 20:45:27 +0000
Cannot render console from 192.168.48.1! Allowed networks: 127.0.0.0/127.255.255.255, ::1
Processing by ShoplistController#show as HTML
  Parameters: {"id"=>"06fe4573-8a3c-43dd-a849-2f785d8772f6"}
  Rendering layout layouts/application.html.erb
  Rendering shoplist/show.html.erb within layouts/application
  Rendered shoplist/show.html.erb within layouts/application (Duration: 0.1ms | Allocations: 22)
  Rendered layout layouts/application.html.erb (Duration: 0.3ms | Allocations: 117)
Completed 200 OK in 1ms (Views: 0.6ms | ActiveRecord: 0.0ms | Allocations: 351)


Started GET "/shoplist/d2ea43ad-bd01-4d20-8569-7fe1ce46705a" for 192.168.48.1 at 2024-07-02 20:47:14 +0000
Cannot render console from 192.168.48.1! Allowed networks: 127.0.0.0/127.255.255.255, ::1
Processing by ShoplistController#show as HTML
  Parameters: {"id"=>"d2ea43ad-bd01-4d20-8569-7fe1ce46705a"}
  Rendering layout layouts/application.html.erb
  Rendering shoplist/show.html.erb within layouts/application
  Rendered shoplist/show.html.erb within layouts/application (Duration: 0.1ms | Allocations: 19)
  Rendered layout layouts/application.html.erb (Duration: 0.2ms | Allocations: 114)
Completed 200 OK in 1ms (Views: 0.5ms | ActiveRecord: 0.0ms | Allocations: 350)


Started GET "/shoplist/611292a0-0565-475b-8440-8336029b1202" for 192.168.48.1 at 2024-07-02 20:48:39 +0000
Cannot render console from 192.168.48.1! Allowed networks: 127.0.0.0/127.255.255.255, ::1
Processing by ShoplistController#show as HTML
  Parameters: {"id"=>"611292a0-0565-475b-8440-8336029b1202"}
Redirected to http://localhost:3000/
Completed 302 Found in 1ms (ActiveRecord: 0.0ms | Allocations: 661)


Started GET "/" for 192.168.48.1 at 2024-07-02 20:48:39 +0000
Cannot render console from 192.168.48.1! Allowed networks: 127.0.0.0/127.255.255.255, ::1
Processing by PagesController#index as HTML
  Rendering layout layouts/application.html.erb
  Rendering pages/index.html.erb within layouts/application
  Rendered pages/index.html.erb within layouts/application (Duration: 0.8ms | Allocations: 506)
  Rendered layout layouts/application.html.erb (Duration: 1.0ms | Allocations: 601)
Completed 200 OK in 6ms (Views: 1.3ms | ActiveRecord: 0.0ms | Allocations: 18880)


Started GET "/shoplist/aa59c364-3f41-4116-876a-d2db94e1c8ae" for 192.168.48.1 at 2024-07-02 20:50:20 +0000
Cannot render console from 192.168.48.1! Allowed networks: 127.0.0.0/127.255.255.255, ::1
Processing by ShoplistController#show as HTML
  Parameters: {"id"=>"aa59c364-3f41-4116-876a-d2db94e1c8ae"}
  Rendering layout layouts/application.html.erb
  Rendering shoplist/show.html.erb within layouts/application
  Rendered shoplist/show.html.erb within layouts/application (Duration: 0.1ms | Allocations: 22)
  Rendered layout layouts/application.html.erb (Duration: 0.3ms | Allocations: 117)
Completed 200 OK in 1ms (Views: 0.7ms | ActiveRecord: 0.0ms | Allocations: 351)


Started GET "/" for 192.168.48.1 at 2024-07-02 20:54:53 +0000
Cannot render console from 192.168.48.1! Allowed networks: 127.0.0.0/127.255.255.255, ::1
Processing by PagesController#index as HTML
  Rendering layout layouts/application.html.erb
  Rendering pages/index.html.erb within layouts/application
  Rendered pages/index.html.erb within layouts/application (Duration: 0.7ms | Allocations: 762)
  Rendered layout layouts/application.html.erb (Duration: 1.5ms | Allocations: 1116)
Completed 200 OK in 8ms (Views: 2.3ms | ActiveRecord: 0.0ms | Allocations: 21761)


  
ActionDispatch::Cookies::CookieOverflow (_niborame_session cookie overflowed with size 16160 bytes):
  
actionpack (7.1.3.4) lib/action_dispatch/middleware/cookies.rb:597:in `check_for_overflow!'
actionpack (7.1.3.4) lib/action_dispatch/middleware/cookies.rb:679:in `commit'
actionpack (7.1.3.4) lib/action_dispatch/middleware/cookies.rb:515:in `[]='
actionpack (7.1.3.4) lib/action_dispatch/middleware/session/cookie_store.rb:116:in `set_cookie'
rack-session (2.0.0) lib/rack/session/abstract/id.rb:409:in `commit_session'
actionpack (7.1.3.4) lib/action_dispatch/middleware/session/abstract_store.rb:72:in `commit_session'
rack-session (2.0.0) lib/rack/session/abstract/id.rb:274:in `context'
rack-session (2.0.0) lib/rack/session/abstract/id.rb:266:in `call'
actionpack (7.1.3.4) lib/action_dispatch/middleware/cookies.rb:689:in `call'
activerecord (7.1.3.4) lib/active_record/migration.rb:655:in `call'
actionpack (7.1.3.4) lib/action_dispatch/middleware/callbacks.rb:29:in `block in call'
activesupport (7.1.3.4) lib/active_support/callbacks.rb:101:in `run_callbacks'
actionpack (7.1.3.4) lib/action_dispatch/middleware/callbacks.rb:28:in `call'
actionpack (7.1.3.4) lib/action_dispatch/middleware/executor.rb:14:in `call'
actionpack (7.1.3.4) lib/action_dispatch/middleware/actionable_exceptions.rb:16:in `call'
actionpack (7.1.3.4) lib/action_dispatch/middleware/debug_exceptions.rb:29:in `call'
web-console (4.2.1) lib/web_console/middleware.rb:132:in `call_app'
web-console (4.2.1) lib/web_console/middleware.rb:19:in `block in call'
web-console (4.2.1) lib/web_console/middleware.rb:17:in `catch'
web-console (4.2.1) lib/web_console/middleware.rb:17:in `call'
actionpack (7.1.3.4) lib/action_dispatch/middleware/show_exceptions.rb:31:in `call'
railties (7.1.3.4) lib/rails/rack/logger.rb:37:in `call_app'
railties (7.1.3.4) lib/rails/rack/logger.rb:24:in `block in call'
activesupport (7.1.3.4) lib/active_support/tagged_logging.rb:135:in `block in tagged'
activesupport (7.1.3.4) lib/active_support/tagged_logging.rb:39:in `tagged'
activesupport (7.1.3.4) lib/active_support/tagged_logging.rb:135:in `tagged'
activesupport (7.1.3.4) lib/active_support/broadcast_logger.rb:240:in `method_missing'
railties (7.1.3.4) lib/rails/rack/logger.rb:24:in `call'
sprockets-rails (3.5.1) lib/sprockets/rails/quiet_assets.rb:17:in `call'
actionpack (7.1.3.4) lib/action_dispatch/middleware/remote_ip.rb:92:in `call'
actionpack (7.1.3.4) lib/action_dispatch/middleware/request_id.rb:28:in `call'
rack (3.1.4) lib/rack/method_override.rb:28:in `call'
rack (3.1.4) lib/rack/runtime.rb:24:in `call'
activesupport (7.1.3.4) lib/active_support/cache/strategy/local_cache_middleware.rb:29:in `call'
actionpack (7.1.3.4) lib/action_dispatch/middleware/server_timing.rb:59:in `block in call'
actionpack (7.1.3.4) lib/action_dispatch/middleware/server_timing.rb:24:in `collect_events'
actionpack (7.1.3.4) lib/action_dispatch/middleware/server_timing.rb:58:in `call'
actionpack (7.1.3.4) lib/action_dispatch/middleware/executor.rb:14:in `call'
actionpack (7.1.3.4) lib/action_dispatch/middleware/static.rb:25:in `call'
rack (3.1.4) lib/rack/sendfile.rb:114:in `call'
actionpack (7.1.3.4) lib/action_dispatch/middleware/host_authorization.rb:141:in `call'
vite_ruby (3.6.0) lib/vite_ruby/dev_server_proxy.rb:22:in `perform_request'
rack-proxy (0.7.7) lib/rack/proxy.rb:87:in `call'
railties (7.1.3.4) lib/rails/engine.rb:536:in `call'
puma (6.4.2) lib/puma/configuration.rb:272:in `call'
puma (6.4.2) lib/puma/request.rb:100:in `block in handle_request'
puma (6.4.2) lib/puma/thread_pool.rb:378:in `with_force_shutdown'
puma (6.4.2) lib/puma/request.rb:99:in `handle_request'
puma (6.4.2) lib/puma/server.rb:464:in `process_client'
puma (6.4.2) lib/puma/server.rb:245:in `block in run'
puma (6.4.2) lib/puma/thread_pool.rb:155:in `block in spawn_thread'
Started GET "/shoplist" for 192.168.48.1 at 2024-07-02 20:54:55 +0000
Cannot render console from 192.168.48.1! Allowed networks: 127.0.0.0/127.255.255.255, ::1
Processing by ShoplistController#index as HTML
  Rendering layout layouts/application.html.erb
  Rendering shoplist/index.html.erb within layouts/application
  Rendered shoplist/index.html.erb within layouts/application (Duration: 1.3ms | Allocations: 741)
  Rendered layout layouts/application.html.erb (Duration: 1.5ms | Allocations: 836)
Completed 200 OK in 7ms (Views: 2.0ms | ActiveRecord: 0.0ms | Allocations: 20373)


  
ActionDispatch::Cookies::CookieOverflow (_niborame_session cookie overflowed with size 16504 bytes):
  
actionpack (7.1.3.4) lib/action_dispatch/middleware/cookies.rb:597:in `check_for_overflow!'
actionpack (7.1.3.4) lib/action_dispatch/middleware/cookies.rb:679:in `commit'
actionpack (7.1.3.4) lib/action_dispatch/middleware/cookies.rb:515:in `[]='
actionpack (7.1.3.4) lib/action_dispatch/middleware/session/cookie_store.rb:116:in `set_cookie'
rack-session (2.0.0) lib/rack/session/abstract/id.rb:409:in `commit_session'
actionpack (7.1.3.4) lib/action_dispatch/middleware/session/abstract_store.rb:72:in `commit_session'
rack-session (2.0.0) lib/rack/session/abstract/id.rb:274:in `context'
rack-session (2.0.0) lib/rack/session/abstract/id.rb:266:in `call'
actionpack (7.1.3.4) lib/action_dispatch/middleware/cookies.rb:689:in `call'
activerecord (7.1.3.4) lib/active_record/migration.rb:655:in `call'
actionpack (7.1.3.4) lib/action_dispatch/middleware/callbacks.rb:29:in `block in call'
activesupport (7.1.3.4) lib/active_support/callbacks.rb:101:in `run_callbacks'
actionpack (7.1.3.4) lib/action_dispatch/middleware/callbacks.rb:28:in `call'
actionpack (7.1.3.4) lib/action_dispatch/middleware/executor.rb:14:in `call'
actionpack (7.1.3.4) lib/action_dispatch/middleware/actionable_exceptions.rb:16:in `call'
actionpack (7.1.3.4) lib/action_dispatch/middleware/debug_exceptions.rb:29:in `call'
web-console (4.2.1) lib/web_console/middleware.rb:132:in `call_app'
web-console (4.2.1) lib/web_console/middleware.rb:19:in `block in call'
web-console (4.2.1) lib/web_console/middleware.rb:17:in `catch'
web-console (4.2.1) lib/web_console/middleware.rb:17:in `call'
actionpack (7.1.3.4) lib/action_dispatch/middleware/show_exceptions.rb:31:in `call'
railties (7.1.3.4) lib/rails/rack/logger.rb:37:in `call_app'
railties (7.1.3.4) lib/rails/rack/logger.rb:24:in `block in call'
activesupport (7.1.3.4) lib/active_support/tagged_logging.rb:135:in `block in tagged'
activesupport (7.1.3.4) lib/active_support/tagged_logging.rb:39:in `tagged'
activesupport (7.1.3.4) lib/active_support/tagged_logging.rb:135:in `tagged'
activesupport (7.1.3.4) lib/active_support/broadcast_logger.rb:240:in `method_missing'
railties (7.1.3.4) lib/rails/rack/logger.rb:24:in `call'
sprockets-rails (3.5.1) lib/sprockets/rails/quiet_assets.rb:17:in `call'
actionpack (7.1.3.4) lib/action_dispatch/middleware/remote_ip.rb:92:in `call'
actionpack (7.1.3.4) lib/action_dispatch/middleware/request_id.rb:28:in `call'
rack (3.1.4) lib/rack/method_override.rb:28:in `call'
rack (3.1.4) lib/rack/runtime.rb:24:in `call'
activesupport (7.1.3.4) lib/active_support/cache/strategy/local_cache_middleware.rb:29:in `call'
actionpack (7.1.3.4) lib/action_dispatch/middleware/server_timing.rb:59:in `block in call'
actionpack (7.1.3.4) lib/action_dispatch/middleware/server_timing.rb:24:in `collect_events'
actionpack (7.1.3.4) lib/action_dispatch/middleware/server_timing.rb:58:in `call'
actionpack (7.1.3.4) lib/action_dispatch/middleware/executor.rb:14:in `call'
actionpack (7.1.3.4) lib/action_dispatch/middleware/static.rb:25:in `call'
rack (3.1.4) lib/rack/sendfile.rb:114:in `call'
actionpack (7.1.3.4) lib/action_dispatch/middleware/host_authorization.rb:141:in `call'
vite_ruby (3.6.0) lib/vite_ruby/dev_server_proxy.rb:22:in `perform_request'
rack-proxy (0.7.7) lib/rack/proxy.rb:87:in `call'
railties (7.1.3.4) lib/rails/engine.rb:536:in `call'
puma (6.4.2) lib/puma/configuration.rb:272:in `call'
puma (6.4.2) lib/puma/request.rb:100:in `block in handle_request'
puma (6.4.2) lib/puma/thread_pool.rb:378:in `with_force_shutdown'
puma (6.4.2) lib/puma/request.rb:99:in `handle_request'
puma (6.4.2) lib/puma/server.rb:464:in `process_client'
puma (6.4.2) lib/puma/server.rb:245:in `block in run'
puma (6.4.2) lib/puma/thread_pool.rb:155:in `block in spawn_thread'
Started GET "/" for 192.168.48.1 at 2024-07-02 20:54:59 +0000
Cannot render console from 192.168.48.1! Allowed networks: 127.0.0.0/127.255.255.255, ::1
Processing by PagesController#index as HTML
  Rendering layout layouts/application.html.erb
  Rendering pages/index.html.erb within layouts/application
  Rendered pages/index.html.erb within layouts/application (Duration: 0.4ms | Allocations: 429)
  Rendered layout layouts/application.html.erb (Duration: 0.5ms | Allocations: 524)
Completed 200 OK in 7ms (Views: 0.8ms | ActiveRecord: 0.0ms | Allocations: 19992)


  
ActionDispatch::Cookies::CookieOverflow (_niborame_session cookie overflowed with size 16840 bytes):
  
actionpack (7.1.3.4) lib/action_dispatch/middleware/cookies.rb:597:in `check_for_overflow!'
actionpack (7.1.3.4) lib/action_dispatch/middleware/cookies.rb:679:in `commit'
actionpack (7.1.3.4) lib/action_dispatch/middleware/cookies.rb:515:in `[]='
actionpack (7.1.3.4) lib/action_dispatch/middleware/session/cookie_store.rb:116:in `set_cookie'
rack-session (2.0.0) lib/rack/session/abstract/id.rb:409:in `commit_session'
actionpack (7.1.3.4) lib/action_dispatch/middleware/session/abstract_store.rb:72:in `commit_session'
rack-session (2.0.0) lib/rack/session/abstract/id.rb:274:in `context'
rack-session (2.0.0) lib/rack/session/abstract/id.rb:266:in `call'
actionpack (7.1.3.4) lib/action_dispatch/middleware/cookies.rb:689:in `call'
activerecord (7.1.3.4) lib/active_record/migration.rb:655:in `call'
actionpack (7.1.3.4) lib/action_dispatch/middleware/callbacks.rb:29:in `block in call'
activesupport (7.1.3.4) lib/active_support/callbacks.rb:101:in `run_callbacks'
actionpack (7.1.3.4) lib/action_dispatch/middleware/callbacks.rb:28:in `call'
actionpack (7.1.3.4) lib/action_dispatch/middleware/executor.rb:14:in `call'
actionpack (7.1.3.4) lib/action_dispatch/middleware/actionable_exceptions.rb:16:in `call'
actionpack (7.1.3.4) lib/action_dispatch/middleware/debug_exceptions.rb:29:in `call'
web-console (4.2.1) lib/web_console/middleware.rb:132:in `call_app'
web-console (4.2.1) lib/web_console/middleware.rb:19:in `block in call'
web-console (4.2.1) lib/web_console/middleware.rb:17:in `catch'
web-console (4.2.1) lib/web_console/middleware.rb:17:in `call'
actionpack (7.1.3.4) lib/action_dispatch/middleware/show_exceptions.rb:31:in `call'
railties (7.1.3.4) lib/rails/rack/logger.rb:37:in `call_app'
railties (7.1.3.4) lib/rails/rack/logger.rb:24:in `block in call'
activesupport (7.1.3.4) lib/active_support/tagged_logging.rb:135:in `block in tagged'
activesupport (7.1.3.4) lib/active_support/tagged_logging.rb:39:in `tagged'
activesupport (7.1.3.4) lib/active_support/tagged_logging.rb:135:in `tagged'
activesupport (7.1.3.4) lib/active_support/broadcast_logger.rb:240:in `method_missing'
railties (7.1.3.4) lib/rails/rack/logger.rb:24:in `call'
sprockets-rails (3.5.1) lib/sprockets/rails/quiet_assets.rb:17:in `call'
actionpack (7.1.3.4) lib/action_dispatch/middleware/remote_ip.rb:92:in `call'
actionpack (7.1.3.4) lib/action_dispatch/middleware/request_id.rb:28:in `call'
rack (3.1.4) lib/rack/method_override.rb:28:in `call'
rack (3.1.4) lib/rack/runtime.rb:24:in `call'
activesupport (7.1.3.4) lib/active_support/cache/strategy/local_cache_middleware.rb:29:in `call'
actionpack (7.1.3.4) lib/action_dispatch/middleware/server_timing.rb:59:in `block in call'
actionpack (7.1.3.4) lib/action_dispatch/middleware/server_timing.rb:24:in `collect_events'
actionpack (7.1.3.4) lib/action_dispatch/middleware/server_timing.rb:58:in `call'
actionpack (7.1.3.4) lib/action_dispatch/middleware/executor.rb:14:in `call'
actionpack (7.1.3.4) lib/action_dispatch/middleware/static.rb:25:in `call'
rack (3.1.4) lib/rack/sendfile.rb:114:in `call'
actionpack (7.1.3.4) lib/action_dispatch/middleware/host_authorization.rb:141:in `call'
vite_ruby (3.6.0) lib/vite_ruby/dev_server_proxy.rb:22:in `perform_request'
rack-proxy (0.7.7) lib/rack/proxy.rb:87:in `call'
railties (7.1.3.4) lib/rails/engine.rb:536:in `call'
puma (6.4.2) lib/puma/configuration.rb:272:in `call'
puma (6.4.2) lib/puma/request.rb:100:in `block in handle_request'
puma (6.4.2) lib/puma/thread_pool.rb:378:in `with_force_shutdown'
puma (6.4.2) lib/puma/request.rb:99:in `handle_request'
puma (6.4.2) lib/puma/server.rb:464:in `process_client'
puma (6.4.2) lib/puma/server.rb:245:in `block in run'
puma (6.4.2) lib/puma/thread_pool.rb:155:in `block in spawn_thread'
Started GET "/" for 192.168.48.1 at 2024-07-02 20:58:08 +0000
Cannot render console from 192.168.48.1! Allowed networks: 127.0.0.0/127.255.255.255, ::1
Processing by PagesController#index as HTML
  Rendering layout layouts/application.html.erb
  Rendering pages/index.html.erb within layouts/application
  [1m[36mRamenShop Load (0.4ms)[0m  [1m[34mSELECT "ramen_shops".* FROM "ramen_shops"[0m
  ↳ app/views/pages/index.html.erb:44
  [1m[36mActiveStorage::Attachment Load (1.9ms)[0m  [1m[34mSELECT "active_storage_attachments".* FROM "active_storage_attachments" WHERE "active_storage_attachments"."record_id" = $1 AND "active_storage_attachments"."record_type" = $2 AND "active_storage_attachments"."name" = $3 LIMIT $4[0m  [["record_id", 1], ["record_type", "RamenShop"], ["name", "image"], ["LIMIT", 1]]
  ↳ app/views/pages/index.html.erb:47
  Rendered pages/index.html.erb within layouts/application (Duration: 65.2ms | Allocations: 32236)
  Rendered layout layouts/application.html.erb (Duration: 65.4ms | Allocations: 32322)
Completed 500 Internal Server Error in 79ms (ActiveRecord: 10.3ms | Allocations: 40683)


  
ActionView::Template::Error (Can't resolve image into URL: undefined method `persisted?' for nil):
    44:       <% @shops.each do |shop| %>
    45:         <div class="col-md-4 shop-card" data-genre="<%= shop.genre %>">
    46:           <div class="card mb-4">
    47:             <%= image_tag shop.image, class: "card-img-top", alt: "ラーメンの画像" %>
    48:             <div class="card-body">
    49:               <h5 class="card-title"><%= shop.title %></h5>
    50:               <p class="card-text"><%= shop.content %></p>
  
app/views/pages/index.html.erb:47
app/views/pages/index.html.erb:44
Started GET "/shoplist" for 192.168.48.1 at 2024-07-02 20:58:14 +0000
Cannot render console from 192.168.48.1! Allowed networks: 127.0.0.0/127.255.255.255, ::1
Processing by ShoplistController#index as HTML
  Rendering layout layouts/application.html.erb
  Rendering shoplist/index.html.erb within layouts/application
  [1m[36mRamenShop Load (0.5ms)[0m  [1m[34mSELECT "ramen_shops".* FROM "ramen_shops"[0m
  ↳ app/views/shoplist/index.html.erb:19
  [1m[36mActiveStorage::Attachment Load (0.2ms)[0m  [1m[34mSELECT "active_storage_attachments".* FROM "active_storage_attachments" WHERE "active_storage_attachments"."record_id" = $1 AND "active_storage_attachments"."record_type" = $2 AND "active_storage_attachments"."name" = $3 LIMIT $4[0m  [["record_id", 1], ["record_type", "RamenShop"], ["name", "image"], ["LIMIT", 1]]
  ↳ app/views/shoplist/index.html.erb:22
  Rendered shoplist/index.html.erb within layouts/application (Duration: 3.2ms | Allocations: 3370)
  Rendered layout layouts/application.html.erb (Duration: 3.4ms | Allocations: 3455)
Completed 500 Internal Server Error in 4ms (ActiveRecord: 0.7ms | Allocations: 3895)


  
ActionView::Template::Error (Can't resolve image into URL: undefined method `persisted?' for nil):
    19:       <% @shops.each do |shop| %>
    20:         <div class="col">
    21:           <div class="card h-100 shop-card">
    22:             <%= image_tag shop.image, class: "card-img-top", alt: "ラーメンの画像" %>
    23:             <div class="card-body d-flex flex-column justify-content-between">
    24:               <div>
    25:                 <h5 class="card-title"><%= shop.title %></h5>
  
app/views/shoplist/index.html.erb:22
app/views/shoplist/index.html.erb:19
Started GET "/" for 192.168.48.1 at 2024-07-02 20:59:40 +0000
Cannot render console from 192.168.48.1! Allowed networks: 127.0.0.0/127.255.255.255, ::1
Processing by PagesController#index as HTML
  Rendering layout layouts/application.html.erb
  Rendering pages/index.html.erb within layouts/application
  [1m[36mRamenShop Load (0.3ms)[0m  [1m[34mSELECT "ramen_shops".* FROM "ramen_shops"[0m
  ↳ app/views/pages/index.html.erb:44
  [1m[36mActiveStorage::Attachment Load (0.2ms)[0m  [1m[34mSELECT "active_storage_attachments".* FROM "active_storage_attachments" WHERE "active_storage_attachments"."record_id" = $1 AND "active_storage_attachments"."record_type" = $2 AND "active_storage_attachments"."name" = $3 LIMIT $4[0m  [["record_id", 1], ["record_type", "RamenShop"], ["name", "image"], ["LIMIT", 1]]
  ↳ app/views/pages/index.html.erb:47
  [1m[36mActiveStorage::Attachment Load (0.2ms)[0m  [1m[34mSELECT "active_storage_attachments".* FROM "active_storage_attachments" WHERE "active_storage_attachments"."record_id" = $1 AND "active_storage_attachments"."record_type" = $2 AND "active_storage_attachments"."name" = $3 LIMIT $4[0m  [["record_id", 2], ["record_type", "RamenShop"], ["name", "image"], ["LIMIT", 1]]
  ↳ app/views/pages/index.html.erb:47
  [1m[36mActiveStorage::Attachment Load (0.2ms)[0m  [1m[34mSELECT "active_storage_attachments".* FROM "active_storage_attachments" WHERE "active_storage_attachments"."record_id" = $1 AND "active_storage_attachments"."record_type" = $2 AND "active_storage_attachments"."name" = $3 LIMIT $4[0m  [["record_id", 3], ["record_type", "RamenShop"], ["name", "image"], ["LIMIT", 1]]
  ↳ app/views/pages/index.html.erb:47
  [1m[36mActiveStorage::Attachment Load (0.2ms)[0m  [1m[34mSELECT "active_storage_attachments".* FROM "active_storage_attachments" WHERE "active_storage_attachments"."record_id" = $1 AND "active_storage_attachments"."record_type" = $2 AND "active_storage_attachments"."name" = $3 LIMIT $4[0m  [["record_id", 4], ["record_type", "RamenShop"], ["name", "image"], ["LIMIT", 1]]
  ↳ app/views/pages/index.html.erb:47
  [1m[36mActiveStorage::Attachment Load (0.1ms)[0m  [1m[34mSELECT "active_storage_attachments".* FROM "active_storage_attachments" WHERE "active_storage_attachments"."record_id" = $1 AND "active_storage_attachments"."record_type" = $2 AND "active_storage_attachments"."name" = $3 LIMIT $4[0m  [["record_id", 5], ["record_type", "RamenShop"], ["name", "image"], ["LIMIT", 1]]
  ↳ app/views/pages/index.html.erb:47
  [1m[36mActiveStorage::Attachment Load (0.1ms)[0m  [1m[34mSELECT "active_storage_attachments".* FROM "active_storage_attachments" WHERE "active_storage_attachments"."record_id" = $1 AND "active_storage_attachments"."record_type" = $2 AND "active_storage_attachments"."name" = $3 LIMIT $4[0m  [["record_id", 6], ["record_type", "RamenShop"], ["name", "image"], ["LIMIT", 1]]
  ↳ app/views/pages/index.html.erb:47
  [1m[36mActiveStorage::Attachment Load (0.1ms)[0m  [1m[34mSELECT "active_storage_attachments".* FROM "active_storage_attachments" WHERE "active_storage_attachments"."record_id" = $1 AND "active_storage_attachments"."record_type" = $2 AND "active_storage_attachments"."name" = $3 LIMIT $4[0m  [["record_id", 7], ["record_type", "RamenShop"], ["name", "image"], ["LIMIT", 1]]
  ↳ app/views/pages/index.html.erb:47
  [1m[36mActiveStorage::Attachment Load (0.1ms)[0m  [1m[34mSELECT "active_storage_attachments".* FROM "active_storage_attachments" WHERE "active_storage_attachments"."record_id" = $1 AND "active_storage_attachments"."record_type" = $2 AND "active_storage_attachments"."name" = $3 LIMIT $4[0m  [["record_id", 8], ["record_type", "RamenShop"], ["name", "image"], ["LIMIT", 1]]
  ↳ app/views/pages/index.html.erb:47
  [1m[36mActiveStorage::Attachment Load (0.2ms)[0m  [1m[34mSELECT "active_storage_attachments".* FROM "active_storage_attachments" WHERE "active_storage_attachments"."record_id" = $1 AND "active_storage_attachments"."record_type" = $2 AND "active_storage_attachments"."name" = $3 LIMIT $4[0m  [["record_id", 9], ["record_type", "RamenShop"], ["name", "image"], ["LIMIT", 1]]
  ↳ app/views/pages/index.html.erb:47
  [1m[36mActiveStorage::Attachment Load (0.2ms)[0m  [1m[34mSELECT "active_storage_attachments".* FROM "active_storage_attachments" WHERE "active_storage_attachments"."record_id" = $1 AND "active_storage_attachments"."record_type" = $2 AND "active_storage_attachments"."name" = $3 LIMIT $4[0m  [["record_id", 10], ["record_type", "RamenShop"], ["name", "image"], ["LIMIT", 1]]
  ↳ app/views/pages/index.html.erb:47
  Rendered pages/index.html.erb within layouts/application (Duration: 20.3ms | Allocations: 15946)
  Rendered layout layouts/application.html.erb (Duration: 20.9ms | Allocations: 16300)
Completed 200 OK in 35ms (Views: 17.5ms | ActiveRecord: 5.0ms | Allocations: 23884)


Started GET "/shoplist" for 192.168.48.1 at 2024-07-02 20:59:43 +0000
Cannot render console from 192.168.48.1! Allowed networks: 127.0.0.0/127.255.255.255, ::1
Processing by ShoplistController#index as HTML
  Rendering layout layouts/application.html.erb
  Rendering shoplist/index.html.erb within layouts/application
  [1m[36mRamenShop Load (0.5ms)[0m  [1m[34mSELECT "ramen_shops".* FROM "ramen_shops"[0m
  ↳ app/views/shoplist/index.html.erb:19
  [1m[36mActiveStorage::Attachment Load (0.2ms)[0m  [1m[34mSELECT "active_storage_attachments".* FROM "active_storage_attachments" WHERE "active_storage_attachments"."record_id" = $1 AND "active_storage_attachments"."record_type" = $2 AND "active_storage_attachments"."name" = $3 LIMIT $4[0m  [["record_id", 1], ["record_type", "RamenShop"], ["name", "image"], ["LIMIT", 1]]
  ↳ app/views/shoplist/index.html.erb:22
  Rendered shoplist/index.html.erb within layouts/application (Duration: 3.0ms | Allocations: 3385)
  Rendered layout layouts/application.html.erb (Duration: 3.1ms | Allocations: 3470)
Completed 500 Internal Server Error in 4ms (ActiveRecord: 0.7ms | Allocations: 3909)


  
ActionView::Template::Error (Can't resolve image into URL: undefined method `persisted?' for nil):
    19:       <% @shops.each do |shop| %>
    20:         <div class="col">
    21:           <div class="card h-100 shop-card">
    22:             <%= image_tag shop.image, class: "card-img-top", alt: "ラーメンの画像" %>
    23:             <div class="card-body d-flex flex-column justify-content-between">
    24:               <div>
    25:                 <h5 class="card-title"><%= shop.title %></h5>
  
app/views/shoplist/index.html.erb:22
app/views/shoplist/index.html.erb:19
Started GET "/shoplist/1" for 192.168.48.1 at 2024-07-02 21:00:01 +0000
Cannot render console from 192.168.48.1! Allowed networks: 127.0.0.0/127.255.255.255, ::1
Processing by ShoplistController#show as HTML
  Parameters: {"id"=>"1"}
  [1m[36mRamenShop Load (0.2ms)[0m  [1m[34mSELECT "ramen_shops".* FROM "ramen_shops" WHERE "ramen_shops"."id" = $1 LIMIT $2[0m  [["id", 1], ["LIMIT", 1]]
  ↳ app/controllers/shoplist_controller.rb:7:in `show'
  Rendering layout layouts/application.html.erb
  Rendering shoplist/show.html.erb within layouts/application
  Rendered shoplist/show.html.erb within layouts/application (Duration: 0.6ms | Allocations: 274)
  Rendered layout layouts/application.html.erb (Duration: 0.7ms | Allocations: 369)
Completed 200 OK in 4ms (Views: 1.1ms | ActiveRecord: 0.2ms | Allocations: 1763)


Started GET "/shoplist/3" for 192.168.48.1 at 2024-07-02 21:00:16 +0000
Cannot render console from 192.168.48.1! Allowed networks: 127.0.0.0/127.255.255.255, ::1
Processing by ShoplistController#show as HTML
  Parameters: {"id"=>"3"}
  [1m[36mRamenShop Load (0.4ms)[0m  [1m[34mSELECT "ramen_shops".* FROM "ramen_shops" WHERE "ramen_shops"."id" = $1 LIMIT $2[0m  [["id", 3], ["LIMIT", 1]]
  ↳ app/controllers/shoplist_controller.rb:7:in `show'
  Rendering layout layouts/application.html.erb
  Rendering shoplist/show.html.erb within layouts/application
  Rendered shoplist/show.html.erb within layouts/application (Duration: 0.1ms | Allocations: 25)
  Rendered layout layouts/application.html.erb (Duration: 0.3ms | Allocations: 120)
Completed 200 OK in 2ms (Views: 0.7ms | ActiveRecord: 0.3ms | Allocations: 752)


Started GET "/shoplist/1" for 192.168.48.1 at 2024-07-02 21:01:15 +0000
Cannot render console from 192.168.48.1! Allowed networks: 127.0.0.0/127.255.255.255, ::1
Processing by ShoplistController#show as HTML
  Parameters: {"id"=>"1"}
  [1m[36mRamenShop Load (0.3ms)[0m  [1m[34mSELECT "ramen_shops".* FROM "ramen_shops" WHERE "ramen_shops"."id" = $1 LIMIT $2[0m  [["id", 1], ["LIMIT", 1]]
  ↳ app/controllers/shoplist_controller.rb:7:in `show'
  Rendering layout layouts/application.html.erb
  Rendering shoplist/show.html.erb within layouts/application
  Rendered shoplist/show.html.erb within layouts/application (Duration: 0.1ms | Allocations: 23)
  Rendered layout layouts/application.html.erb (Duration: 0.4ms | Allocations: 118)
Completed 200 OK in 2ms (Views: 0.7ms | ActiveRecord: 0.3ms | Allocations: 749)


Started GET "/" for 192.168.48.1 at 2024-07-02 21:05:11 +0000
Cannot render console from 192.168.48.1! Allowed networks: 127.0.0.0/127.255.255.255, ::1
Processing by PagesController#index as HTML
  Rendering layout layouts/application.html.erb
  Rendering pages/index.html.erb within layouts/application
  [1m[36mRamenShop Load (0.3ms)[0m  [1m[34mSELECT "ramen_shops".* FROM "ramen_shops"[0m
  ↳ app/views/pages/index.html.erb:44
  [1m[36mActiveStorage::Attachment Load (0.1ms)[0m  [1m[34mSELECT "active_storage_attachments".* FROM "active_storage_attachments" WHERE "active_storage_attachments"."record_id" = $1 AND "active_storage_attachments"."record_type" = $2 AND "active_storage_attachments"."name" = $3 LIMIT $4[0m  [["record_id", 1], ["record_type", "RamenShop"], ["name", "image"], ["LIMIT", 1]]
  ↳ app/views/pages/index.html.erb:47
  [1m[36mActiveStorage::Attachment Load (0.1ms)[0m  [1m[34mSELECT "active_storage_attachments".* FROM "active_storage_attachments" WHERE "active_storage_attachments"."record_id" = $1 AND "active_storage_attachments"."record_type" = $2 AND "active_storage_attachments"."name" = $3 LIMIT $4[0m  [["record_id", 2], ["record_type", "RamenShop"], ["name", "image"], ["LIMIT", 1]]
  ↳ app/views/pages/index.html.erb:47
  [1m[36mActiveStorage::Attachment Load (0.1ms)[0m  [1m[34mSELECT "active_storage_attachments".* FROM "active_storage_attachments" WHERE "active_storage_attachments"."record_id" = $1 AND "active_storage_attachments"."record_type" = $2 AND "active_storage_attachments"."name" = $3 LIMIT $4[0m  [["record_id", 3], ["record_type", "RamenShop"], ["name", "image"], ["LIMIT", 1]]
  ↳ app/views/pages/index.html.erb:47
  [1m[36mActiveStorage::Attachment Load (0.1ms)[0m  [1m[34mSELECT "active_storage_attachments".* FROM "active_storage_attachments" WHERE "active_storage_attachments"."record_id" = $1 AND "active_storage_attachments"."record_type" = $2 AND "active_storage_attachments"."name" = $3 LIMIT $4[0m  [["record_id", 4], ["record_type", "RamenShop"], ["name", "image"], ["LIMIT", 1]]
  ↳ app/views/pages/index.html.erb:47
  [1m[36mActiveStorage::Attachment Load (0.1ms)[0m  [1m[34mSELECT "active_storage_attachments".* FROM "active_storage_attachments" WHERE "active_storage_attachments"."record_id" = $1 AND "active_storage_attachments"."record_type" = $2 AND "active_storage_attachments"."name" = $3 LIMIT $4[0m  [["record_id", 5], ["record_type", "RamenShop"], ["name", "image"], ["LIMIT", 1]]
  ↳ app/views/pages/index.html.erb:47
  [1m[36mActiveStorage::Attachment Load (0.1ms)[0m  [1m[34mSELECT "active_storage_attachments".* FROM "active_storage_attachments" WHERE "active_storage_attachments"."record_id" = $1 AND "active_storage_attachments"."record_type" = $2 AND "active_storage_attachments"."name" = $3 LIMIT $4[0m  [["record_id", 6], ["record_type", "RamenShop"], ["name", "image"], ["LIMIT", 1]]
  ↳ app/views/pages/index.html.erb:47
  [1m[36mActiveStorage::Attachment Load (0.2ms)[0m  [1m[34mSELECT "active_storage_attachments".* FROM "active_storage_attachments" WHERE "active_storage_attachments"."record_id" = $1 AND "active_storage_attachments"."record_type" = $2 AND "active_storage_attachments"."name" = $3 LIMIT $4[0m  [["record_id", 7], ["record_type", "RamenShop"], ["name", "image"], ["LIMIT", 1]]
  ↳ app/views/pages/index.html.erb:47
  [1m[36mActiveStorage::Attachment Load (0.2ms)[0m  [1m[34mSELECT "active_storage_attachments".* FROM "active_storage_attachments" WHERE "active_storage_attachments"."record_id" = $1 AND "active_storage_attachments"."record_type" = $2 AND "active_storage_attachments"."name" = $3 LIMIT $4[0m  [["record_id", 8], ["record_type", "RamenShop"], ["name", "image"], ["LIMIT", 1]]
  ↳ app/views/pages/index.html.erb:47
  [1m[36mActiveStorage::Attachment Load (0.2ms)[0m  [1m[34mSELECT "active_storage_attachments".* FROM "active_storage_attachments" WHERE "active_storage_attachments"."record_id" = $1 AND "active_storage_attachments"."record_type" = $2 AND "active_storage_attachments"."name" = $3 LIMIT $4[0m  [["record_id", 9], ["record_type", "RamenShop"], ["name", "image"], ["LIMIT", 1]]
  ↳ app/views/pages/index.html.erb:47
  [1m[36mActiveStorage::Attachment Load (0.1ms)[0m  [1m[34mSELECT "active_storage_attachments".* FROM "active_storage_attachments" WHERE "active_storage_attachments"."record_id" = $1 AND "active_storage_attachments"."record_type" = $2 AND "active_storage_attachments"."name" = $3 LIMIT $4[0m  [["record_id", 10], ["record_type", "RamenShop"], ["name", "image"], ["LIMIT", 1]]
  ↳ app/views/pages/index.html.erb:47
  Rendered pages/index.html.erb within layouts/application (Duration: 19.1ms | Allocations: 15939)
  Rendered layout layouts/application.html.erb (Duration: 19.7ms | Allocations: 16293)
Completed 200 OK in 33ms (Views: 16.6ms | ActiveRecord: 4.6ms | Allocations: 22224)


Started GET "/shoplist/1" for 192.168.48.1 at 2024-07-02 21:05:14 +0000
Cannot render console from 192.168.48.1! Allowed networks: 127.0.0.0/127.255.255.255, ::1
Processing by ShoplistController#show as HTML
  Parameters: {"id"=>"1"}
  [1m[36mRamenShop Load (0.2ms)[0m  [1m[34mSELECT "ramen_shops".* FROM "ramen_shops" WHERE "ramen_shops"."id" = $1 LIMIT $2[0m  [["id", 1], ["LIMIT", 1]]
  ↳ app/controllers/shoplist_controller.rb:7:in `show'
  Rendering layout layouts/application.html.erb
  Rendering shoplist/show.html.erb within layouts/application
  Rendered shoplist/show.html.erb within layouts/application (Duration: 0.6ms | Allocations: 289)
  Rendered layout layouts/application.html.erb (Duration: 0.7ms | Allocations: 384)
Completed 200 OK in 3ms (Views: 1.2ms | ActiveRecord: 0.2ms | Allocations: 1838)


Started GET "/" for 192.168.48.1 at 2024-07-02 21:11:10 +0000
Cannot render console from 192.168.48.1! Allowed networks: 127.0.0.0/127.255.255.255, ::1
Processing by PagesController#index as HTML
  Rendering layout layouts/application.html.erb
  Rendering pages/index.html.erb within layouts/application
  [1m[36mRamenShop Load (0.5ms)[0m  [1m[34mSELECT "ramen_shops".* FROM "ramen_shops"[0m
  ↳ app/views/pages/index.html.erb:44
  [1m[36mActiveStorage::Attachment Load (0.3ms)[0m  [1m[34mSELECT "active_storage_attachments".* FROM "active_storage_attachments" WHERE "active_storage_attachments"."record_id" = $1 AND "active_storage_attachments"."record_type" = $2 AND "active_storage_attachments"."name" = $3 LIMIT $4[0m  [["record_id", 1], ["record_type", "RamenShop"], ["name", "image"], ["LIMIT", 1]]
  ↳ app/views/pages/index.html.erb:47
  [1m[36mActiveStorage::Attachment Load (0.2ms)[0m  [1m[34mSELECT "active_storage_attachments".* FROM "active_storage_attachments" WHERE "active_storage_attachments"."record_id" = $1 AND "active_storage_attachments"."record_type" = $2 AND "active_storage_attachments"."name" = $3 LIMIT $4[0m  [["record_id", 2], ["record_type", "RamenShop"], ["name", "image"], ["LIMIT", 1]]
  ↳ app/views/pages/index.html.erb:47
  [1m[36mActiveStorage::Attachment Load (0.2ms)[0m  [1m[34mSELECT "active_storage_attachments".* FROM "active_storage_attachments" WHERE "active_storage_attachments"."record_id" = $1 AND "active_storage_attachments"."record_type" = $2 AND "active_storage_attachments"."name" = $3 LIMIT $4[0m  [["record_id", 3], ["record_type", "RamenShop"], ["name", "image"], ["LIMIT", 1]]
  ↳ app/views/pages/index.html.erb:47
  [1m[36mActiveStorage::Attachment Load (0.3ms)[0m  [1m[34mSELECT "active_storage_attachments".* FROM "active_storage_attachments" WHERE "active_storage_attachments"."record_id" = $1 AND "active_storage_attachments"."record_type" = $2 AND "active_storage_attachments"."name" = $3 LIMIT $4[0m  [["record_id", 4], ["record_type", "RamenShop"], ["name", "image"], ["LIMIT", 1]]
  ↳ app/views/pages/index.html.erb:47
  [1m[36mActiveStorage::Attachment Load (0.1ms)[0m  [1m[34mSELECT "active_storage_attachments".* FROM "active_storage_attachments" WHERE "active_storage_attachments"."record_id" = $1 AND "active_storage_attachments"."record_type" = $2 AND "active_storage_attachments"."name" = $3 LIMIT $4[0m  [["record_id", 5], ["record_type", "RamenShop"], ["name", "image"], ["LIMIT", 1]]
  ↳ app/views/pages/index.html.erb:47
  [1m[36mActiveStorage::Attachment Load (0.2ms)[0m  [1m[34mSELECT "active_storage_attachments".* FROM "active_storage_attachments" WHERE "active_storage_attachments"."record_id" = $1 AND "active_storage_attachments"."record_type" = $2 AND "active_storage_attachments"."name" = $3 LIMIT $4[0m  [["record_id", 6], ["record_type", "RamenShop"], ["name", "image"], ["LIMIT", 1]]
  ↳ app/views/pages/index.html.erb:47
  [1m[36mActiveStorage::Attachment Load (0.2ms)[0m  [1m[34mSELECT "active_storage_attachments".* FROM "active_storage_attachments" WHERE "active_storage_attachments"."record_id" = $1 AND "active_storage_attachments"."record_type" = $2 AND "active_storage_attachments"."name" = $3 LIMIT $4[0m  [["record_id", 7], ["record_type", "RamenShop"], ["name", "image"], ["LIMIT", 1]]
  ↳ app/views/pages/index.html.erb:47
  [1m[36mActiveStorage::Attachment Load (0.1ms)[0m  [1m[34mSELECT "active_storage_attachments".* FROM "active_storage_attachments" WHERE "active_storage_attachments"."record_id" = $1 AND "active_storage_attachments"."record_type" = $2 AND "active_storage_attachments"."name" = $3 LIMIT $4[0m  [["record_id", 8], ["record_type", "RamenShop"], ["name", "image"], ["LIMIT", 1]]
  ↳ app/views/pages/index.html.erb:47
  [1m[36mActiveStorage::Attachment Load (0.1ms)[0m  [1m[34mSELECT "active_storage_attachments".* FROM "active_storage_attachments" WHERE "active_storage_attachments"."record_id" = $1 AND "active_storage_attachments"."record_type" = $2 AND "active_storage_attachments"."name" = $3 LIMIT $4[0m  [["record_id", 9], ["record_type", "RamenShop"], ["name", "image"], ["LIMIT", 1]]
  ↳ app/views/pages/index.html.erb:47
  [1m[36mActiveStorage::Attachment Load (0.2ms)[0m  [1m[34mSELECT "active_storage_attachments".* FROM "active_storage_attachments" WHERE "active_storage_attachments"."record_id" = $1 AND "active_storage_attachments"."record_type" = $2 AND "active_storage_attachments"."name" = $3 LIMIT $4[0m  [["record_id", 10], ["record_type", "RamenShop"], ["name", "image"], ["LIMIT", 1]]
  ↳ app/views/pages/index.html.erb:47
  Rendered pages/index.html.erb within layouts/application (Duration: 12.8ms | Allocations: 8108)
  Rendered layout layouts/application.html.erb (Duration: 13.0ms | Allocations: 8203)
Completed 200 OK in 14ms (Views: 11.1ms | ActiveRecord: 2.2ms | Allocations: 8435)


Started GET "/shoplist/2" for 192.168.48.1 at 2024-07-02 21:11:28 +0000
Cannot render console from 192.168.48.1! Allowed networks: 127.0.0.0/127.255.255.255, ::1
Processing by ShoplistController#show as HTML
  Parameters: {"id"=>"2"}
  [1m[36mRamenShop Load (0.3ms)[0m  [1m[34mSELECT "ramen_shops".* FROM "ramen_shops" WHERE "ramen_shops"."id" = $1 LIMIT $2[0m  [["id", 2], ["LIMIT", 1]]
  ↳ app/controllers/shoplist_controller.rb:7:in `show'
  Rendering layout layouts/application.html.erb
  Rendering shoplist/show.html.erb within layouts/application
  Rendered shoplist/show.html.erb within layouts/application (Duration: 0.1ms | Allocations: 26)
  Rendered layout layouts/application.html.erb (Duration: 0.2ms | Allocations: 121)
Completed 200 OK in 2ms (Views: 0.5ms | ActiveRecord: 0.3ms | Allocations: 752)


Started GET "/shoplist/5" for 192.168.48.1 at 2024-07-02 21:13:10 +0000
Cannot render console from 192.168.48.1! Allowed networks: 127.0.0.0/127.255.255.255, ::1
Processing by ShoplistController#show as HTML
  Parameters: {"id"=>"5"}
  [1m[36mRamenShop Load (0.2ms)[0m  [1m[34mSELECT "ramen_shops".* FROM "ramen_shops" WHERE "ramen_shops"."id" = $1 LIMIT $2[0m  [["id", 5], ["LIMIT", 1]]
  ↳ app/controllers/shoplist_controller.rb:7:in `show'
  Rendering layout layouts/application.html.erb
  Rendering shoplist/show.html.erb within layouts/application
  Rendered shoplist/show.html.erb within layouts/application (Duration: 0.1ms | Allocations: 27)
  Rendered layout layouts/application.html.erb (Duration: 0.5ms | Allocations: 130)
Completed 200 OK in 3ms (Views: 1.1ms | ActiveRecord: 0.2ms | Allocations: 768)


Started GET "/" for 192.168.48.1 at 2024-07-02 21:14:01 +0000
Cannot render console from 192.168.48.1! Allowed networks: 127.0.0.0/127.255.255.255, ::1
Processing by PagesController#index as HTML
  Rendering layout layouts/application.html.erb
  Rendering pages/index.html.erb within layouts/application
  [1m[36mRamenShop Load (0.3ms)[0m  [1m[34mSELECT "ramen_shops".* FROM "ramen_shops"[0m
  ↳ app/views/pages/index.html.erb:44
  [1m[36mActiveStorage::Attachment Load (0.2ms)[0m  [1m[34mSELECT "active_storage_attachments".* FROM "active_storage_attachments" WHERE "active_storage_attachments"."record_id" = $1 AND "active_storage_attachments"."record_type" = $2 AND "active_storage_attachments"."name" = $3 LIMIT $4[0m  [["record_id", 1], ["record_type", "RamenShop"], ["name", "image"], ["LIMIT", 1]]
  ↳ app/views/pages/index.html.erb:47
  [1m[36mActiveStorage::Attachment Load (0.2ms)[0m  [1m[34mSELECT "active_storage_attachments".* FROM "active_storage_attachments" WHERE "active_storage_attachments"."record_id" = $1 AND "active_storage_attachments"."record_type" = $2 AND "active_storage_attachments"."name" = $3 LIMIT $4[0m  [["record_id", 2], ["record_type", "RamenShop"], ["name", "image"], ["LIMIT", 1]]
  ↳ app/views/pages/index.html.erb:47
  [1m[36mActiveStorage::Attachment Load (0.3ms)[0m  [1m[34mSELECT "active_storage_attachments".* FROM "active_storage_attachments" WHERE "active_storage_attachments"."record_id" = $1 AND "active_storage_attachments"."record_type" = $2 AND "active_storage_attachments"."name" = $3 LIMIT $4[0m  [["record_id", 3], ["record_type", "RamenShop"], ["name", "image"], ["LIMIT", 1]]
  ↳ app/views/pages/index.html.erb:47
  [1m[36mActiveStorage::Attachment Load (0.2ms)[0m  [1m[34mSELECT "active_storage_attachments".* FROM "active_storage_attachments" WHERE "active_storage_attachments"."record_id" = $1 AND "active_storage_attachments"."record_type" = $2 AND "active_storage_attachments"."name" = $3 LIMIT $4[0m  [["record_id", 4], ["record_type", "RamenShop"], ["name", "image"], ["LIMIT", 1]]
  ↳ app/views/pages/index.html.erb:47
  [1m[36mActiveStorage::Attachment Load (0.2ms)[0m  [1m[34mSELECT "active_storage_attachments".* FROM "active_storage_attachments" WHERE "active_storage_attachments"."record_id" = $1 AND "active_storage_attachments"."record_type" = $2 AND "active_storage_attachments"."name" = $3 LIMIT $4[0m  [["record_id", 5], ["record_type", "RamenShop"], ["name", "image"], ["LIMIT", 1]]
  ↳ app/views/pages/index.html.erb:47
  [1m[36mActiveStorage::Attachment Load (0.1ms)[0m  [1m[34mSELECT "active_storage_attachments".* FROM "active_storage_attachments" WHERE "active_storage_attachments"."record_id" = $1 AND "active_storage_attachments"."record_type" = $2 AND "active_storage_attachments"."name" = $3 LIMIT $4[0m  [["record_id", 6], ["record_type", "RamenShop"], ["name", "image"], ["LIMIT", 1]]
  ↳ app/views/pages/index.html.erb:47
  [1m[36mActiveStorage::Attachment Load (0.1ms)[0m  [1m[34mSELECT "active_storage_attachments".* FROM "active_storage_attachments" WHERE "active_storage_attachments"."record_id" = $1 AND "active_storage_attachments"."record_type" = $2 AND "active_storage_attachments"."name" = $3 LIMIT $4[0m  [["record_id", 7], ["record_type", "RamenShop"], ["name", "image"], ["LIMIT", 1]]
  ↳ app/views/pages/index.html.erb:47
  [1m[36mActiveStorage::Attachment Load (0.1ms)[0m  [1m[34mSELECT "active_storage_attachments".* FROM "active_storage_attachments" WHERE "active_storage_attachments"."record_id" = $1 AND "active_storage_attachments"."record_type" = $2 AND "active_storage_attachments"."name" = $3 LIMIT $4[0m  [["record_id", 8], ["record_type", "RamenShop"], ["name", "image"], ["LIMIT", 1]]
  ↳ app/views/pages/index.html.erb:47
  [1m[36mActiveStorage::Attachment Load (0.1ms)[0m  [1m[34mSELECT "active_storage_attachments".* FROM "active_storage_attachments" WHERE "active_storage_attachments"."record_id" = $1 AND "active_storage_attachments"."record_type" = $2 AND "active_storage_attachments"."name" = $3 LIMIT $4[0m  [["record_id", 9], ["record_type", "RamenShop"], ["name", "image"], ["LIMIT", 1]]
  ↳ app/views/pages/index.html.erb:47
  [1m[36mActiveStorage::Attachment Load (0.2ms)[0m  [1m[34mSELECT "active_storage_attachments".* FROM "active_storage_attachments" WHERE "active_storage_attachments"."record_id" = $1 AND "active_storage_attachments"."record_type" = $2 AND "active_storage_attachments"."name" = $3 LIMIT $4[0m  [["record_id", 10], ["record_type", "RamenShop"], ["name", "image"], ["LIMIT", 1]]
  ↳ app/views/pages/index.html.erb:47
  Rendered pages/index.html.erb within layouts/application (Duration: 22.1ms | Allocations: 15894)
  Rendered layout layouts/application.html.erb (Duration: 22.8ms | Allocations: 16248)
Completed 200 OK in 32ms (Views: 19.2ms | ActiveRecord: 5.1ms | Allocations: 22147)


Started GET "/shoplist/1" for 192.168.48.1 at 2024-07-02 21:14:02 +0000
Cannot render console from 192.168.48.1! Allowed networks: 127.0.0.0/127.255.255.255, ::1
Processing by ShoplistController#show as HTML
  Parameters: {"id"=>"1"}
  [1m[36mRamenShop Load (0.2ms)[0m  [1m[34mSELECT "ramen_shops".* FROM "ramen_shops" WHERE "ramen_shops"."id" = $1 LIMIT $2[0m  [["id", 1], ["LIMIT", 1]]
  ↳ app/controllers/shoplist_controller.rb:7:in `show'
  Rendering layout layouts/application.html.erb
  Rendering shoplist/show.html.erb within layouts/application
  Rendered shoplist/show.html.erb within layouts/application (Duration: 0.4ms | Allocations: 304)
  Rendered layout layouts/application.html.erb (Duration: 0.6ms | Allocations: 399)
Completed 200 OK in 3ms (Views: 1.0ms | ActiveRecord: 0.2ms | Allocations: 1853)


Started GET "/" for 192.168.48.1 at 2024-07-02 21:14:15 +0000
Cannot render console from 192.168.48.1! Allowed networks: 127.0.0.0/127.255.255.255, ::1
Processing by PagesController#index as HTML
  Rendering layout layouts/application.html.erb
  Rendering pages/index.html.erb within layouts/application
  [1m[36mRamenShop Load (0.3ms)[0m  [1m[34mSELECT "ramen_shops".* FROM "ramen_shops"[0m
  ↳ app/views/pages/index.html.erb:44
  [1m[36mActiveStorage::Attachment Load (0.1ms)[0m  [1m[34mSELECT "active_storage_attachments".* FROM "active_storage_attachments" WHERE "active_storage_attachments"."record_id" = $1 AND "active_storage_attachments"."record_type" = $2 AND "active_storage_attachments"."name" = $3 LIMIT $4[0m  [["record_id", 1], ["record_type", "RamenShop"], ["name", "image"], ["LIMIT", 1]]
  ↳ app/views/pages/index.html.erb:47
  [1m[36mActiveStorage::Attachment Load (0.2ms)[0m  [1m[34mSELECT "active_storage_attachments".* FROM "active_storage_attachments" WHERE "active_storage_attachments"."record_id" = $1 AND "active_storage_attachments"."record_type" = $2 AND "active_storage_attachments"."name" = $3 LIMIT $4[0m  [["record_id", 2], ["record_type", "RamenShop"], ["name", "image"], ["LIMIT", 1]]
  ↳ app/views/pages/index.html.erb:47
  [1m[36mActiveStorage::Attachment Load (0.2ms)[0m  [1m[34mSELECT "active_storage_attachments".* FROM "active_storage_attachments" WHERE "active_storage_attachments"."record_id" = $1 AND "active_storage_attachments"."record_type" = $2 AND "active_storage_attachments"."name" = $3 LIMIT $4[0m  [["record_id", 3], ["record_type", "RamenShop"], ["name", "image"], ["LIMIT", 1]]
  ↳ app/views/pages/index.html.erb:47
  [1m[36mActiveStorage::Attachment Load (0.2ms)[0m  [1m[34mSELECT "active_storage_attachments".* FROM "active_storage_attachments" WHERE "active_storage_attachments"."record_id" = $1 AND "active_storage_attachments"."record_type" = $2 AND "active_storage_attachments"."name" = $3 LIMIT $4[0m  [["record_id", 4], ["record_type", "RamenShop"], ["name", "image"], ["LIMIT", 1]]
  ↳ app/views/pages/index.html.erb:47
  [1m[36mActiveStorage::Attachment Load (0.2ms)[0m  [1m[34mSELECT "active_storage_attachments".* FROM "active_storage_attachments" WHERE "active_storage_attachments"."record_id" = $1 AND "active_storage_attachments"."record_type" = $2 AND "active_storage_attachments"."name" = $3 LIMIT $4[0m  [["record_id", 5], ["record_type", "RamenShop"], ["name", "image"], ["LIMIT", 1]]
  ↳ app/views/pages/index.html.erb:47
  [1m[36mActiveStorage::Attachment Load (0.1ms)[0m  [1m[34mSELECT "active_storage_attachments".* FROM "active_storage_attachments" WHERE "active_storage_attachments"."record_id" = $1 AND "active_storage_attachments"."record_type" = $2 AND "active_storage_attachments"."name" = $3 LIMIT $4[0m  [["record_id", 6], ["record_type", "RamenShop"], ["name", "image"], ["LIMIT", 1]]
  ↳ app/views/pages/index.html.erb:47
  [1m[36mActiveStorage::Attachment Load (0.2ms)[0m  [1m[34mSELECT "active_storage_attachments".* FROM "active_storage_attachments" WHERE "active_storage_attachments"."record_id" = $1 AND "active_storage_attachments"."record_type" = $2 AND "active_storage_attachments"."name" = $3 LIMIT $4[0m  [["record_id", 7], ["record_type", "RamenShop"], ["name", "image"], ["LIMIT", 1]]
  ↳ app/views/pages/index.html.erb:47
  [1m[36mActiveStorage::Attachment Load (0.1ms)[0m  [1m[34mSELECT "active_storage_attachments".* FROM "active_storage_attachments" WHERE "active_storage_attachments"."record_id" = $1 AND "active_storage_attachments"."record_type" = $2 AND "active_storage_attachments"."name" = $3 LIMIT $4[0m  [["record_id", 8], ["record_type", "RamenShop"], ["name", "image"], ["LIMIT", 1]]
  ↳ app/views/pages/index.html.erb:47
  [1m[36mActiveStorage::Attachment Load (0.3ms)[0m  [1m[34mSELECT "active_storage_attachments".* FROM "active_storage_attachments" WHERE "active_storage_attachments"."record_id" = $1 AND "active_storage_attachments"."record_type" = $2 AND "active_storage_attachments"."name" = $3 LIMIT $4[0m  [["record_id", 9], ["record_type", "RamenShop"], ["name", "image"], ["LIMIT", 1]]
  ↳ app/views/pages/index.html.erb:47
  [1m[36mActiveStorage::Attachment Load (0.1ms)[0m  [1m[34mSELECT "active_storage_attachments".* FROM "active_storage_attachments" WHERE "active_storage_attachments"."record_id" = $1 AND "active_storage_attachments"."record_type" = $2 AND "active_storage_attachments"."name" = $3 LIMIT $4[0m  [["record_id", 10], ["record_type", "RamenShop"], ["name", "image"], ["LIMIT", 1]]
  ↳ app/views/pages/index.html.erb:47
  Rendered pages/index.html.erb within layouts/application (Duration: 23.0ms | Allocations: 15978)
  Rendered layout layouts/application.html.erb (Duration: 23.7ms | Allocations: 16332)
Completed 200 OK in 34ms (Views: 20.4ms | ActiveRecord: 4.9ms | Allocations: 22252)


Started GET "/shoplist/1" for 192.168.48.1 at 2024-07-02 21:14:16 +0000
Cannot render console from 192.168.48.1! Allowed networks: 127.0.0.0/127.255.255.255, ::1
Processing by ShoplistController#show as HTML
  Parameters: {"id"=>"1"}
  [1m[36mRamenShop Load (0.3ms)[0m  [1m[34mSELECT "ramen_shops".* FROM "ramen_shops" WHERE "ramen_shops"."id" = $1 LIMIT $2[0m  [["id", 1], ["LIMIT", 1]]
  ↳ app/controllers/shoplist_controller.rb:7:in `show'
  Rendering layout layouts/application.html.erb
  Rendering shoplist/show.html.erb within layouts/application
  Rendered shoplist/show.html.erb within layouts/application (Duration: 0.9ms | Allocations: 286)
  Rendered layout layouts/application.html.erb (Duration: 1.1ms | Allocations: 381)
Completed 200 OK in 4ms (Views: 1.6ms | ActiveRecord: 0.3ms | Allocations: 1835)


Started GET "/" for 192.168.48.1 at 2024-07-02 21:14:18 +0000
Cannot render console from 192.168.48.1! Allowed networks: 127.0.0.0/127.255.255.255, ::1
Processing by PagesController#index as HTML
  Rendering layout layouts/application.html.erb
  Rendering pages/index.html.erb within layouts/application
  [1m[36mRamenShop Load (0.5ms)[0m  [1m[34mSELECT "ramen_shops".* FROM "ramen_shops"[0m
  ↳ app/views/pages/index.html.erb:44
  [1m[36mActiveStorage::Attachment Load (0.2ms)[0m  [1m[34mSELECT "active_storage_attachments".* FROM "active_storage_attachments" WHERE "active_storage_attachments"."record_id" = $1 AND "active_storage_attachments"."record_type" = $2 AND "active_storage_attachments"."name" = $3 LIMIT $4[0m  [["record_id", 1], ["record_type", "RamenShop"], ["name", "image"], ["LIMIT", 1]]
  ↳ app/views/pages/index.html.erb:47
  [1m[36mActiveStorage::Attachment Load (0.2ms)[0m  [1m[34mSELECT "active_storage_attachments".* FROM "active_storage_attachments" WHERE "active_storage_attachments"."record_id" = $1 AND "active_storage_attachments"."record_type" = $2 AND "active_storage_attachments"."name" = $3 LIMIT $4[0m  [["record_id", 2], ["record_type", "RamenShop"], ["name", "image"], ["LIMIT", 1]]
  ↳ app/views/pages/index.html.erb:47
  [1m[36mActiveStorage::Attachment Load (0.2ms)[0m  [1m[34mSELECT "active_storage_attachments".* FROM "active_storage_attachments" WHERE "active_storage_attachments"."record_id" = $1 AND "active_storage_attachments"."record_type" = $2 AND "active_storage_attachments"."name" = $3 LIMIT $4[0m  [["record_id", 3], ["record_type", "RamenShop"], ["name", "image"], ["LIMIT", 1]]
  ↳ app/views/pages/index.html.erb:47
  [1m[36mActiveStorage::Attachment Load (0.1ms)[0m  [1m[34mSELECT "active_storage_attachments".* FROM "active_storage_attachments" WHERE "active_storage_attachments"."record_id" = $1 AND "active_storage_attachments"."record_type" = $2 AND "active_storage_attachments"."name" = $3 LIMIT $4[0m  [["record_id", 4], ["record_type", "RamenShop"], ["name", "image"], ["LIMIT", 1]]
  ↳ app/views/pages/index.html.erb:47
  [1m[36mActiveStorage::Attachment Load (0.2ms)[0m  [1m[34mSELECT "active_storage_attachments".* FROM "active_storage_attachments" WHERE "active_storage_attachments"."record_id" = $1 AND "active_storage_attachments"."record_type" = $2 AND "active_storage_attachments"."name" = $3 LIMIT $4[0m  [["record_id", 5], ["record_type", "RamenShop"], ["name", "image"], ["LIMIT", 1]]
  ↳ app/views/pages/index.html.erb:47
  [1m[36mActiveStorage::Attachment Load (0.1ms)[0m  [1m[34mSELECT "active_storage_attachments".* FROM "active_storage_attachments" WHERE "active_storage_attachments"."record_id" = $1 AND "active_storage_attachments"."record_type" = $2 AND "active_storage_attachments"."name" = $3 LIMIT $4[0m  [["record_id", 6], ["record_type", "RamenShop"], ["name", "image"], ["LIMIT", 1]]
  ↳ app/views/pages/index.html.erb:47
  [1m[36mActiveStorage::Attachment Load (0.1ms)[0m  [1m[34mSELECT "active_storage_attachments".* FROM "active_storage_attachments" WHERE "active_storage_attachments"."record_id" = $1 AND "active_storage_attachments"."record_type" = $2 AND "active_storage_attachments"."name" = $3 LIMIT $4[0m  [["record_id", 7], ["record_type", "RamenShop"], ["name", "image"], ["LIMIT", 1]]
  ↳ app/views/pages/index.html.erb:47
  [1m[36mActiveStorage::Attachment Load (0.2ms)[0m  [1m[34mSELECT "active_storage_attachments".* FROM "active_storage_attachments" WHERE "active_storage_attachments"."record_id" = $1 AND "active_storage_attachments"."record_type" = $2 AND "active_storage_attachments"."name" = $3 LIMIT $4[0m  [["record_id", 8], ["record_type", "RamenShop"], ["name", "image"], ["LIMIT", 1]]
  ↳ app/views/pages/index.html.erb:47
  [1m[36mActiveStorage::Attachment Load (0.2ms)[0m  [1m[34mSELECT "active_storage_attachments".* FROM "active_storage_attachments" WHERE "active_storage_attachments"."record_id" = $1 AND "active_storage_attachments"."record_type" = $2 AND "active_storage_attachments"."name" = $3 LIMIT $4[0m  [["record_id", 9], ["record_type", "RamenShop"], ["name", "image"], ["LIMIT", 1]]
  ↳ app/views/pages/index.html.erb:47
  [1m[36mActiveStorage::Attachment Load (0.2ms)[0m  [1m[34mSELECT "active_storage_attachments".* FROM "active_storage_attachments" WHERE "active_storage_attachments"."record_id" = $1 AND "active_storage_attachments"."record_type" = $2 AND "active_storage_attachments"."name" = $3 LIMIT $4[0m  [["record_id", 10], ["record_type", "RamenShop"], ["name", "image"], ["LIMIT", 1]]
  ↳ app/views/pages/index.html.erb:47
  Rendered pages/index.html.erb within layouts/application (Duration: 13.4ms | Allocations: 8093)
  Rendered layout layouts/application.html.erb (Duration: 13.6ms | Allocations: 8188)
Completed 200 OK in 14ms (Views: 12.0ms | ActiveRecord: 2.0ms | Allocations: 8420)


Started GET "/" for 192.168.48.1 at 2024-07-02 21:18:42 +0000
Cannot render console from 192.168.48.1! Allowed networks: 127.0.0.0/127.255.255.255, ::1
Processing by PagesController#index as HTML
  Rendering layout layouts/application.html.erb
  Rendering pages/index.html.erb within layouts/application
  [1m[36mRamenShop Load (0.4ms)[0m  [1m[34mSELECT "ramen_shops".* FROM "ramen_shops"[0m
  ↳ app/views/pages/index.html.erb:44
  [1m[36mActiveStorage::Attachment Load (0.2ms)[0m  [1m[34mSELECT "active_storage_attachments".* FROM "active_storage_attachments" WHERE "active_storage_attachments"."record_id" = $1 AND "active_storage_attachments"."record_type" = $2 AND "active_storage_attachments"."name" = $3 LIMIT $4[0m  [["record_id", 1], ["record_type", "RamenShop"], ["name", "image"], ["LIMIT", 1]]
  ↳ app/views/pages/index.html.erb:47
  [1m[36mActiveStorage::Attachment Load (0.2ms)[0m  [1m[34mSELECT "active_storage_attachments".* FROM "active_storage_attachments" WHERE "active_storage_attachments"."record_id" = $1 AND "active_storage_attachments"."record_type" = $2 AND "active_storage_attachments"."name" = $3 LIMIT $4[0m  [["record_id", 2], ["record_type", "RamenShop"], ["name", "image"], ["LIMIT", 1]]
  ↳ app/views/pages/index.html.erb:47
  [1m[36mActiveStorage::Attachment Load (0.1ms)[0m  [1m[34mSELECT "active_storage_attachments".* FROM "active_storage_attachments" WHERE "active_storage_attachments"."record_id" = $1 AND "active_storage_attachments"."record_type" = $2 AND "active_storage_attachments"."name" = $3 LIMIT $4[0m  [["record_id", 3], ["record_type", "RamenShop"], ["name", "image"], ["LIMIT", 1]]
  ↳ app/views/pages/index.html.erb:47
  [1m[36mActiveStorage::Attachment Load (0.2ms)[0m  [1m[34mSELECT "active_storage_attachments".* FROM "active_storage_attachments" WHERE "active_storage_attachments"."record_id" = $1 AND "active_storage_attachments"."record_type" = $2 AND "active_storage_attachments"."name" = $3 LIMIT $4[0m  [["record_id", 4], ["record_type", "RamenShop"], ["name", "image"], ["LIMIT", 1]]
  ↳ app/views/pages/index.html.erb:47
  [1m[36mActiveStorage::Attachment Load (0.3ms)[0m  [1m[34mSELECT "active_storage_attachments".* FROM "active_storage_attachments" WHERE "active_storage_attachments"."record_id" = $1 AND "active_storage_attachments"."record_type" = $2 AND "active_storage_attachments"."name" = $3 LIMIT $4[0m  [["record_id", 5], ["record_type", "RamenShop"], ["name", "image"], ["LIMIT", 1]]
  ↳ app/views/pages/index.html.erb:47
  [1m[36mActiveStorage::Attachment Load (0.2ms)[0m  [1m[34mSELECT "active_storage_attachments".* FROM "active_storage_attachments" WHERE "active_storage_attachments"."record_id" = $1 AND "active_storage_attachments"."record_type" = $2 AND "active_storage_attachments"."name" = $3 LIMIT $4[0m  [["record_id", 6], ["record_type", "RamenShop"], ["name", "image"], ["LIMIT", 1]]
  ↳ app/views/pages/index.html.erb:47
  [1m[36mActiveStorage::Attachment Load (0.1ms)[0m  [1m[34mSELECT "active_storage_attachments".* FROM "active_storage_attachments" WHERE "active_storage_attachments"."record_id" = $1 AND "active_storage_attachments"."record_type" = $2 AND "active_storage_attachments"."name" = $3 LIMIT $4[0m  [["record_id", 7], ["record_type", "RamenShop"], ["name", "image"], ["LIMIT", 1]]
  ↳ app/views/pages/index.html.erb:47
  [1m[36mActiveStorage::Attachment Load (0.1ms)[0m  [1m[34mSELECT "active_storage_attachments".* FROM "active_storage_attachments" WHERE "active_storage_attachments"."record_id" = $1 AND "active_storage_attachments"."record_type" = $2 AND "active_storage_attachments"."name" = $3 LIMIT $4[0m  [["record_id", 8], ["record_type", "RamenShop"], ["name", "image"], ["LIMIT", 1]]
  ↳ app/views/pages/index.html.erb:47
  [1m[36mActiveStorage::Attachment Load (0.1ms)[0m  [1m[34mSELECT "active_storage_attachments".* FROM "active_storage_attachments" WHERE "active_storage_attachments"."record_id" = $1 AND "active_storage_attachments"."record_type" = $2 AND "active_storage_attachments"."name" = $3 LIMIT $4[0m  [["record_id", 9], ["record_type", "RamenShop"], ["name", "image"], ["LIMIT", 1]]
  ↳ app/views/pages/index.html.erb:47
  [1m[36mActiveStorage::Attachment Load (0.2ms)[0m  [1m[34mSELECT "active_storage_attachments".* FROM "active_storage_attachments" WHERE "active_storage_attachments"."record_id" = $1 AND "active_storage_attachments"."record_type" = $2 AND "active_storage_attachments"."name" = $3 LIMIT $4[0m  [["record_id", 10], ["record_type", "RamenShop"], ["name", "image"], ["LIMIT", 1]]
  ↳ app/views/pages/index.html.erb:47
  Rendered pages/index.html.erb within layouts/application (Duration: 23.3ms | Allocations: 15894)
  Rendered layout layouts/application.html.erb (Duration: 23.8ms | Allocations: 16248)
Completed 200 OK in 34ms (Views: 19.9ms | ActiveRecord: 5.3ms | Allocations: 22153)


Started GET "/shoplist/2" for 192.168.48.1 at 2024-07-02 21:18:44 +0000
Cannot render console from 192.168.48.1! Allowed networks: 127.0.0.0/127.255.255.255, ::1
Processing by ShoplistController#show as HTML
  Parameters: {"id"=>"2"}
  [1m[36mRamenShop Load (0.3ms)[0m  [1m[34mSELECT "ramen_shops".* FROM "ramen_shops" WHERE "ramen_shops"."id" = $1 LIMIT $2[0m  [["id", 2], ["LIMIT", 1]]
  ↳ app/controllers/shoplist_controller.rb:7:in `show'
  Rendering layout layouts/application.html.erb
  Rendering shoplist/show.html.erb within layouts/application
  Rendered shoplist/show.html.erb within layouts/application (Duration: 0.9ms | Allocations: 286)
  Rendered layout layouts/application.html.erb (Duration: 1.1ms | Allocations: 381)
Completed 200 OK in 4ms (Views: 1.5ms | ActiveRecord: 0.2ms | Allocations: 1835)


Started GET "/" for 192.168.48.1 at 2024-07-02 21:18:49 +0000
Cannot render console from 192.168.48.1! Allowed networks: 127.0.0.0/127.255.255.255, ::1
Processing by PagesController#index as HTML
  Rendering layout layouts/application.html.erb
  Rendering pages/index.html.erb within layouts/application
  [1m[36mRamenShop Load (0.6ms)[0m  [1m[34mSELECT "ramen_shops".* FROM "ramen_shops"[0m
  ↳ app/views/pages/index.html.erb:44
  [1m[36mActiveStorage::Attachment Load (0.2ms)[0m  [1m[34mSELECT "active_storage_attachments".* FROM "active_storage_attachments" WHERE "active_storage_attachments"."record_id" = $1 AND "active_storage_attachments"."record_type" = $2 AND "active_storage_attachments"."name" = $3 LIMIT $4[0m  [["record_id", 1], ["record_type", "RamenShop"], ["name", "image"], ["LIMIT", 1]]
  ↳ app/views/pages/index.html.erb:47
  [1m[36mActiveStorage::Attachment Load (0.2ms)[0m  [1m[34mSELECT "active_storage_attachments".* FROM "active_storage_attachments" WHERE "active_storage_attachments"."record_id" = $1 AND "active_storage_attachments"."record_type" = $2 AND "active_storage_attachments"."name" = $3 LIMIT $4[0m  [["record_id", 2], ["record_type", "RamenShop"], ["name", "image"], ["LIMIT", 1]]
  ↳ app/views/pages/index.html.erb:47
  [1m[36mActiveStorage::Attachment Load (0.2ms)[0m  [1m[34mSELECT "active_storage_attachments".* FROM "active_storage_attachments" WHERE "active_storage_attachments"."record_id" = $1 AND "active_storage_attachments"."record_type" = $2 AND "active_storage_attachments"."name" = $3 LIMIT $4[0m  [["record_id", 3], ["record_type", "RamenShop"], ["name", "image"], ["LIMIT", 1]]
  ↳ app/views/pages/index.html.erb:47
  [1m[36mActiveStorage::Attachment Load (0.1ms)[0m  [1m[34mSELECT "active_storage_attachments".* FROM "active_storage_attachments" WHERE "active_storage_attachments"."record_id" = $1 AND "active_storage_attachments"."record_type" = $2 AND "active_storage_attachments"."name" = $3 LIMIT $4[0m  [["record_id", 4], ["record_type", "RamenShop"], ["name", "image"], ["LIMIT", 1]]
  ↳ app/views/pages/index.html.erb:47
  [1m[36mActiveStorage::Attachment Load (0.2ms)[0m  [1m[34mSELECT "active_storage_attachments".* FROM "active_storage_attachments" WHERE "active_storage_attachments"."record_id" = $1 AND "active_storage_attachments"."record_type" = $2 AND "active_storage_attachments"."name" = $3 LIMIT $4[0m  [["record_id", 5], ["record_type", "RamenShop"], ["name", "image"], ["LIMIT", 1]]
  ↳ app/views/pages/index.html.erb:47
  [1m[36mActiveStorage::Attachment Load (0.1ms)[0m  [1m[34mSELECT "active_storage_attachments".* FROM "active_storage_attachments" WHERE "active_storage_attachments"."record_id" = $1 AND "active_storage_attachments"."record_type" = $2 AND "active_storage_attachments"."name" = $3 LIMIT $4[0m  [["record_id", 6], ["record_type", "RamenShop"], ["name", "image"], ["LIMIT", 1]]
  ↳ app/views/pages/index.html.erb:47
  [1m[36mActiveStorage::Attachment Load (0.2ms)[0m  [1m[34mSELECT "active_storage_attachments".* FROM "active_storage_attachments" WHERE "active_storage_attachments"."record_id" = $1 AND "active_storage_attachments"."record_type" = $2 AND "active_storage_attachments"."name" = $3 LIMIT $4[0m  [["record_id", 7], ["record_type", "RamenShop"], ["name", "image"], ["LIMIT", 1]]
  ↳ app/views/pages/index.html.erb:47
  [1m[36mActiveStorage::Attachment Load (0.1ms)[0m  [1m[34mSELECT "active_storage_attachments".* FROM "active_storage_attachments" WHERE "active_storage_attachments"."record_id" = $1 AND "active_storage_attachments"."record_type" = $2 AND "active_storage_attachments"."name" = $3 LIMIT $4[0m  [["record_id", 8], ["record_type", "RamenShop"], ["name", "image"], ["LIMIT", 1]]
  ↳ app/views/pages/index.html.erb:47
  [1m[36mActiveStorage::Attachment Load (0.1ms)[0m  [1m[34mSELECT "active_storage_attachments".* FROM "active_storage_attachments" WHERE "active_storage_attachments"."record_id" = $1 AND "active_storage_attachments"."record_type" = $2 AND "active_storage_attachments"."name" = $3 LIMIT $4[0m  [["record_id", 9], ["record_type", "RamenShop"], ["name", "image"], ["LIMIT", 1]]
  ↳ app/views/pages/index.html.erb:47
  [1m[36mActiveStorage::Attachment Load (0.1ms)[0m  [1m[34mSELECT "active_storage_attachments".* FROM "active_storage_attachments" WHERE "active_storage_attachments"."record_id" = $1 AND "active_storage_attachments"."record_type" = $2 AND "active_storage_attachments"."name" = $3 LIMIT $4[0m  [["record_id", 10], ["record_type", "RamenShop"], ["name", "image"], ["LIMIT", 1]]
  ↳ app/views/pages/index.html.erb:47
  Rendered pages/index.html.erb within layouts/application (Duration: 28.0ms | Allocations: 8093)
  Rendered layout layouts/application.html.erb (Duration: 28.2ms | Allocations: 8188)
Completed 200 OK in 29ms (Views: 26.5ms | ActiveRecord: 2.0ms | Allocations: 8420)


Started GET "/shoplist/2" for 192.168.48.1 at 2024-07-02 21:18:51 +0000
Cannot render console from 192.168.48.1! Allowed networks: 127.0.0.0/127.255.255.255, ::1
Processing by ShoplistController#show as HTML
  Parameters: {"id"=>"2"}
  [1m[36mRamenShop Load (0.2ms)[0m  [1m[34mSELECT "ramen_shops".* FROM "ramen_shops" WHERE "ramen_shops"."id" = $1 LIMIT $2[0m  [["id", 2], ["LIMIT", 1]]
  ↳ app/controllers/shoplist_controller.rb:7:in `show'
  Rendering layout layouts/application.html.erb
  Rendering shoplist/show.html.erb within layouts/application
  Rendered shoplist/show.html.erb within layouts/application (Duration: 0.1ms | Allocations: 26)
  Rendered layout layouts/application.html.erb (Duration: 0.5ms | Allocations: 121)
Completed 200 OK in 4ms (Views: 1.1ms | ActiveRecord: 0.2ms | Allocations: 752)


Started GET "/" for 192.168.48.1 at 2024-07-02 21:18:57 +0000
Cannot render console from 192.168.48.1! Allowed networks: 127.0.0.0/127.255.255.255, ::1
Processing by PagesController#index as HTML
  Rendering layout layouts/application.html.erb
  Rendering pages/index.html.erb within layouts/application
  [1m[36mRamenShop Load (0.6ms)[0m  [1m[34mSELECT "ramen_shops".* FROM "ramen_shops"[0m
  ↳ app/views/pages/index.html.erb:44
  [1m[36mActiveStorage::Attachment Load (0.2ms)[0m  [1m[34mSELECT "active_storage_attachments".* FROM "active_storage_attachments" WHERE "active_storage_attachments"."record_id" = $1 AND "active_storage_attachments"."record_type" = $2 AND "active_storage_attachments"."name" = $3 LIMIT $4[0m  [["record_id", 1], ["record_type", "RamenShop"], ["name", "image"], ["LIMIT", 1]]
  ↳ app/views/pages/index.html.erb:47
  [1m[36mActiveStorage::Attachment Load (0.2ms)[0m  [1m[34mSELECT "active_storage_attachments".* FROM "active_storage_attachments" WHERE "active_storage_attachments"."record_id" = $1 AND "active_storage_attachments"."record_type" = $2 AND "active_storage_attachments"."name" = $3 LIMIT $4[0m  [["record_id", 2], ["record_type", "RamenShop"], ["name", "image"], ["LIMIT", 1]]
  ↳ app/views/pages/index.html.erb:47
  [1m[36mActiveStorage::Attachment Load (0.1ms)[0m  [1m[34mSELECT "active_storage_attachments".* FROM "active_storage_attachments" WHERE "active_storage_attachments"."record_id" = $1 AND "active_storage_attachments"."record_type" = $2 AND "active_storage_attachments"."name" = $3 LIMIT $4[0m  [["record_id", 3], ["record_type", "RamenShop"], ["name", "image"], ["LIMIT", 1]]
  ↳ app/views/pages/index.html.erb:47
  [1m[36mActiveStorage::Attachment Load (0.1ms)[0m  [1m[34mSELECT "active_storage_attachments".* FROM "active_storage_attachments" WHERE "active_storage_attachments"."record_id" = $1 AND "active_storage_attachments"."record_type" = $2 AND "active_storage_attachments"."name" = $3 LIMIT $4[0m  [["record_id", 4], ["record_type", "RamenShop"], ["name", "image"], ["LIMIT", 1]]
  ↳ app/views/pages/index.html.erb:47
  [1m[36mActiveStorage::Attachment Load (0.2ms)[0m  [1m[34mSELECT "active_storage_attachments".* FROM "active_storage_attachments" WHERE "active_storage_attachments"."record_id" = $1 AND "active_storage_attachments"."record_type" = $2 AND "active_storage_attachments"."name" = $3 LIMIT $4[0m  [["record_id", 5], ["record_type", "RamenShop"], ["name", "image"], ["LIMIT", 1]]
  ↳ app/views/pages/index.html.erb:47
  [1m[36mActiveStorage::Attachment Load (0.1ms)[0m  [1m[34mSELECT "active_storage_attachments".* FROM "active_storage_attachments" WHERE "active_storage_attachments"."record_id" = $1 AND "active_storage_attachments"."record_type" = $2 AND "active_storage_attachments"."name" = $3 LIMIT $4[0m  [["record_id", 6], ["record_type", "RamenShop"], ["name", "image"], ["LIMIT", 1]]
  ↳ app/views/pages/index.html.erb:47
  [1m[36mActiveStorage::Attachment Load (0.1ms)[0m  [1m[34mSELECT "active_storage_attachments".* FROM "active_storage_attachments" WHERE "active_storage_attachments"."record_id" = $1 AND "active_storage_attachments"."record_type" = $2 AND "active_storage_attachments"."name" = $3 LIMIT $4[0m  [["record_id", 7], ["record_type", "RamenShop"], ["name", "image"], ["LIMIT", 1]]
  ↳ app/views/pages/index.html.erb:47
  [1m[36mActiveStorage::Attachment Load (0.2ms)[0m  [1m[34mSELECT "active_storage_attachments".* FROM "active_storage_attachments" WHERE "active_storage_attachments"."record_id" = $1 AND "active_storage_attachments"."record_type" = $2 AND "active_storage_attachments"."name" = $3 LIMIT $4[0m  [["record_id", 8], ["record_type", "RamenShop"], ["name", "image"], ["LIMIT", 1]]
  ↳ app/views/pages/index.html.erb:47
  [1m[36mActiveStorage::Attachment Load (0.1ms)[0m  [1m[34mSELECT "active_storage_attachments".* FROM "active_storage_attachments" WHERE "active_storage_attachments"."record_id" = $1 AND "active_storage_attachments"."record_type" = $2 AND "active_storage_attachments"."name" = $3 LIMIT $4[0m  [["record_id", 9], ["record_type", "RamenShop"], ["name", "image"], ["LIMIT", 1]]
  ↳ app/views/pages/index.html.erb:47
  [1m[36mActiveStorage::Attachment Load (0.2ms)[0m  [1m[34mSELECT "active_storage_attachments".* FROM "active_storage_attachments" WHERE "active_storage_attachments"."record_id" = $1 AND "active_storage_attachments"."record_type" = $2 AND "active_storage_attachments"."name" = $3 LIMIT $4[0m  [["record_id", 10], ["record_type", "RamenShop"], ["name", "image"], ["LIMIT", 1]]
  ↳ app/views/pages/index.html.erb:47
  Rendered pages/index.html.erb within layouts/application (Duration: 17.1ms | Allocations: 8093)
  Rendered layout layouts/application.html.erb (Duration: 17.3ms | Allocations: 8188)
Completed 200 OK in 19ms (Views: 16.3ms | ActiveRecord: 2.1ms | Allocations: 8420)


Started GET "/shoplist/2" for 192.168.48.1 at 2024-07-02 21:18:58 +0000
Cannot render console from 192.168.48.1! Allowed networks: 127.0.0.0/127.255.255.255, ::1
Processing by ShoplistController#show as HTML
  Parameters: {"id"=>"2"}
  [1m[36mRamenShop Load (0.5ms)[0m  [1m[34mSELECT "ramen_shops".* FROM "ramen_shops" WHERE "ramen_shops"."id" = $1 LIMIT $2[0m  [["id", 2], ["LIMIT", 1]]
  ↳ app/controllers/shoplist_controller.rb:7:in `show'
  Rendering layout layouts/application.html.erb
  Rendering shoplist/show.html.erb within layouts/application
  Rendered shoplist/show.html.erb within layouts/application (Duration: 0.1ms | Allocations: 26)
  Rendered layout layouts/application.html.erb (Duration: 0.3ms | Allocations: 121)
Completed 200 OK in 4ms (Views: 0.8ms | ActiveRecord: 0.5ms | Allocations: 752)


Started GET "/" for 192.168.48.1 at 2024-07-02 21:22:02 +0000
Cannot render console from 192.168.48.1! Allowed networks: 127.0.0.0/127.255.255.255, ::1
Processing by PagesController#index as HTML
  Rendering layout layouts/application.html.erb
  Rendering pages/index.html.erb within layouts/application
  [1m[36mRamenShop Load (0.3ms)[0m  [1m[34mSELECT "ramen_shops".* FROM "ramen_shops"[0m
  ↳ app/views/pages/index.html.erb:44
  [1m[36mActiveStorage::Attachment Load (0.1ms)[0m  [1m[34mSELECT "active_storage_attachments".* FROM "active_storage_attachments" WHERE "active_storage_attachments"."record_id" = $1 AND "active_storage_attachments"."record_type" = $2 AND "active_storage_attachments"."name" = $3 LIMIT $4[0m  [["record_id", 1], ["record_type", "RamenShop"], ["name", "image"], ["LIMIT", 1]]
  ↳ app/views/pages/index.html.erb:47
  [1m[36mActiveStorage::Attachment Load (0.2ms)[0m  [1m[34mSELECT "active_storage_attachments".* FROM "active_storage_attachments" WHERE "active_storage_attachments"."record_id" = $1 AND "active_storage_attachments"."record_type" = $2 AND "active_storage_attachments"."name" = $3 LIMIT $4[0m  [["record_id", 2], ["record_type", "RamenShop"], ["name", "image"], ["LIMIT", 1]]
  ↳ app/views/pages/index.html.erb:47
  [1m[36mActiveStorage::Attachment Load (0.1ms)[0m  [1m[34mSELECT "active_storage_attachments".* FROM "active_storage_attachments" WHERE "active_storage_attachments"."record_id" = $1 AND "active_storage_attachments"."record_type" = $2 AND "active_storage_attachments"."name" = $3 LIMIT $4[0m  [["record_id", 3], ["record_type", "RamenShop"], ["name", "image"], ["LIMIT", 1]]
  ↳ app/views/pages/index.html.erb:47
  [1m[36mActiveStorage::Attachment Load (0.2ms)[0m  [1m[34mSELECT "active_storage_attachments".* FROM "active_storage_attachments" WHERE "active_storage_attachments"."record_id" = $1 AND "active_storage_attachments"."record_type" = $2 AND "active_storage_attachments"."name" = $3 LIMIT $4[0m  [["record_id", 4], ["record_type", "RamenShop"], ["name", "image"], ["LIMIT", 1]]
  ↳ app/views/pages/index.html.erb:47
  [1m[36mActiveStorage::Attachment Load (0.2ms)[0m  [1m[34mSELECT "active_storage_attachments".* FROM "active_storage_attachments" WHERE "active_storage_attachments"."record_id" = $1 AND "active_storage_attachments"."record_type" = $2 AND "active_storage_attachments"."name" = $3 LIMIT $4[0m  [["record_id", 5], ["record_type", "RamenShop"], ["name", "image"], ["LIMIT", 1]]
  ↳ app/views/pages/index.html.erb:47
  [1m[36mActiveStorage::Attachment Load (0.2ms)[0m  [1m[34mSELECT "active_storage_attachments".* FROM "active_storage_attachments" WHERE "active_storage_attachments"."record_id" = $1 AND "active_storage_attachments"."record_type" = $2 AND "active_storage_attachments"."name" = $3 LIMIT $4[0m  [["record_id", 6], ["record_type", "RamenShop"], ["name", "image"], ["LIMIT", 1]]
  ↳ app/views/pages/index.html.erb:47
  [1m[36mActiveStorage::Attachment Load (0.1ms)[0m  [1m[34mSELECT "active_storage_attachments".* FROM "active_storage_attachments" WHERE "active_storage_attachments"."record_id" = $1 AND "active_storage_attachments"."record_type" = $2 AND "active_storage_attachments"."name" = $3 LIMIT $4[0m  [["record_id", 7], ["record_type", "RamenShop"], ["name", "image"], ["LIMIT", 1]]
  ↳ app/views/pages/index.html.erb:47
  [1m[36mActiveStorage::Attachment Load (0.2ms)[0m  [1m[34mSELECT "active_storage_attachments".* FROM "active_storage_attachments" WHERE "active_storage_attachments"."record_id" = $1 AND "active_storage_attachments"."record_type" = $2 AND "active_storage_attachments"."name" = $3 LIMIT $4[0m  [["record_id", 8], ["record_type", "RamenShop"], ["name", "image"], ["LIMIT", 1]]
  ↳ app/views/pages/index.html.erb:47
  [1m[36mActiveStorage::Attachment Load (0.2ms)[0m  [1m[34mSELECT "active_storage_attachments".* FROM "active_storage_attachments" WHERE "active_storage_attachments"."record_id" = $1 AND "active_storage_attachments"."record_type" = $2 AND "active_storage_attachments"."name" = $3 LIMIT $4[0m  [["record_id", 9], ["record_type", "RamenShop"], ["name", "image"], ["LIMIT", 1]]
  ↳ app/views/pages/index.html.erb:47
  [1m[36mActiveStorage::Attachment Load (0.1ms)[0m  [1m[34mSELECT "active_storage_attachments".* FROM "active_storage_attachments" WHERE "active_storage_attachments"."record_id" = $1 AND "active_storage_attachments"."record_type" = $2 AND "active_storage_attachments"."name" = $3 LIMIT $4[0m  [["record_id", 10], ["record_type", "RamenShop"], ["name", "image"], ["LIMIT", 1]]
  ↳ app/views/pages/index.html.erb:47
  Rendered pages/index.html.erb within layouts/application (Duration: 23.3ms | Allocations: 15918)
  Rendered layout layouts/application.html.erb (Duration: 24.1ms | Allocations: 16273)
Completed 200 OK in 34ms (Views: 20.0ms | ActiveRecord: 5.4ms | Allocations: 22198)


Started GET "/" for 192.168.48.1 at 2024-07-02 21:22:03 +0000
Cannot render console from 192.168.48.1! Allowed networks: 127.0.0.0/127.255.255.255, ::1
Processing by PagesController#index as HTML
  Rendering layout layouts/application.html.erb
  Rendering pages/index.html.erb within layouts/application
  [1m[36mRamenShop Load (0.6ms)[0m  [1m[34mSELECT "ramen_shops".* FROM "ramen_shops"[0m
  ↳ app/views/pages/index.html.erb:44
  [1m[36mActiveStorage::Attachment Load (0.2ms)[0m  [1m[34mSELECT "active_storage_attachments".* FROM "active_storage_attachments" WHERE "active_storage_attachments"."record_id" = $1 AND "active_storage_attachments"."record_type" = $2 AND "active_storage_attachments"."name" = $3 LIMIT $4[0m  [["record_id", 1], ["record_type", "RamenShop"], ["name", "image"], ["LIMIT", 1]]
  ↳ app/views/pages/index.html.erb:47
  [1m[36mActiveStorage::Attachment Load (0.2ms)[0m  [1m[34mSELECT "active_storage_attachments".* FROM "active_storage_attachments" WHERE "active_storage_attachments"."record_id" = $1 AND "active_storage_attachments"."record_type" = $2 AND "active_storage_attachments"."name" = $3 LIMIT $4[0m  [["record_id", 2], ["record_type", "RamenShop"], ["name", "image"], ["LIMIT", 1]]
  ↳ app/views/pages/index.html.erb:47
  [1m[36mActiveStorage::Attachment Load (0.2ms)[0m  [1m[34mSELECT "active_storage_attachments".* FROM "active_storage_attachments" WHERE "active_storage_attachments"."record_id" = $1 AND "active_storage_attachments"."record_type" = $2 AND "active_storage_attachments"."name" = $3 LIMIT $4[0m  [["record_id", 3], ["record_type", "RamenShop"], ["name", "image"], ["LIMIT", 1]]
  ↳ app/views/pages/index.html.erb:47
  [1m[36mActiveStorage::Attachment Load (0.1ms)[0m  [1m[34mSELECT "active_storage_attachments".* FROM "active_storage_attachments" WHERE "active_storage_attachments"."record_id" = $1 AND "active_storage_attachments"."record_type" = $2 AND "active_storage_attachments"."name" = $3 LIMIT $4[0m  [["record_id", 4], ["record_type", "RamenShop"], ["name", "image"], ["LIMIT", 1]]
  ↳ app/views/pages/index.html.erb:47
  [1m[36mActiveStorage::Attachment Load (0.2ms)[0m  [1m[34mSELECT "active_storage_attachments".* FROM "active_storage_attachments" WHERE "active_storage_attachments"."record_id" = $1 AND "active_storage_attachments"."record_type" = $2 AND "active_storage_attachments"."name" = $3 LIMIT $4[0m  [["record_id", 5], ["record_type", "RamenShop"], ["name", "image"], ["LIMIT", 1]]
  ↳ app/views/pages/index.html.erb:47
  [1m[36mActiveStorage::Attachment Load (0.3ms)[0m  [1m[34mSELECT "active_storage_attachments".* FROM "active_storage_attachments" WHERE "active_storage_attachments"."record_id" = $1 AND "active_storage_attachments"."record_type" = $2 AND "active_storage_attachments"."name" = $3 LIMIT $4[0m  [["record_id", 6], ["record_type", "RamenShop"], ["name", "image"], ["LIMIT", 1]]
  ↳ app/views/pages/index.html.erb:47
  [1m[36mActiveStorage::Attachment Load (0.2ms)[0m  [1m[34mSELECT "active_storage_attachments".* FROM "active_storage_attachments" WHERE "active_storage_attachments"."record_id" = $1 AND "active_storage_attachments"."record_type" = $2 AND "active_storage_attachments"."name" = $3 LIMIT $4[0m  [["record_id", 7], ["record_type", "RamenShop"], ["name", "image"], ["LIMIT", 1]]
  ↳ app/views/pages/index.html.erb:47
  [1m[36mActiveStorage::Attachment Load (0.1ms)[0m  [1m[34mSELECT "active_storage_attachments".* FROM "active_storage_attachments" WHERE "active_storage_attachments"."record_id" = $1 AND "active_storage_attachments"."record_type" = $2 AND "active_storage_attachments"."name" = $3 LIMIT $4[0m  [["record_id", 8], ["record_type", "RamenShop"], ["name", "image"], ["LIMIT", 1]]
  ↳ app/views/pages/index.html.erb:47
  [1m[36mActiveStorage::Attachment Load (0.2ms)[0m  [1m[34mSELECT "active_storage_attachments".* FROM "active_storage_attachments" WHERE "active_storage_attachments"."record_id" = $1 AND "active_storage_attachments"."record_type" = $2 AND "active_storage_attachments"."name" = $3 LIMIT $4[0m  [["record_id", 9], ["record_type", "RamenShop"], ["name", "image"], ["LIMIT", 1]]
  ↳ app/views/pages/index.html.erb:47
  [1m[36mActiveStorage::Attachment Load (0.1ms)[0m  [1m[34mSELECT "active_storage_attachments".* FROM "active_storage_attachments" WHERE "active_storage_attachments"."record_id" = $1 AND "active_storage_attachments"."record_type" = $2 AND "active_storage_attachments"."name" = $3 LIMIT $4[0m  [["record_id", 10], ["record_type", "RamenShop"], ["name", "image"], ["LIMIT", 1]]
  ↳ app/views/pages/index.html.erb:47
  Rendered pages/index.html.erb within layouts/application (Duration: 14.9ms | Allocations: 8095)
  Rendered layout layouts/application.html.erb (Duration: 15.1ms | Allocations: 8190)
Completed 200 OK in 16ms (Views: 13.3ms | ActiveRecord: 2.2ms | Allocations: 8422)


Started GET "/shoplist/1" for 192.168.48.1 at 2024-07-02 21:22:05 +0000
Cannot render console from 192.168.48.1! Allowed networks: 127.0.0.0/127.255.255.255, ::1
Processing by ShoplistController#show as HTML
  Parameters: {"id"=>"1"}
  [1m[36mRamenShop Load (0.2ms)[0m  [1m[34mSELECT "ramen_shops".* FROM "ramen_shops" WHERE "ramen_shops"."id" = $1 LIMIT $2[0m  [["id", 1], ["LIMIT", 1]]
  ↳ app/controllers/shoplist_controller.rb:7:in `show'
  Rendering layout layouts/application.html.erb
  Rendering shoplist/show.html.erb within layouts/application
  Rendered shoplist/show.html.erb within layouts/application (Duration: 0.6ms | Allocations: 285)
  Rendered layout layouts/application.html.erb (Duration: 0.7ms | Allocations: 380)
Completed 200 OK in 4ms (Views: 1.3ms | ActiveRecord: 0.2ms | Allocations: 1833)


Started GET "/" for 192.168.48.1 at 2024-07-02 21:22:07 +0000
Cannot render console from 192.168.48.1! Allowed networks: 127.0.0.0/127.255.255.255, ::1
Processing by PagesController#index as HTML
  Rendering layout layouts/application.html.erb
  Rendering pages/index.html.erb within layouts/application
  [1m[36mRamenShop Load (0.6ms)[0m  [1m[34mSELECT "ramen_shops".* FROM "ramen_shops"[0m
  ↳ app/views/pages/index.html.erb:44
  [1m[36mActiveStorage::Attachment Load (0.2ms)[0m  [1m[34mSELECT "active_storage_attachments".* FROM "active_storage_attachments" WHERE "active_storage_attachments"."record_id" = $1 AND "active_storage_attachments"."record_type" = $2 AND "active_storage_attachments"."name" = $3 LIMIT $4[0m  [["record_id", 1], ["record_type", "RamenShop"], ["name", "image"], ["LIMIT", 1]]
  ↳ app/views/pages/index.html.erb:47
  [1m[36mActiveStorage::Attachment Load (0.2ms)[0m  [1m[34mSELECT "active_storage_attachments".* FROM "active_storage_attachments" WHERE "active_storage_attachments"."record_id" = $1 AND "active_storage_attachments"."record_type" = $2 AND "active_storage_attachments"."name" = $3 LIMIT $4[0m  [["record_id", 2], ["record_type", "RamenShop"], ["name", "image"], ["LIMIT", 1]]
  ↳ app/views/pages/index.html.erb:47
  [1m[36mActiveStorage::Attachment Load (0.1ms)[0m  [1m[34mSELECT "active_storage_attachments".* FROM "active_storage_attachments" WHERE "active_storage_attachments"."record_id" = $1 AND "active_storage_attachments"."record_type" = $2 AND "active_storage_attachments"."name" = $3 LIMIT $4[0m  [["record_id", 3], ["record_type", "RamenShop"], ["name", "image"], ["LIMIT", 1]]
  ↳ app/views/pages/index.html.erb:47
  [1m[36mActiveStorage::Attachment Load (0.2ms)[0m  [1m[34mSELECT "active_storage_attachments".* FROM "active_storage_attachments" WHERE "active_storage_attachments"."record_id" = $1 AND "active_storage_attachments"."record_type" = $2 AND "active_storage_attachments"."name" = $3 LIMIT $4[0m  [["record_id", 4], ["record_type", "RamenShop"], ["name", "image"], ["LIMIT", 1]]
  ↳ app/views/pages/index.html.erb:47
  [1m[36mActiveStorage::Attachment Load (0.2ms)[0m  [1m[34mSELECT "active_storage_attachments".* FROM "active_storage_attachments" WHERE "active_storage_attachments"."record_id" = $1 AND "active_storage_attachments"."record_type" = $2 AND "active_storage_attachments"."name" = $3 LIMIT $4[0m  [["record_id", 5], ["record_type", "RamenShop"], ["name", "image"], ["LIMIT", 1]]
  ↳ app/views/pages/index.html.erb:47
  [1m[36mActiveStorage::Attachment Load (0.2ms)[0m  [1m[34mSELECT "active_storage_attachments".* FROM "active_storage_attachments" WHERE "active_storage_attachments"."record_id" = $1 AND "active_storage_attachments"."record_type" = $2 AND "active_storage_attachments"."name" = $3 LIMIT $4[0m  [["record_id", 6], ["record_type", "RamenShop"], ["name", "image"], ["LIMIT", 1]]
  ↳ app/views/pages/index.html.erb:47
  [1m[36mActiveStorage::Attachment Load (0.2ms)[0m  [1m[34mSELECT "active_storage_attachments".* FROM "active_storage_attachments" WHERE "active_storage_attachments"."record_id" = $1 AND "active_storage_attachments"."record_type" = $2 AND "active_storage_attachments"."name" = $3 LIMIT $4[0m  [["record_id", 7], ["record_type", "RamenShop"], ["name", "image"], ["LIMIT", 1]]
  ↳ app/views/pages/index.html.erb:47
  [1m[36mActiveStorage::Attachment Load (0.2ms)[0m  [1m[34mSELECT "active_storage_attachments".* FROM "active_storage_attachments" WHERE "active_storage_attachments"."record_id" = $1 AND "active_storage_attachments"."record_type" = $2 AND "active_storage_attachments"."name" = $3 LIMIT $4[0m  [["record_id", 8], ["record_type", "RamenShop"], ["name", "image"], ["LIMIT", 1]]
  ↳ app/views/pages/index.html.erb:47
  [1m[36mActiveStorage::Attachment Load (0.1ms)[0m  [1m[34mSELECT "active_storage_attachments".* FROM "active_storage_attachments" WHERE "active_storage_attachments"."record_id" = $1 AND "active_storage_attachments"."record_type" = $2 AND "active_storage_attachments"."name" = $3 LIMIT $4[0m  [["record_id", 9], ["record_type", "RamenShop"], ["name", "image"], ["LIMIT", 1]]
  ↳ app/views/pages/index.html.erb:47
  [1m[36mActiveStorage::Attachment Load (0.2ms)[0m  [1m[34mSELECT "active_storage_attachments".* FROM "active_storage_attachments" WHERE "active_storage_attachments"."record_id" = $1 AND "active_storage_attachments"."record_type" = $2 AND "active_storage_attachments"."name" = $3 LIMIT $4[0m  [["record_id", 10], ["record_type", "RamenShop"], ["name", "image"], ["LIMIT", 1]]
  ↳ app/views/pages/index.html.erb:47
  Rendered pages/index.html.erb within layouts/application (Duration: 13.1ms | Allocations: 8096)
  Rendered layout layouts/application.html.erb (Duration: 13.3ms | Allocations: 8191)
Completed 200 OK in 14ms (Views: 11.4ms | ActiveRecord: 2.3ms | Allocations: 8423)


Started GET "/shoplist/2" for 192.168.48.1 at 2024-07-02 21:22:09 +0000
Cannot render console from 192.168.48.1! Allowed networks: 127.0.0.0/127.255.255.255, ::1
Processing by ShoplistController#show as HTML
  Parameters: {"id"=>"2"}
  [1m[36mRamenShop Load (0.2ms)[0m  [1m[34mSELECT "ramen_shops".* FROM "ramen_shops" WHERE "ramen_shops"."id" = $1 LIMIT $2[0m  [["id", 2], ["LIMIT", 1]]
  ↳ app/controllers/shoplist_controller.rb:7:in `show'
  Rendering layout layouts/application.html.erb
  Rendering shoplist/show.html.erb within layouts/application
  Rendered shoplist/show.html.erb within layouts/application (Duration: 0.1ms | Allocations: 26)
  Rendered layout layouts/application.html.erb (Duration: 0.2ms | Allocations: 121)
Completed 200 OK in 2ms (Views: 0.5ms | ActiveRecord: 0.2ms | Allocations: 752)


Started GET "/" for 192.168.48.1 at 2024-07-02 21:22:11 +0000
Cannot render console from 192.168.48.1! Allowed networks: 127.0.0.0/127.255.255.255, ::1
Processing by PagesController#index as HTML
  Rendering layout layouts/application.html.erb
  Rendering pages/index.html.erb within layouts/application
  [1m[36mRamenShop Load (0.6ms)[0m  [1m[34mSELECT "ramen_shops".* FROM "ramen_shops"[0m
  ↳ app/views/pages/index.html.erb:44
  [1m[36mActiveStorage::Attachment Load (0.2ms)[0m  [1m[34mSELECT "active_storage_attachments".* FROM "active_storage_attachments" WHERE "active_storage_attachments"."record_id" = $1 AND "active_storage_attachments"."record_type" = $2 AND "active_storage_attachments"."name" = $3 LIMIT $4[0m  [["record_id", 1], ["record_type", "RamenShop"], ["name", "image"], ["LIMIT", 1]]
  ↳ app/views/pages/index.html.erb:47
  [1m[36mActiveStorage::Attachment Load (0.1ms)[0m  [1m[34mSELECT "active_storage_attachments".* FROM "active_storage_attachments" WHERE "active_storage_attachments"."record_id" = $1 AND "active_storage_attachments"."record_type" = $2 AND "active_storage_attachments"."name" = $3 LIMIT $4[0m  [["record_id", 2], ["record_type", "RamenShop"], ["name", "image"], ["LIMIT", 1]]
  ↳ app/views/pages/index.html.erb:47
  [1m[36mActiveStorage::Attachment Load (0.2ms)[0m  [1m[34mSELECT "active_storage_attachments".* FROM "active_storage_attachments" WHERE "active_storage_attachments"."record_id" = $1 AND "active_storage_attachments"."record_type" = $2 AND "active_storage_attachments"."name" = $3 LIMIT $4[0m  [["record_id", 3], ["record_type", "RamenShop"], ["name", "image"], ["LIMIT", 1]]
  ↳ app/views/pages/index.html.erb:47
  [1m[36mActiveStorage::Attachment Load (0.2ms)[0m  [1m[34mSELECT "active_storage_attachments".* FROM "active_storage_attachments" WHERE "active_storage_attachments"."record_id" = $1 AND "active_storage_attachments"."record_type" = $2 AND "active_storage_attachments"."name" = $3 LIMIT $4[0m  [["record_id", 4], ["record_type", "RamenShop"], ["name", "image"], ["LIMIT", 1]]
  ↳ app/views/pages/index.html.erb:47
  [1m[36mActiveStorage::Attachment Load (0.2ms)[0m  [1m[34mSELECT "active_storage_attachments".* FROM "active_storage_attachments" WHERE "active_storage_attachments"."record_id" = $1 AND "active_storage_attachments"."record_type" = $2 AND "active_storage_attachments"."name" = $3 LIMIT $4[0m  [["record_id", 5], ["record_type", "RamenShop"], ["name", "image"], ["LIMIT", 1]]
  ↳ app/views/pages/index.html.erb:47
  [1m[36mActiveStorage::Attachment Load (0.2ms)[0m  [1m[34mSELECT "active_storage_attachments".* FROM "active_storage_attachments" WHERE "active_storage_attachments"."record_id" = $1 AND "active_storage_attachments"."record_type" = $2 AND "active_storage_attachments"."name" = $3 LIMIT $4[0m  [["record_id", 6], ["record_type", "RamenShop"], ["name", "image"], ["LIMIT", 1]]
  ↳ app/views/pages/index.html.erb:47
  [1m[36mActiveStorage::Attachment Load (0.1ms)[0m  [1m[34mSELECT "active_storage_attachments".* FROM "active_storage_attachments" WHERE "active_storage_attachments"."record_id" = $1 AND "active_storage_attachments"."record_type" = $2 AND "active_storage_attachments"."name" = $3 LIMIT $4[0m  [["record_id", 7], ["record_type", "RamenShop"], ["name", "image"], ["LIMIT", 1]]
  ↳ app/views/pages/index.html.erb:47
  [1m[36mActiveStorage::Attachment Load (0.1ms)[0m  [1m[34mSELECT "active_storage_attachments".* FROM "active_storage_attachments" WHERE "active_storage_attachments"."record_id" = $1 AND "active_storage_attachments"."record_type" = $2 AND "active_storage_attachments"."name" = $3 LIMIT $4[0m  [["record_id", 8], ["record_type", "RamenShop"], ["name", "image"], ["LIMIT", 1]]
  ↳ app/views/pages/index.html.erb:47
  [1m[36mActiveStorage::Attachment Load (0.1ms)[0m  [1m[34mSELECT "active_storage_attachments".* FROM "active_storage_attachments" WHERE "active_storage_attachments"."record_id" = $1 AND "active_storage_attachments"."record_type" = $2 AND "active_storage_attachments"."name" = $3 LIMIT $4[0m  [["record_id", 9], ["record_type", "RamenShop"], ["name", "image"], ["LIMIT", 1]]
  ↳ app/views/pages/index.html.erb:47
  [1m[36mActiveStorage::Attachment Load (0.2ms)[0m  [1m[34mSELECT "active_storage_attachments".* FROM "active_storage_attachments" WHERE "active_storage_attachments"."record_id" = $1 AND "active_storage_attachments"."record_type" = $2 AND "active_storage_attachments"."name" = $3 LIMIT $4[0m  [["record_id", 10], ["record_type", "RamenShop"], ["name", "image"], ["LIMIT", 1]]
  ↳ app/views/pages/index.html.erb:47
  Rendered pages/index.html.erb within layouts/application (Duration: 13.2ms | Allocations: 8093)
  Rendered layout layouts/application.html.erb (Duration: 13.4ms | Allocations: 8188)
Completed 200 OK in 14ms (Views: 11.6ms | ActiveRecord: 2.2ms | Allocations: 8420)


Started GET "/shoplist/1" for 192.168.48.1 at 2024-07-02 21:30:01 +0000
Cannot render console from 192.168.48.1! Allowed networks: 127.0.0.0/127.255.255.255, ::1
Processing by ShoplistController#show as HTML
  Parameters: {"id"=>"1"}
  [1m[36mRamenShop Load (0.2ms)[0m  [1m[34mSELECT "ramen_shops".* FROM "ramen_shops" WHERE "ramen_shops"."id" = $1 LIMIT $2[0m  [["id", 1], ["LIMIT", 1]]
  ↳ app/controllers/shoplist_controller.rb:7:in `show'
  Rendering layout layouts/application.html.erb
  Rendering shoplist/show.html.erb within layouts/application
  Rendered shoplist/show.html.erb within layouts/application (Duration: 0.3ms | Allocations: 26)
  Rendered layout layouts/application.html.erb (Duration: 0.5ms | Allocations: 121)
Completed 200 OK in 13ms (Views: 1.1ms | ActiveRecord: 3.8ms | Allocations: 3730)


Started GET "/shoplist/2" for 192.168.48.1 at 2024-07-02 21:33:15 +0000
Cannot render console from 192.168.48.1! Allowed networks: 127.0.0.0/127.255.255.255, ::1
Processing by ShoplistController#show as HTML
  Parameters: {"id"=>"2"}
  [1m[36mRamenShop Load (0.3ms)[0m  [1m[34mSELECT "ramen_shops".* FROM "ramen_shops" WHERE "ramen_shops"."id" = $1 LIMIT $2[0m  [["id", 2], ["LIMIT", 1]]
  ↳ app/controllers/shoplist_controller.rb:7:in `show'
  Rendering layout layouts/application.html.erb
  Rendering shoplist/show.html.erb within layouts/application
  Rendered shoplist/show.html.erb within layouts/application (Duration: 0.1ms | Allocations: 26)
  Rendered layout layouts/application.html.erb (Duration: 0.3ms | Allocations: 121)
Completed 200 OK in 2ms (Views: 0.7ms | ActiveRecord: 0.3ms | Allocations: 752)


Started GET "/shoplist" for 192.168.48.1 at 2024-07-02 21:37:06 +0000
Cannot render console from 192.168.48.1! Allowed networks: 127.0.0.0/127.255.255.255, ::1
Processing by ShoplistController#index as HTML
  Rendering layout layouts/application.html.erb
  Rendering shoplist/index.html.erb within layouts/application
  [1m[36mRamenShop Load (0.6ms)[0m  [1m[34mSELECT "ramen_shops".* FROM "ramen_shops"[0m
  ↳ app/views/shoplist/index.html.erb:19
  [1m[36mActiveStorage::Attachment Load (0.3ms)[0m  [1m[34mSELECT "active_storage_attachments".* FROM "active_storage_attachments" WHERE "active_storage_attachments"."record_id" = $1 AND "active_storage_attachments"."record_type" = $2 AND "active_storage_attachments"."name" = $3 LIMIT $4[0m  [["record_id", 1], ["record_type", "RamenShop"], ["name", "image"], ["LIMIT", 1]]
  ↳ app/views/shoplist/index.html.erb:22
  Rendered shoplist/index.html.erb within layouts/application (Duration: 4.6ms | Allocations: 3403)
  Rendered layout layouts/application.html.erb (Duration: 4.7ms | Allocations: 3488)
Completed 500 Internal Server Error in 6ms (ActiveRecord: 0.8ms | Allocations: 3784)


  
ActionView::Template::Error (Can't resolve image into URL: undefined method `persisted?' for nil):
    19:       <% @shops.each do |shop| %>
    20:         <div class="col">
    21:           <div class="card h-100 shop-card">
    22:             <%= image_tag shop.image, class: "card-img-top", alt: "ラーメンの画像" %>
    23:             <div class="card-body d-flex flex-column justify-content-between">
    24:               <div>
    25:                 <h5 class="card-title"><%= shop.title %></h5>
  
app/views/shoplist/index.html.erb:22
app/views/shoplist/index.html.erb:19
Started GET "/shoplist" for 192.168.48.1 at 2024-07-02 21:37:13 +0000
Cannot render console from 192.168.48.1! Allowed networks: 127.0.0.0/127.255.255.255, ::1
Processing by ShoplistController#index as HTML
  Rendering layout layouts/application.html.erb
  Rendering shoplist/index.html.erb within layouts/application
  [1m[36mRamenShop Load (0.7ms)[0m  [1m[34mSELECT "ramen_shops".* FROM "ramen_shops"[0m
  ↳ app/views/shoplist/index.html.erb:19
  [1m[36mActiveStorage::Attachment Load (0.2ms)[0m  [1m[34mSELECT "active_storage_attachments".* FROM "active_storage_attachments" WHERE "active_storage_attachments"."record_id" = $1 AND "active_storage_attachments"."record_type" = $2 AND "active_storage_attachments"."name" = $3 LIMIT $4[0m  [["record_id", 1], ["record_type", "RamenShop"], ["name", "image"], ["LIMIT", 1]]
  ↳ app/views/shoplist/index.html.erb:22
  Rendered shoplist/index.html.erb within layouts/application (Duration: 3.8ms | Allocations: 3138)
  Rendered layout layouts/application.html.erb (Duration: 4.0ms | Allocations: 3223)
Completed 500 Internal Server Error in 5ms (ActiveRecord: 0.9ms | Allocations: 3449)


  
ActionView::Template::Error (Can't resolve image into URL: undefined method `persisted?' for nil):
    19:       <% @shops.each do |shop| %>
    20:         <div class="col">
    21:           <div class="card h-100 shop-card">
    22:             <%= image_tag shop.image, class: "card-img-top", alt: "ラーメンの画像" %>
    23:             <div class="card-body d-flex flex-column justify-content-between">
    24:               <div>
    25:                 <h5 class="card-title"><%= shop.title %></h5>
  
app/views/shoplist/index.html.erb:22
app/views/shoplist/index.html.erb:19
Started GET "/shoplist/3" for 192.168.48.1 at 2024-07-02 21:37:18 +0000
Cannot render console from 192.168.48.1! Allowed networks: 127.0.0.0/127.255.255.255, ::1
Processing by ShoplistController#show as HTML
  Parameters: {"id"=>"3"}
  [1m[36mRamenShop Load (0.3ms)[0m  [1m[34mSELECT "ramen_shops".* FROM "ramen_shops" WHERE "ramen_shops"."id" = $1 LIMIT $2[0m  [["id", 3], ["LIMIT", 1]]
  ↳ app/controllers/shoplist_controller.rb:7:in `show'
  Rendering layout layouts/application.html.erb
  Rendering shoplist/show.html.erb within layouts/application
  Rendered shoplist/show.html.erb within layouts/application (Duration: 0.1ms | Allocations: 28)
  Rendered layout layouts/application.html.erb (Duration: 0.3ms | Allocations: 123)
Completed 200 OK in 2ms (Views: 0.6ms | ActiveRecord: 0.3ms | Allocations: 754)


Started GET "/" for 192.168.48.1 at 2024-07-02 21:55:06 +0000
Cannot render console from 192.168.48.1! Allowed networks: 127.0.0.0/127.255.255.255, ::1
Processing by PagesController#index as HTML
  Rendering layout layouts/application.html.erb
  Rendering pages/index.html.erb within layouts/application
  [1m[36mRamenShop Load (9.3ms)[0m  [1m[34mSELECT "ramen_shops".* FROM "ramen_shops"[0m
  ↳ app/views/pages/index.html.erb:44
  [1m[36mActiveStorage::Attachment Load (0.2ms)[0m  [1m[34mSELECT "active_storage_attachments".* FROM "active_storage_attachments" WHERE "active_storage_attachments"."record_id" = $1 AND "active_storage_attachments"."record_type" = $2 AND "active_storage_attachments"."name" = $3 LIMIT $4[0m  [["record_id", 1], ["record_type", "RamenShop"], ["name", "image"], ["LIMIT", 1]]
  ↳ app/views/pages/index.html.erb:47
  [1m[36mActiveStorage::Attachment Load (0.3ms)[0m  [1m[34mSELECT "active_storage_attachments".* FROM "active_storage_attachments" WHERE "active_storage_attachments"."record_id" = $1 AND "active_storage_attachments"."record_type" = $2 AND "active_storage_attachments"."name" = $3 LIMIT $4[0m  [["record_id", 2], ["record_type", "RamenShop"], ["name", "image"], ["LIMIT", 1]]
  ↳ app/views/pages/index.html.erb:47
  [1m[36mActiveStorage::Attachment Load (0.2ms)[0m  [1m[34mSELECT "active_storage_attachments".* FROM "active_storage_attachments" WHERE "active_storage_attachments"."record_id" = $1 AND "active_storage_attachments"."record_type" = $2 AND "active_storage_attachments"."name" = $3 LIMIT $4[0m  [["record_id", 3], ["record_type", "RamenShop"], ["name", "image"], ["LIMIT", 1]]
  ↳ app/views/pages/index.html.erb:47
  [1m[36mActiveStorage::Attachment Load (0.2ms)[0m  [1m[34mSELECT "active_storage_attachments".* FROM "active_storage_attachments" WHERE "active_storage_attachments"."record_id" = $1 AND "active_storage_attachments"."record_type" = $2 AND "active_storage_attachments"."name" = $3 LIMIT $4[0m  [["record_id", 4], ["record_type", "RamenShop"], ["name", "image"], ["LIMIT", 1]]
  ↳ app/views/pages/index.html.erb:47
  [1m[36mActiveStorage::Attachment Load (0.2ms)[0m  [1m[34mSELECT "active_storage_attachments".* FROM "active_storage_attachments" WHERE "active_storage_attachments"."record_id" = $1 AND "active_storage_attachments"."record_type" = $2 AND "active_storage_attachments"."name" = $3 LIMIT $4[0m  [["record_id", 5], ["record_type", "RamenShop"], ["name", "image"], ["LIMIT", 1]]
  ↳ app/views/pages/index.html.erb:47
  [1m[36mActiveStorage::Attachment Load (0.3ms)[0m  [1m[34mSELECT "active_storage_attachments".* FROM "active_storage_attachments" WHERE "active_storage_attachments"."record_id" = $1 AND "active_storage_attachments"."record_type" = $2 AND "active_storage_attachments"."name" = $3 LIMIT $4[0m  [["record_id", 6], ["record_type", "RamenShop"], ["name", "image"], ["LIMIT", 1]]
  ↳ app/views/pages/index.html.erb:47
  [1m[36mActiveStorage::Attachment Load (0.1ms)[0m  [1m[34mSELECT "active_storage_attachments".* FROM "active_storage_attachments" WHERE "active_storage_attachments"."record_id" = $1 AND "active_storage_attachments"."record_type" = $2 AND "active_storage_attachments"."name" = $3 LIMIT $4[0m  [["record_id", 7], ["record_type", "RamenShop"], ["name", "image"], ["LIMIT", 1]]
  ↳ app/views/pages/index.html.erb:47
  [1m[36mActiveStorage::Attachment Load (0.1ms)[0m  [1m[34mSELECT "active_storage_attachments".* FROM "active_storage_attachments" WHERE "active_storage_attachments"."record_id" = $1 AND "active_storage_attachments"."record_type" = $2 AND "active_storage_attachments"."name" = $3 LIMIT $4[0m  [["record_id", 8], ["record_type", "RamenShop"], ["name", "image"], ["LIMIT", 1]]
  ↳ app/views/pages/index.html.erb:47
  [1m[36mActiveStorage::Attachment Load (0.1ms)[0m  [1m[34mSELECT "active_storage_attachments".* FROM "active_storage_attachments" WHERE "active_storage_attachments"."record_id" = $1 AND "active_storage_attachments"."record_type" = $2 AND "active_storage_attachments"."name" = $3 LIMIT $4[0m  [["record_id", 9], ["record_type", "RamenShop"], ["name", "image"], ["LIMIT", 1]]
  ↳ app/views/pages/index.html.erb:47
  [1m[36mActiveStorage::Attachment Load (0.2ms)[0m  [1m[34mSELECT "active_storage_attachments".* FROM "active_storage_attachments" WHERE "active_storage_attachments"."record_id" = $1 AND "active_storage_attachments"."record_type" = $2 AND "active_storage_attachments"."name" = $3 LIMIT $4[0m  [["record_id", 10], ["record_type", "RamenShop"], ["name", "image"], ["LIMIT", 1]]
  ↳ app/views/pages/index.html.erb:47
  Rendered pages/index.html.erb within layouts/application (Duration: 24.0ms | Allocations: 11057)
  Rendered layout layouts/application.html.erb (Duration: 24.2ms | Allocations: 11152)
Completed 200 OK in 25ms (Views: 9.8ms | ActiveRecord: 14.7ms | Allocations: 11384)


Started GET "/shoplist/1" for 192.168.48.1 at 2024-07-02 22:02:37 +0000
Cannot render console from 192.168.48.1! Allowed networks: 127.0.0.0/127.255.255.255, ::1
Processing by ShoplistController#show as HTML
  Parameters: {"id"=>"1"}
  [1m[36mRamenShop Load (0.2ms)[0m  [1m[34mSELECT "ramen_shops".* FROM "ramen_shops" WHERE "ramen_shops"."id" = $1 LIMIT $2[0m  [["id", 1], ["LIMIT", 1]]
  ↳ app/controllers/shoplist_controller.rb:7:in `show'
  Rendering layout layouts/application.html.erb
  Rendering shoplist/show.html.erb within layouts/application
  Rendered shoplist/show.html.erb within layouts/application (Duration: 0.1ms | Allocations: 26)
  Rendered layout layouts/application.html.erb (Duration: 0.3ms | Allocations: 121)
Completed 200 OK in 12ms (Views: 0.7ms | ActiveRecord: 3.0ms | Allocations: 3678)


Started GET "/shoplist/2" for 192.168.48.1 at 2024-07-02 22:02:40 +0000
Cannot render console from 192.168.48.1! Allowed networks: 127.0.0.0/127.255.255.255, ::1
Processing by ShoplistController#show as HTML
  Parameters: {"id"=>"2"}
  [1m[36mRamenShop Load (0.2ms)[0m  [1m[34mSELECT "ramen_shops".* FROM "ramen_shops" WHERE "ramen_shops"."id" = $1 LIMIT $2[0m  [["id", 2], ["LIMIT", 1]]
  ↳ app/controllers/shoplist_controller.rb:7:in `show'
  Rendering layout layouts/application.html.erb
  Rendering shoplist/show.html.erb within layouts/application
  Rendered shoplist/show.html.erb within layouts/application (Duration: 0.1ms | Allocations: 26)
  Rendered layout layouts/application.html.erb (Duration: 0.4ms | Allocations: 121)
Completed 200 OK in 3ms (Views: 0.9ms | ActiveRecord: 0.2ms | Allocations: 752)


Started GET "/shoplist/3" for 192.168.48.1 at 2024-07-02 22:02:43 +0000
Cannot render console from 192.168.48.1! Allowed networks: 127.0.0.0/127.255.255.255, ::1
Processing by ShoplistController#show as HTML
  Parameters: {"id"=>"3"}
  [1m[36mRamenShop Load (0.3ms)[0m  [1m[34mSELECT "ramen_shops".* FROM "ramen_shops" WHERE "ramen_shops"."id" = $1 LIMIT $2[0m  [["id", 3], ["LIMIT", 1]]
  ↳ app/controllers/shoplist_controller.rb:7:in `show'
  Rendering layout layouts/application.html.erb
  Rendering shoplist/show.html.erb within layouts/application
  Rendered shoplist/show.html.erb within layouts/application (Duration: 0.1ms | Allocations: 28)
  Rendered layout layouts/application.html.erb (Duration: 0.3ms | Allocations: 123)
Completed 200 OK in 2ms (Views: 0.7ms | ActiveRecord: 0.3ms | Allocations: 754)


Started GET "/shoplist/6" for 192.168.48.1 at 2024-07-02 22:02:46 +0000
Cannot render console from 192.168.48.1! Allowed networks: 127.0.0.0/127.255.255.255, ::1
Processing by ShoplistController#show as HTML
  Parameters: {"id"=>"6"}
  [1m[36mRamenShop Load (0.3ms)[0m  [1m[34mSELECT "ramen_shops".* FROM "ramen_shops" WHERE "ramen_shops"."id" = $1 LIMIT $2[0m  [["id", 6], ["LIMIT", 1]]
  ↳ app/controllers/shoplist_controller.rb:7:in `show'
  Rendering layout layouts/application.html.erb
  Rendering shoplist/show.html.erb within layouts/application
  Rendered shoplist/show.html.erb within layouts/application (Duration: 0.1ms | Allocations: 26)
  Rendered layout layouts/application.html.erb (Duration: 0.3ms | Allocations: 121)
Completed 200 OK in 2ms (Views: 0.7ms | ActiveRecord: 0.3ms | Allocations: 752)


Started GET "/shoplist/1" for 192.168.48.1 at 2024-07-02 22:02:55 +0000
Cannot render console from 192.168.48.1! Allowed networks: 127.0.0.0/127.255.255.255, ::1
Processing by ShoplistController#show as HTML
  Parameters: {"id"=>"1"}
  [1m[36mRamenShop Load (0.3ms)[0m  [1m[34mSELECT "ramen_shops".* FROM "ramen_shops" WHERE "ramen_shops"."id" = $1 LIMIT $2[0m  [["id", 1], ["LIMIT", 1]]
  ↳ app/controllers/shoplist_controller.rb:7:in `show'
  Rendering layout layouts/application.html.erb
  Rendering shoplist/show.html.erb within layouts/application
  Rendered shoplist/show.html.erb within layouts/application (Duration: 0.1ms | Allocations: 26)
  Rendered layout layouts/application.html.erb (Duration: 0.2ms | Allocations: 121)
Completed 200 OK in 2ms (Views: 0.6ms | ActiveRecord: 0.3ms | Allocations: 752)


Started GET "/" for 192.168.48.1 at 2024-07-02 22:03:00 +0000
Cannot render console from 192.168.48.1! Allowed networks: 127.0.0.0/127.255.255.255, ::1
Processing by PagesController#index as HTML
  Rendering layout layouts/application.html.erb
  Rendering pages/index.html.erb within layouts/application
  [1m[36mRamenShop Load (0.6ms)[0m  [1m[34mSELECT "ramen_shops".* FROM "ramen_shops"[0m
  ↳ app/views/pages/index.html.erb:44
  [1m[36mActiveStorage::Attachment Load (0.3ms)[0m  [1m[34mSELECT "active_storage_attachments".* FROM "active_storage_attachments" WHERE "active_storage_attachments"."record_id" = $1 AND "active_storage_attachments"."record_type" = $2 AND "active_storage_attachments"."name" = $3 LIMIT $4[0m  [["record_id", 1], ["record_type", "RamenShop"], ["name", "image"], ["LIMIT", 1]]
  ↳ app/views/pages/index.html.erb:47
  [1m[36mActiveStorage::Attachment Load (0.3ms)[0m  [1m[34mSELECT "active_storage_attachments".* FROM "active_storage_attachments" WHERE "active_storage_attachments"."record_id" = $1 AND "active_storage_attachments"."record_type" = $2 AND "active_storage_attachments"."name" = $3 LIMIT $4[0m  [["record_id", 2], ["record_type", "RamenShop"], ["name", "image"], ["LIMIT", 1]]
  ↳ app/views/pages/index.html.erb:47
  [1m[36mActiveStorage::Attachment Load (0.2ms)[0m  [1m[34mSELECT "active_storage_attachments".* FROM "active_storage_attachments" WHERE "active_storage_attachments"."record_id" = $1 AND "active_storage_attachments"."record_type" = $2 AND "active_storage_attachments"."name" = $3 LIMIT $4[0m  [["record_id", 3], ["record_type", "RamenShop"], ["name", "image"], ["LIMIT", 1]]
  ↳ app/views/pages/index.html.erb:47
  [1m[36mActiveStorage::Attachment Load (0.2ms)[0m  [1m[34mSELECT "active_storage_attachments".* FROM "active_storage_attachments" WHERE "active_storage_attachments"."record_id" = $1 AND "active_storage_attachments"."record_type" = $2 AND "active_storage_attachments"."name" = $3 LIMIT $4[0m  [["record_id", 4], ["record_type", "RamenShop"], ["name", "image"], ["LIMIT", 1]]
  ↳ app/views/pages/index.html.erb:47
  [1m[36mActiveStorage::Attachment Load (0.2ms)[0m  [1m[34mSELECT "active_storage_attachments".* FROM "active_storage_attachments" WHERE "active_storage_attachments"."record_id" = $1 AND "active_storage_attachments"."record_type" = $2 AND "active_storage_attachments"."name" = $3 LIMIT $4[0m  [["record_id", 5], ["record_type", "RamenShop"], ["name", "image"], ["LIMIT", 1]]
  ↳ app/views/pages/index.html.erb:47
  [1m[36mActiveStorage::Attachment Load (0.2ms)[0m  [1m[34mSELECT "active_storage_attachments".* FROM "active_storage_attachments" WHERE "active_storage_attachments"."record_id" = $1 AND "active_storage_attachments"."record_type" = $2 AND "active_storage_attachments"."name" = $3 LIMIT $4[0m  [["record_id", 6], ["record_type", "RamenShop"], ["name", "image"], ["LIMIT", 1]]
  ↳ app/views/pages/index.html.erb:47
  [1m[36mActiveStorage::Attachment Load (0.1ms)[0m  [1m[34mSELECT "active_storage_attachments".* FROM "active_storage_attachments" WHERE "active_storage_attachments"."record_id" = $1 AND "active_storage_attachments"."record_type" = $2 AND "active_storage_attachments"."name" = $3 LIMIT $4[0m  [["record_id", 7], ["record_type", "RamenShop"], ["name", "image"], ["LIMIT", 1]]
  ↳ app/views/pages/index.html.erb:47
  [1m[36mActiveStorage::Attachment Load (0.1ms)[0m  [1m[34mSELECT "active_storage_attachments".* FROM "active_storage_attachments" WHERE "active_storage_attachments"."record_id" = $1 AND "active_storage_attachments"."record_type" = $2 AND "active_storage_attachments"."name" = $3 LIMIT $4[0m  [["record_id", 8], ["record_type", "RamenShop"], ["name", "image"], ["LIMIT", 1]]
  ↳ app/views/pages/index.html.erb:47
  [1m[36mActiveStorage::Attachment Load (0.1ms)[0m  [1m[34mSELECT "active_storage_attachments".* FROM "active_storage_attachments" WHERE "active_storage_attachments"."record_id" = $1 AND "active_storage_attachments"."record_type" = $2 AND "active_storage_attachments"."name" = $3 LIMIT $4[0m  [["record_id", 9], ["record_type", "RamenShop"], ["name", "image"], ["LIMIT", 1]]
  ↳ app/views/pages/index.html.erb:47
  [1m[36mActiveStorage::Attachment Load (0.1ms)[0m  [1m[34mSELECT "active_storage_attachments".* FROM "active_storage_attachments" WHERE "active_storage_attachments"."record_id" = $1 AND "active_storage_attachments"."record_type" = $2 AND "active_storage_attachments"."name" = $3 LIMIT $4[0m  [["record_id", 10], ["record_type", "RamenShop"], ["name", "image"], ["LIMIT", 1]]
  ↳ app/views/pages/index.html.erb:47
  Rendered pages/index.html.erb within layouts/application (Duration: 14.2ms | Allocations: 8096)
  Rendered layout layouts/application.html.erb (Duration: 14.4ms | Allocations: 8191)
Completed 200 OK in 15ms (Views: 12.4ms | ActiveRecord: 2.4ms | Allocations: 8423)


Started GET "/" for 192.168.48.1 at 2024-07-02 22:03:00 +0000
Cannot render console from 192.168.48.1! Allowed networks: 127.0.0.0/127.255.255.255, ::1
Processing by PagesController#index as HTML
  Rendering layout layouts/application.html.erb
  Rendering pages/index.html.erb within layouts/application
  [1m[36mRamenShop Load (0.5ms)[0m  [1m[34mSELECT "ramen_shops".* FROM "ramen_shops"[0m
  ↳ app/views/pages/index.html.erb:44
  [1m[36mActiveStorage::Attachment Load (0.2ms)[0m  [1m[34mSELECT "active_storage_attachments".* FROM "active_storage_attachments" WHERE "active_storage_attachments"."record_id" = $1 AND "active_storage_attachments"."record_type" = $2 AND "active_storage_attachments"."name" = $3 LIMIT $4[0m  [["record_id", 1], ["record_type", "RamenShop"], ["name", "image"], ["LIMIT", 1]]
  ↳ app/views/pages/index.html.erb:47
  [1m[36mActiveStorage::Attachment Load (0.2ms)[0m  [1m[34mSELECT "active_storage_attachments".* FROM "active_storage_attachments" WHERE "active_storage_attachments"."record_id" = $1 AND "active_storage_attachments"."record_type" = $2 AND "active_storage_attachments"."name" = $3 LIMIT $4[0m  [["record_id", 2], ["record_type", "RamenShop"], ["name", "image"], ["LIMIT", 1]]
  ↳ app/views/pages/index.html.erb:47
  [1m[36mActiveStorage::Attachment Load (0.2ms)[0m  [1m[34mSELECT "active_storage_attachments".* FROM "active_storage_attachments" WHERE "active_storage_attachments"."record_id" = $1 AND "active_storage_attachments"."record_type" = $2 AND "active_storage_attachments"."name" = $3 LIMIT $4[0m  [["record_id", 3], ["record_type", "RamenShop"], ["name", "image"], ["LIMIT", 1]]
  ↳ app/views/pages/index.html.erb:47
  [1m[36mActiveStorage::Attachment Load (0.1ms)[0m  [1m[34mSELECT "active_storage_attachments".* FROM "active_storage_attachments" WHERE "active_storage_attachments"."record_id" = $1 AND "active_storage_attachments"."record_type" = $2 AND "active_storage_attachments"."name" = $3 LIMIT $4[0m  [["record_id", 4], ["record_type", "RamenShop"], ["name", "image"], ["LIMIT", 1]]
  ↳ app/views/pages/index.html.erb:47
  [1m[36mActiveStorage::Attachment Load (0.1ms)[0m  [1m[34mSELECT "active_storage_attachments".* FROM "active_storage_attachments" WHERE "active_storage_attachments"."record_id" = $1 AND "active_storage_attachments"."record_type" = $2 AND "active_storage_attachments"."name" = $3 LIMIT $4[0m  [["record_id", 5], ["record_type", "RamenShop"], ["name", "image"], ["LIMIT", 1]]
  ↳ app/views/pages/index.html.erb:47
  [1m[36mActiveStorage::Attachment Load (0.1ms)[0m  [1m[34mSELECT "active_storage_attachments".* FROM "active_storage_attachments" WHERE "active_storage_attachments"."record_id" = $1 AND "active_storage_attachments"."record_type" = $2 AND "active_storage_attachments"."name" = $3 LIMIT $4[0m  [["record_id", 6], ["record_type", "RamenShop"], ["name", "image"], ["LIMIT", 1]]
  ↳ app/views/pages/index.html.erb:47
  [1m[36mActiveStorage::Attachment Load (0.2ms)[0m  [1m[34mSELECT "active_storage_attachments".* FROM "active_storage_attachments" WHERE "active_storage_attachments"."record_id" = $1 AND "active_storage_attachments"."record_type" = $2 AND "active_storage_attachments"."name" = $3 LIMIT $4[0m  [["record_id", 7], ["record_type", "RamenShop"], ["name", "image"], ["LIMIT", 1]]
  ↳ app/views/pages/index.html.erb:47
  [1m[36mActiveStorage::Attachment Load (0.1ms)[0m  [1m[34mSELECT "active_storage_attachments".* FROM "active_storage_attachments" WHERE "active_storage_attachments"."record_id" = $1 AND "active_storage_attachments"."record_type" = $2 AND "active_storage_attachments"."name" = $3 LIMIT $4[0m  [["record_id", 8], ["record_type", "RamenShop"], ["name", "image"], ["LIMIT", 1]]
  ↳ app/views/pages/index.html.erb:47
  [1m[36mActiveStorage::Attachment Load (0.2ms)[0m  [1m[34mSELECT "active_storage_attachments".* FROM "active_storage_attachments" WHERE "active_storage_attachments"."record_id" = $1 AND "active_storage_attachments"."record_type" = $2 AND "active_storage_attachments"."name" = $3 LIMIT $4[0m  [["record_id", 9], ["record_type", "RamenShop"], ["name", "image"], ["LIMIT", 1]]
  ↳ app/views/pages/index.html.erb:47
  [1m[36mActiveStorage::Attachment Load (0.2ms)[0m  [1m[34mSELECT "active_storage_attachments".* FROM "active_storage_attachments" WHERE "active_storage_attachments"."record_id" = $1 AND "active_storage_attachments"."record_type" = $2 AND "active_storage_attachments"."name" = $3 LIMIT $4[0m  [["record_id", 10], ["record_type", "RamenShop"], ["name", "image"], ["LIMIT", 1]]
  ↳ app/views/pages/index.html.erb:47
  Rendered pages/index.html.erb within layouts/application (Duration: 13.3ms | Allocations: 8093)
  Rendered layout layouts/application.html.erb (Duration: 13.5ms | Allocations: 8188)
Completed 200 OK in 14ms (Views: 11.9ms | ActiveRecord: 2.0ms | Allocations: 8420)


Started GET "/" for 192.168.48.1 at 2024-07-02 22:03:43 +0000
Cannot render console from 192.168.48.1! Allowed networks: 127.0.0.0/127.255.255.255, ::1
Processing by PagesController#index as HTML
  Rendering layout layouts/application.html.erb
  Rendering pages/index.html.erb within layouts/application
  [1m[36mRamenShop Load (0.4ms)[0m  [1m[34mSELECT "ramen_shops".* FROM "ramen_shops"[0m
  ↳ app/views/pages/index.html.erb:44
  [1m[36mActiveStorage::Attachment Load (0.1ms)[0m  [1m[34mSELECT "active_storage_attachments".* FROM "active_storage_attachments" WHERE "active_storage_attachments"."record_id" = $1 AND "active_storage_attachments"."record_type" = $2 AND "active_storage_attachments"."name" = $3 LIMIT $4[0m  [["record_id", 1], ["record_type", "RamenShop"], ["name", "image"], ["LIMIT", 1]]
  ↳ app/views/pages/index.html.erb:47
  [1m[36mActiveStorage::Attachment Load (0.2ms)[0m  [1m[34mSELECT "active_storage_attachments".* FROM "active_storage_attachments" WHERE "active_storage_attachments"."record_id" = $1 AND "active_storage_attachments"."record_type" = $2 AND "active_storage_attachments"."name" = $3 LIMIT $4[0m  [["record_id", 2], ["record_type", "RamenShop"], ["name", "image"], ["LIMIT", 1]]
  ↳ app/views/pages/index.html.erb:47
  [1m[36mActiveStorage::Attachment Load (0.2ms)[0m  [1m[34mSELECT "active_storage_attachments".* FROM "active_storage_attachments" WHERE "active_storage_attachments"."record_id" = $1 AND "active_storage_attachments"."record_type" = $2 AND "active_storage_attachments"."name" = $3 LIMIT $4[0m  [["record_id", 3], ["record_type", "RamenShop"], ["name", "image"], ["LIMIT", 1]]
  ↳ app/views/pages/index.html.erb:47
  [1m[36mActiveStorage::Attachment Load (0.1ms)[0m  [1m[34mSELECT "active_storage_attachments".* FROM "active_storage_attachments" WHERE "active_storage_attachments"."record_id" = $1 AND "active_storage_attachments"."record_type" = $2 AND "active_storage_attachments"."name" = $3 LIMIT $4[0m  [["record_id", 4], ["record_type", "RamenShop"], ["name", "image"], ["LIMIT", 1]]
  ↳ app/views/pages/index.html.erb:47
  [1m[36mActiveStorage::Attachment Load (0.2ms)[0m  [1m[34mSELECT "active_storage_attachments".* FROM "active_storage_attachments" WHERE "active_storage_attachments"."record_id" = $1 AND "active_storage_attachments"."record_type" = $2 AND "active_storage_attachments"."name" = $3 LIMIT $4[0m  [["record_id", 5], ["record_type", "RamenShop"], ["name", "image"], ["LIMIT", 1]]
  ↳ app/views/pages/index.html.erb:47
  [1m[36mActiveStorage::Attachment Load (0.2ms)[0m  [1m[34mSELECT "active_storage_attachments".* FROM "active_storage_attachments" WHERE "active_storage_attachments"."record_id" = $1 AND "active_storage_attachments"."record_type" = $2 AND "active_storage_attachments"."name" = $3 LIMIT $4[0m  [["record_id", 6], ["record_type", "RamenShop"], ["name", "image"], ["LIMIT", 1]]
  ↳ app/views/pages/index.html.erb:47
  [1m[36mActiveStorage::Attachment Load (0.2ms)[0m  [1m[34mSELECT "active_storage_attachments".* FROM "active_storage_attachments" WHERE "active_storage_attachments"."record_id" = $1 AND "active_storage_attachments"."record_type" = $2 AND "active_storage_attachments"."name" = $3 LIMIT $4[0m  [["record_id", 7], ["record_type", "RamenShop"], ["name", "image"], ["LIMIT", 1]]
  ↳ app/views/pages/index.html.erb:47
  [1m[36mActiveStorage::Attachment Load (0.1ms)[0m  [1m[34mSELECT "active_storage_attachments".* FROM "active_storage_attachments" WHERE "active_storage_attachments"."record_id" = $1 AND "active_storage_attachments"."record_type" = $2 AND "active_storage_attachments"."name" = $3 LIMIT $4[0m  [["record_id", 8], ["record_type", "RamenShop"], ["name", "image"], ["LIMIT", 1]]
  ↳ app/views/pages/index.html.erb:47
  [1m[36mActiveStorage::Attachment Load (0.2ms)[0m  [1m[34mSELECT "active_storage_attachments".* FROM "active_storage_attachments" WHERE "active_storage_attachments"."record_id" = $1 AND "active_storage_attachments"."record_type" = $2 AND "active_storage_attachments"."name" = $3 LIMIT $4[0m  [["record_id", 9], ["record_type", "RamenShop"], ["name", "image"], ["LIMIT", 1]]
  ↳ app/views/pages/index.html.erb:47
  [1m[36mActiveStorage::Attachment Load (0.1ms)[0m  [1m[34mSELECT "active_storage_attachments".* FROM "active_storage_attachments" WHERE "active_storage_attachments"."record_id" = $1 AND "active_storage_attachments"."record_type" = $2 AND "active_storage_attachments"."name" = $3 LIMIT $4[0m  [["record_id", 10], ["record_type", "RamenShop"], ["name", "image"], ["LIMIT", 1]]
  ↳ app/views/pages/index.html.erb:47
  Rendered pages/index.html.erb within layouts/application (Duration: 22.6ms | Allocations: 16041)
  Rendered layout layouts/application.html.erb (Duration: 23.2ms | Allocations: 16395)
Completed 200 OK in 36ms (Views: 18.4ms | ActiveRecord: 6.7ms | Allocations: 22328)


Started GET "/" for 192.168.48.1 at 2024-07-02 22:03:54 +0000
Cannot render console from 192.168.48.1! Allowed networks: 127.0.0.0/127.255.255.255, ::1
Processing by PagesController#index as HTML
  Rendering layout layouts/application.html.erb
  Rendering pages/index.html.erb within layouts/application
  [1m[36mRamenShop Load (0.5ms)[0m  [1m[34mSELECT "ramen_shops".* FROM "ramen_shops"[0m
  ↳ app/views/pages/index.html.erb:44
  [1m[36mActiveStorage::Attachment Load (0.2ms)[0m  [1m[34mSELECT "active_storage_attachments".* FROM "active_storage_attachments" WHERE "active_storage_attachments"."record_id" = $1 AND "active_storage_attachments"."record_type" = $2 AND "active_storage_attachments"."name" = $3 LIMIT $4[0m  [["record_id", 1], ["record_type", "RamenShop"], ["name", "image"], ["LIMIT", 1]]
  ↳ app/views/pages/index.html.erb:47
  [1m[36mActiveStorage::Attachment Load (0.2ms)[0m  [1m[34mSELECT "active_storage_attachments".* FROM "active_storage_attachments" WHERE "active_storage_attachments"."record_id" = $1 AND "active_storage_attachments"."record_type" = $2 AND "active_storage_attachments"."name" = $3 LIMIT $4[0m  [["record_id", 2], ["record_type", "RamenShop"], ["name", "image"], ["LIMIT", 1]]
  ↳ app/views/pages/index.html.erb:47
  [1m[36mActiveStorage::Attachment Load (0.1ms)[0m  [1m[34mSELECT "active_storage_attachments".* FROM "active_storage_attachments" WHERE "active_storage_attachments"."record_id" = $1 AND "active_storage_attachments"."record_type" = $2 AND "active_storage_attachments"."name" = $3 LIMIT $4[0m  [["record_id", 3], ["record_type", "RamenShop"], ["name", "image"], ["LIMIT", 1]]
  ↳ app/views/pages/index.html.erb:47
  [1m[36mActiveStorage::Attachment Load (0.1ms)[0m  [1m[34mSELECT "active_storage_attachments".* FROM "active_storage_attachments" WHERE "active_storage_attachments"."record_id" = $1 AND "active_storage_attachments"."record_type" = $2 AND "active_storage_attachments"."name" = $3 LIMIT $4[0m  [["record_id", 4], ["record_type", "RamenShop"], ["name", "image"], ["LIMIT", 1]]
  ↳ app/views/pages/index.html.erb:47
  [1m[36mActiveStorage::Attachment Load (0.2ms)[0m  [1m[34mSELECT "active_storage_attachments".* FROM "active_storage_attachments" WHERE "active_storage_attachments"."record_id" = $1 AND "active_storage_attachments"."record_type" = $2 AND "active_storage_attachments"."name" = $3 LIMIT $4[0m  [["record_id", 5], ["record_type", "RamenShop"], ["name", "image"], ["LIMIT", 1]]
  ↳ app/views/pages/index.html.erb:47
  [1m[36mActiveStorage::Attachment Load (0.1ms)[0m  [1m[34mSELECT "active_storage_attachments".* FROM "active_storage_attachments" WHERE "active_storage_attachments"."record_id" = $1 AND "active_storage_attachments"."record_type" = $2 AND "active_storage_attachments"."name" = $3 LIMIT $4[0m  [["record_id", 6], ["record_type", "RamenShop"], ["name", "image"], ["LIMIT", 1]]
  ↳ app/views/pages/index.html.erb:47
  [1m[36mActiveStorage::Attachment Load (0.2ms)[0m  [1m[34mSELECT "active_storage_attachments".* FROM "active_storage_attachments" WHERE "active_storage_attachments"."record_id" = $1 AND "active_storage_attachments"."record_type" = $2 AND "active_storage_attachments"."name" = $3 LIMIT $4[0m  [["record_id", 7], ["record_type", "RamenShop"], ["name", "image"], ["LIMIT", 1]]
  ↳ app/views/pages/index.html.erb:47
  [1m[36mActiveStorage::Attachment Load (0.2ms)[0m  [1m[34mSELECT "active_storage_attachments".* FROM "active_storage_attachments" WHERE "active_storage_attachments"."record_id" = $1 AND "active_storage_attachments"."record_type" = $2 AND "active_storage_attachments"."name" = $3 LIMIT $4[0m  [["record_id", 8], ["record_type", "RamenShop"], ["name", "image"], ["LIMIT", 1]]
  ↳ app/views/pages/index.html.erb:47
  [1m[36mActiveStorage::Attachment Load (0.2ms)[0m  [1m[34mSELECT "active_storage_attachments".* FROM "active_storage_attachments" WHERE "active_storage_attachments"."record_id" = $1 AND "active_storage_attachments"."record_type" = $2 AND "active_storage_attachments"."name" = $3 LIMIT $4[0m  [["record_id", 9], ["record_type", "RamenShop"], ["name", "image"], ["LIMIT", 1]]
  ↳ app/views/pages/index.html.erb:47
  [1m[36mActiveStorage::Attachment Load (0.1ms)[0m  [1m[34mSELECT "active_storage_attachments".* FROM "active_storage_attachments" WHERE "active_storage_attachments"."record_id" = $1 AND "active_storage_attachments"."record_type" = $2 AND "active_storage_attachments"."name" = $3 LIMIT $4[0m  [["record_id", 10], ["record_type", "RamenShop"], ["name", "image"], ["LIMIT", 1]]
  ↳ app/views/pages/index.html.erb:47
  Rendered pages/index.html.erb within layouts/application (Duration: 13.6ms | Allocations: 8095)
  Rendered layout layouts/application.html.erb (Duration: 13.8ms | Allocations: 8190)
Completed 200 OK in 14ms (Views: 12.1ms | ActiveRecord: 2.0ms | Allocations: 8422)


Started GET "/" for 192.168.48.1 at 2024-07-02 22:03:56 +0000
Cannot render console from 192.168.48.1! Allowed networks: 127.0.0.0/127.255.255.255, ::1
Processing by PagesController#index as HTML
  Rendering layout layouts/application.html.erb
  Rendering pages/index.html.erb within layouts/application
  [1m[36mRamenShop Load (0.5ms)[0m  [1m[34mSELECT "ramen_shops".* FROM "ramen_shops"[0m
  ↳ app/views/pages/index.html.erb:44
  [1m[36mActiveStorage::Attachment Load (0.1ms)[0m  [1m[34mSELECT "active_storage_attachments".* FROM "active_storage_attachments" WHERE "active_storage_attachments"."record_id" = $1 AND "active_storage_attachments"."record_type" = $2 AND "active_storage_attachments"."name" = $3 LIMIT $4[0m  [["record_id", 1], ["record_type", "RamenShop"], ["name", "image"], ["LIMIT", 1]]
  ↳ app/views/pages/index.html.erb:47
  [1m[36mActiveStorage::Attachment Load (0.1ms)[0m  [1m[34mSELECT "active_storage_attachments".* FROM "active_storage_attachments" WHERE "active_storage_attachments"."record_id" = $1 AND "active_storage_attachments"."record_type" = $2 AND "active_storage_attachments"."name" = $3 LIMIT $4[0m  [["record_id", 2], ["record_type", "RamenShop"], ["name", "image"], ["LIMIT", 1]]
  ↳ app/views/pages/index.html.erb:47
  [1m[36mActiveStorage::Attachment Load (0.1ms)[0m  [1m[34mSELECT "active_storage_attachments".* FROM "active_storage_attachments" WHERE "active_storage_attachments"."record_id" = $1 AND "active_storage_attachments"."record_type" = $2 AND "active_storage_attachments"."name" = $3 LIMIT $4[0m  [["record_id", 3], ["record_type", "RamenShop"], ["name", "image"], ["LIMIT", 1]]
  ↳ app/views/pages/index.html.erb:47
  [1m[36mActiveStorage::Attachment Load (0.2ms)[0m  [1m[34mSELECT "active_storage_attachments".* FROM "active_storage_attachments" WHERE "active_storage_attachments"."record_id" = $1 AND "active_storage_attachments"."record_type" = $2 AND "active_storage_attachments"."name" = $3 LIMIT $4[0m  [["record_id", 4], ["record_type", "RamenShop"], ["name", "image"], ["LIMIT", 1]]
  ↳ app/views/pages/index.html.erb:47
  [1m[36mActiveStorage::Attachment Load (0.2ms)[0m  [1m[34mSELECT "active_storage_attachments".* FROM "active_storage_attachments" WHERE "active_storage_attachments"."record_id" = $1 AND "active_storage_attachments"."record_type" = $2 AND "active_storage_attachments"."name" = $3 LIMIT $4[0m  [["record_id", 5], ["record_type", "RamenShop"], ["name", "image"], ["LIMIT", 1]]
  ↳ app/views/pages/index.html.erb:47
  [1m[36mActiveStorage::Attachment Load (0.2ms)[0m  [1m[34mSELECT "active_storage_attachments".* FROM "active_storage_attachments" WHERE "active_storage_attachments"."record_id" = $1 AND "active_storage_attachments"."record_type" = $2 AND "active_storage_attachments"."name" = $3 LIMIT $4[0m  [["record_id", 6], ["record_type", "RamenShop"], ["name", "image"], ["LIMIT", 1]]
  ↳ app/views/pages/index.html.erb:47
  [1m[36mActiveStorage::Attachment Load (0.2ms)[0m  [1m[34mSELECT "active_storage_attachments".* FROM "active_storage_attachments" WHERE "active_storage_attachments"."record_id" = $1 AND "active_storage_attachments"."record_type" = $2 AND "active_storage_attachments"."name" = $3 LIMIT $4[0m  [["record_id", 7], ["record_type", "RamenShop"], ["name", "image"], ["LIMIT", 1]]
  ↳ app/views/pages/index.html.erb:47
  [1m[36mActiveStorage::Attachment Load (0.2ms)[0m  [1m[34mSELECT "active_storage_attachments".* FROM "active_storage_attachments" WHERE "active_storage_attachments"."record_id" = $1 AND "active_storage_attachments"."record_type" = $2 AND "active_storage_attachments"."name" = $3 LIMIT $4[0m  [["record_id", 8], ["record_type", "RamenShop"], ["name", "image"], ["LIMIT", 1]]
  ↳ app/views/pages/index.html.erb:47
  [1m[36mActiveStorage::Attachment Load (0.2ms)[0m  [1m[34mSELECT "active_storage_attachments".* FROM "active_storage_attachments" WHERE "active_storage_attachments"."record_id" = $1 AND "active_storage_attachments"."record_type" = $2 AND "active_storage_attachments"."name" = $3 LIMIT $4[0m  [["record_id", 9], ["record_type", "RamenShop"], ["name", "image"], ["LIMIT", 1]]
  ↳ app/views/pages/index.html.erb:47
  [1m[36mActiveStorage::Attachment Load (0.2ms)[0m  [1m[34mSELECT "active_storage_attachments".* FROM "active_storage_attachments" WHERE "active_storage_attachments"."record_id" = $1 AND "active_storage_attachments"."record_type" = $2 AND "active_storage_attachments"."name" = $3 LIMIT $4[0m  [["record_id", 10], ["record_type", "RamenShop"], ["name", "image"], ["LIMIT", 1]]
  ↳ app/views/pages/index.html.erb:47
  Rendered pages/index.html.erb within layouts/application (Duration: 14.1ms | Allocations: 8093)
  Rendered layout layouts/application.html.erb (Duration: 14.3ms | Allocations: 8188)
Completed 200 OK in 15ms (Views: 12.5ms | ActiveRecord: 2.1ms | Allocations: 8420)


Started GET "/shoplist/2" for 192.168.48.1 at 2024-07-02 22:04:02 +0000
Cannot render console from 192.168.48.1! Allowed networks: 127.0.0.0/127.255.255.255, ::1
Processing by ShoplistController#show as HTML
  Parameters: {"id"=>"2"}
  [1m[36mRamenShop Load (0.2ms)[0m  [1m[34mSELECT "ramen_shops".* FROM "ramen_shops" WHERE "ramen_shops"."id" = $1 LIMIT $2[0m  [["id", 2], ["LIMIT", 1]]
  ↳ app/controllers/shoplist_controller.rb:7:in `show'
  Rendering layout layouts/application.html.erb
  Rendering shoplist/show.html.erb within layouts/application
  Rendered shoplist/show.html.erb within layouts/application (Duration: 0.4ms | Allocations: 288)
  Rendered layout layouts/application.html.erb (Duration: 0.6ms | Allocations: 383)
Completed 200 OK in 3ms (Views: 1.1ms | ActiveRecord: 0.2ms | Allocations: 1835)


Started GET "/" for 192.168.48.1 at 2024-07-02 22:04:36 +0000
Cannot render console from 192.168.48.1! Allowed networks: 127.0.0.0/127.255.255.255, ::1
Processing by PagesController#index as HTML
  Rendering layout layouts/application.html.erb
  Rendering pages/index.html.erb within layouts/application
  [1m[36mRamenShop Load (0.3ms)[0m  [1m[34mSELECT "ramen_shops".* FROM "ramen_shops"[0m
  ↳ app/views/pages/index.html.erb:44
  [1m[36mActiveStorage::Attachment Load (0.1ms)[0m  [1m[34mSELECT "active_storage_attachments".* FROM "active_storage_attachments" WHERE "active_storage_attachments"."record_id" = $1 AND "active_storage_attachments"."record_type" = $2 AND "active_storage_attachments"."name" = $3 LIMIT $4[0m  [["record_id", 1], ["record_type", "RamenShop"], ["name", "image"], ["LIMIT", 1]]
  ↳ app/views/pages/index.html.erb:47
  [1m[36mActiveStorage::Attachment Load (0.2ms)[0m  [1m[34mSELECT "active_storage_attachments".* FROM "active_storage_attachments" WHERE "active_storage_attachments"."record_id" = $1 AND "active_storage_attachments"."record_type" = $2 AND "active_storage_attachments"."name" = $3 LIMIT $4[0m  [["record_id", 2], ["record_type", "RamenShop"], ["name", "image"], ["LIMIT", 1]]
  ↳ app/views/pages/index.html.erb:47
  [1m[36mActiveStorage::Attachment Load (0.2ms)[0m  [1m[34mSELECT "active_storage_attachments".* FROM "active_storage_attachments" WHERE "active_storage_attachments"."record_id" = $1 AND "active_storage_attachments"."record_type" = $2 AND "active_storage_attachments"."name" = $3 LIMIT $4[0m  [["record_id", 3], ["record_type", "RamenShop"], ["name", "image"], ["LIMIT", 1]]
  ↳ app/views/pages/index.html.erb:47
  [1m[36mActiveStorage::Attachment Load (0.2ms)[0m  [1m[34mSELECT "active_storage_attachments".* FROM "active_storage_attachments" WHERE "active_storage_attachments"."record_id" = $1 AND "active_storage_attachments"."record_type" = $2 AND "active_storage_attachments"."name" = $3 LIMIT $4[0m  [["record_id", 4], ["record_type", "RamenShop"], ["name", "image"], ["LIMIT", 1]]
  ↳ app/views/pages/index.html.erb:47
  [1m[36mActiveStorage::Attachment Load (0.2ms)[0m  [1m[34mSELECT "active_storage_attachments".* FROM "active_storage_attachments" WHERE "active_storage_attachments"."record_id" = $1 AND "active_storage_attachments"."record_type" = $2 AND "active_storage_attachments"."name" = $3 LIMIT $4[0m  [["record_id", 5], ["record_type", "RamenShop"], ["name", "image"], ["LIMIT", 1]]
  ↳ app/views/pages/index.html.erb:47
  [1m[36mActiveStorage::Attachment Load (0.2ms)[0m  [1m[34mSELECT "active_storage_attachments".* FROM "active_storage_attachments" WHERE "active_storage_attachments"."record_id" = $1 AND "active_storage_attachments"."record_type" = $2 AND "active_storage_attachments"."name" = $3 LIMIT $4[0m  [["record_id", 6], ["record_type", "RamenShop"], ["name", "image"], ["LIMIT", 1]]
  ↳ app/views/pages/index.html.erb:47
  [1m[36mActiveStorage::Attachment Load (0.2ms)[0m  [1m[34mSELECT "active_storage_attachments".* FROM "active_storage_attachments" WHERE "active_storage_attachments"."record_id" = $1 AND "active_storage_attachments"."record_type" = $2 AND "active_storage_attachments"."name" = $3 LIMIT $4[0m  [["record_id", 7], ["record_type", "RamenShop"], ["name", "image"], ["LIMIT", 1]]
  ↳ app/views/pages/index.html.erb:47
  [1m[36mActiveStorage::Attachment Load (0.1ms)[0m  [1m[34mSELECT "active_storage_attachments".* FROM "active_storage_attachments" WHERE "active_storage_attachments"."record_id" = $1 AND "active_storage_attachments"."record_type" = $2 AND "active_storage_attachments"."name" = $3 LIMIT $4[0m  [["record_id", 8], ["record_type", "RamenShop"], ["name", "image"], ["LIMIT", 1]]
  ↳ app/views/pages/index.html.erb:47
  [1m[36mActiveStorage::Attachment Load (0.1ms)[0m  [1m[34mSELECT "active_storage_attachments".* FROM "active_storage_attachments" WHERE "active_storage_attachments"."record_id" = $1 AND "active_storage_attachments"."record_type" = $2 AND "active_storage_attachments"."name" = $3 LIMIT $4[0m  [["record_id", 9], ["record_type", "RamenShop"], ["name", "image"], ["LIMIT", 1]]
  ↳ app/views/pages/index.html.erb:47
  [1m[36mActiveStorage::Attachment Load (0.2ms)[0m  [1m[34mSELECT "active_storage_attachments".* FROM "active_storage_attachments" WHERE "active_storage_attachments"."record_id" = $1 AND "active_storage_attachments"."record_type" = $2 AND "active_storage_attachments"."name" = $3 LIMIT $4[0m  [["record_id", 10], ["record_type", "RamenShop"], ["name", "image"], ["LIMIT", 1]]
  ↳ app/views/pages/index.html.erb:47
  Rendered pages/index.html.erb within layouts/application (Duration: 21.6ms | Allocations: 15919)
  Rendered layout layouts/application.html.erb (Duration: 22.3ms | Allocations: 16273)
Completed 200 OK in 32ms (Views: 18.7ms | ActiveRecord: 5.1ms | Allocations: 22193)


Started GET "/shoplist/3" for 192.168.48.1 at 2024-07-02 22:04:39 +0000
Cannot render console from 192.168.48.1! Allowed networks: 127.0.0.0/127.255.255.255, ::1
Processing by ShoplistController#show as HTML
  Parameters: {"id"=>"3"}
  [1m[36mRamenShop Load (0.3ms)[0m  [1m[34mSELECT "ramen_shops".* FROM "ramen_shops" WHERE "ramen_shops"."id" = $1 LIMIT $2[0m  [["id", 3], ["LIMIT", 1]]
  ↳ app/controllers/shoplist_controller.rb:7:in `show'
  Rendering layout layouts/application.html.erb
  Rendering shoplist/show.html.erb within layouts/application
  Rendered shoplist/show.html.erb within layouts/application (Duration: 0.7ms | Allocations: 287)
  Rendered layout layouts/application.html.erb (Duration: 0.8ms | Allocations: 382)
Completed 200 OK in 3ms (Views: 1.2ms | ActiveRecord: 0.2ms | Allocations: 1836)


Started GET "/" for 192.168.48.1 at 2024-07-02 22:04:55 +0000
Cannot render console from 192.168.48.1! Allowed networks: 127.0.0.0/127.255.255.255, ::1
Processing by PagesController#index as HTML
  Rendering layout layouts/application.html.erb
  Rendering pages/index.html.erb within layouts/application
  [1m[36mRamenShop Load (0.4ms)[0m  [1m[34mSELECT "ramen_shops".* FROM "ramen_shops"[0m
  ↳ app/views/pages/index.html.erb:44
  [1m[36mActiveStorage::Attachment Load (0.2ms)[0m  [1m[34mSELECT "active_storage_attachments".* FROM "active_storage_attachments" WHERE "active_storage_attachments"."record_id" = $1 AND "active_storage_attachments"."record_type" = $2 AND "active_storage_attachments"."name" = $3 LIMIT $4[0m  [["record_id", 1], ["record_type", "RamenShop"], ["name", "image"], ["LIMIT", 1]]
  ↳ app/views/pages/index.html.erb:47
  [1m[36mActiveStorage::Attachment Load (0.2ms)[0m  [1m[34mSELECT "active_storage_attachments".* FROM "active_storage_attachments" WHERE "active_storage_attachments"."record_id" = $1 AND "active_storage_attachments"."record_type" = $2 AND "active_storage_attachments"."name" = $3 LIMIT $4[0m  [["record_id", 2], ["record_type", "RamenShop"], ["name", "image"], ["LIMIT", 1]]
  ↳ app/views/pages/index.html.erb:47
  [1m[36mActiveStorage::Attachment Load (0.2ms)[0m  [1m[34mSELECT "active_storage_attachments".* FROM "active_storage_attachments" WHERE "active_storage_attachments"."record_id" = $1 AND "active_storage_attachments"."record_type" = $2 AND "active_storage_attachments"."name" = $3 LIMIT $4[0m  [["record_id", 3], ["record_type", "RamenShop"], ["name", "image"], ["LIMIT", 1]]
  ↳ app/views/pages/index.html.erb:47
  [1m[36mActiveStorage::Attachment Load (0.2ms)[0m  [1m[34mSELECT "active_storage_attachments".* FROM "active_storage_attachments" WHERE "active_storage_attachments"."record_id" = $1 AND "active_storage_attachments"."record_type" = $2 AND "active_storage_attachments"."name" = $3 LIMIT $4[0m  [["record_id", 4], ["record_type", "RamenShop"], ["name", "image"], ["LIMIT", 1]]
  ↳ app/views/pages/index.html.erb:47
  [1m[36mActiveStorage::Attachment Load (0.2ms)[0m  [1m[34mSELECT "active_storage_attachments".* FROM "active_storage_attachments" WHERE "active_storage_attachments"."record_id" = $1 AND "active_storage_attachments"."record_type" = $2 AND "active_storage_attachments"."name" = $3 LIMIT $4[0m  [["record_id", 5], ["record_type", "RamenShop"], ["name", "image"], ["LIMIT", 1]]
  ↳ app/views/pages/index.html.erb:47
  [1m[36mActiveStorage::Attachment Load (0.2ms)[0m  [1m[34mSELECT "active_storage_attachments".* FROM "active_storage_attachments" WHERE "active_storage_attachments"."record_id" = $1 AND "active_storage_attachments"."record_type" = $2 AND "active_storage_attachments"."name" = $3 LIMIT $4[0m  [["record_id", 6], ["record_type", "RamenShop"], ["name", "image"], ["LIMIT", 1]]
  ↳ app/views/pages/index.html.erb:47
  [1m[36mActiveStorage::Attachment Load (0.1ms)[0m  [1m[34mSELECT "active_storage_attachments".* FROM "active_storage_attachments" WHERE "active_storage_attachments"."record_id" = $1 AND "active_storage_attachments"."record_type" = $2 AND "active_storage_attachments"."name" = $3 LIMIT $4[0m  [["record_id", 7], ["record_type", "RamenShop"], ["name", "image"], ["LIMIT", 1]]
  ↳ app/views/pages/index.html.erb:47
  [1m[36mActiveStorage::Attachment Load (0.2ms)[0m  [1m[34mSELECT "active_storage_attachments".* FROM "active_storage_attachments" WHERE "active_storage_attachments"."record_id" = $1 AND "active_storage_attachments"."record_type" = $2 AND "active_storage_attachments"."name" = $3 LIMIT $4[0m  [["record_id", 8], ["record_type", "RamenShop"], ["name", "image"], ["LIMIT", 1]]
  ↳ app/views/pages/index.html.erb:47
  [1m[36mActiveStorage::Attachment Load (0.2ms)[0m  [1m[34mSELECT "active_storage_attachments".* FROM "active_storage_attachments" WHERE "active_storage_attachments"."record_id" = $1 AND "active_storage_attachments"."record_type" = $2 AND "active_storage_attachments"."name" = $3 LIMIT $4[0m  [["record_id", 9], ["record_type", "RamenShop"], ["name", "image"], ["LIMIT", 1]]
  ↳ app/views/pages/index.html.erb:47
  [1m[36mActiveStorage::Attachment Load (0.2ms)[0m  [1m[34mSELECT "active_storage_attachments".* FROM "active_storage_attachments" WHERE "active_storage_attachments"."record_id" = $1 AND "active_storage_attachments"."record_type" = $2 AND "active_storage_attachments"."name" = $3 LIMIT $4[0m  [["record_id", 10], ["record_type", "RamenShop"], ["name", "image"], ["LIMIT", 1]]
  ↳ app/views/pages/index.html.erb:47
  Rendered pages/index.html.erb within layouts/application (Duration: 16.0ms | Allocations: 8093)
  Rendered layout layouts/application.html.erb (Duration: 16.2ms | Allocations: 8188)
Completed 200 OK in 17ms (Views: 14.4ms | ActiveRecord: 2.1ms | Allocations: 8420)


[dotenv] Set [36mGOOGLE_PLACES_API_KEY[0m
[dotenv] Loaded [33m.env[0m
  [1m[35m (2.2ms)[0m  [1m[35mCREATE DATABASE "myapp_development" ENCODING = 'unicode'[0m
[dotenv] Set [36mGOOGLE_PLACES_API_KEY[0m
[dotenv] Loaded [33m.env[0m
  [1m[35m (0.2ms)[0m  [1m[34mSELECT pg_try_advisory_lock(7864839756650184315)[0m
  [1m[36mActiveRecord::SchemaMigration Load (1.5ms)[0m  [1m[34mSELECT "schema_migrations"."version" FROM "schema_migrations" ORDER BY "schema_migrations"."version" ASC[0m
  [1m[36mActiveRecord::InternalMetadata Load (1.2ms)[0m  [1m[34mSELECT * FROM "ar_internal_metadata" WHERE "ar_internal_metadata"."key" = $1 ORDER BY "ar_internal_metadata"."key" ASC LIMIT 1[0m  [[nil, "environment"]]
  [1m[35m (0.2ms)[0m  [1m[34mSELECT pg_advisory_unlock(7864839756650184315)[0m
  [1m[36mActiveRecord::SchemaMigration Load (0.2ms)[0m  [1m[34mSELECT "schema_migrations"."version" FROM "schema_migrations" ORDER BY "schema_migrations"."version" ASC[0m
[dotenv] Set [36mGOOGLE_PLACES_API_KEY[0m
[dotenv] Loaded [33m.env[0m
Started GET "/" for 192.168.48.1 at 2024-07-03 22:53:23 +0000
Cannot render console from 192.168.48.1! Allowed networks: 127.0.0.0/127.255.255.255, ::1
  [1m[36mActiveRecord::SchemaMigration Load (0.3ms)[0m  [1m[34mSELECT "schema_migrations"."version" FROM "schema_migrations" ORDER BY "schema_migrations"."version" ASC[0m
Processing by PagesController#index as HTML
  Rendering layout layouts/application.html.erb
  Rendering pages/index.html.erb within layouts/application
  [1m[36mRamenShop Load (0.9ms)[0m  [1m[34mSELECT "ramen_shops".* FROM "ramen_shops"[0m
  ↳ app/views/pages/index.html.erb:44
  [1m[36mActiveStorage::Attachment Load (1.1ms)[0m  [1m[34mSELECT "active_storage_attachments".* FROM "active_storage_attachments" WHERE "active_storage_attachments"."record_id" = $1 AND "active_storage_attachments"."record_type" = $2 AND "active_storage_attachments"."name" = $3 LIMIT $4[0m  [["record_id", 1], ["record_type", "RamenShop"], ["name", "image"], ["LIMIT", 1]]
  ↳ app/views/pages/index.html.erb:47
  [1m[36mActiveStorage::Attachment Load (0.2ms)[0m  [1m[34mSELECT "active_storage_attachments".* FROM "active_storage_attachments" WHERE "active_storage_attachments"."record_id" = $1 AND "active_storage_attachments"."record_type" = $2 AND "active_storage_attachments"."name" = $3 LIMIT $4[0m  [["record_id", 2], ["record_type", "RamenShop"], ["name", "image"], ["LIMIT", 1]]
  ↳ app/views/pages/index.html.erb:47
  [1m[36mActiveStorage::Attachment Load (0.2ms)[0m  [1m[34mSELECT "active_storage_attachments".* FROM "active_storage_attachments" WHERE "active_storage_attachments"."record_id" = $1 AND "active_storage_attachments"."record_type" = $2 AND "active_storage_attachments"."name" = $3 LIMIT $4[0m  [["record_id", 3], ["record_type", "RamenShop"], ["name", "image"], ["LIMIT", 1]]
  ↳ app/views/pages/index.html.erb:47
  [1m[36mActiveStorage::Attachment Load (0.2ms)[0m  [1m[34mSELECT "active_storage_attachments".* FROM "active_storage_attachments" WHERE "active_storage_attachments"."record_id" = $1 AND "active_storage_attachments"."record_type" = $2 AND "active_storage_attachments"."name" = $3 LIMIT $4[0m  [["record_id", 4], ["record_type", "RamenShop"], ["name", "image"], ["LIMIT", 1]]
  ↳ app/views/pages/index.html.erb:47
  [1m[36mActiveStorage::Attachment Load (0.2ms)[0m  [1m[34mSELECT "active_storage_attachments".* FROM "active_storage_attachments" WHERE "active_storage_attachments"."record_id" = $1 AND "active_storage_attachments"."record_type" = $2 AND "active_storage_attachments"."name" = $3 LIMIT $4[0m  [["record_id", 5], ["record_type", "RamenShop"], ["name", "image"], ["LIMIT", 1]]
  ↳ app/views/pages/index.html.erb:47
  [1m[36mActiveStorage::Attachment Load (0.2ms)[0m  [1m[34mSELECT "active_storage_attachments".* FROM "active_storage_attachments" WHERE "active_storage_attachments"."record_id" = $1 AND "active_storage_attachments"."record_type" = $2 AND "active_storage_attachments"."name" = $3 LIMIT $4[0m  [["record_id", 6], ["record_type", "RamenShop"], ["name", "image"], ["LIMIT", 1]]
  ↳ app/views/pages/index.html.erb:47
  [1m[36mActiveStorage::Attachment Load (0.1ms)[0m  [1m[34mSELECT "active_storage_attachments".* FROM "active_storage_attachments" WHERE "active_storage_attachments"."record_id" = $1 AND "active_storage_attachments"."record_type" = $2 AND "active_storage_attachments"."name" = $3 LIMIT $4[0m  [["record_id", 7], ["record_type", "RamenShop"], ["name", "image"], ["LIMIT", 1]]
  ↳ app/views/pages/index.html.erb:47
  [1m[36mActiveStorage::Attachment Load (0.1ms)[0m  [1m[34mSELECT "active_storage_attachments".* FROM "active_storage_attachments" WHERE "active_storage_attachments"."record_id" = $1 AND "active_storage_attachments"."record_type" = $2 AND "active_storage_attachments"."name" = $3 LIMIT $4[0m  [["record_id", 8], ["record_type", "RamenShop"], ["name", "image"], ["LIMIT", 1]]
  ↳ app/views/pages/index.html.erb:47
  [1m[36mActiveStorage::Attachment Load (0.2ms)[0m  [1m[34mSELECT "active_storage_attachments".* FROM "active_storage_attachments" WHERE "active_storage_attachments"."record_id" = $1 AND "active_storage_attachments"."record_type" = $2 AND "active_storage_attachments"."name" = $3 LIMIT $4[0m  [["record_id", 9], ["record_type", "RamenShop"], ["name", "image"], ["LIMIT", 1]]
  ↳ app/views/pages/index.html.erb:47
  [1m[36mActiveStorage::Attachment Load (0.1ms)[0m  [1m[34mSELECT "active_storage_attachments".* FROM "active_storage_attachments" WHERE "active_storage_attachments"."record_id" = $1 AND "active_storage_attachments"."record_type" = $2 AND "active_storage_attachments"."name" = $3 LIMIT $4[0m  [["record_id", 10], ["record_type", "RamenShop"], ["name", "image"], ["LIMIT", 1]]
  ↳ app/views/pages/index.html.erb:47
  Rendered pages/index.html.erb within layouts/application (Duration: 58.1ms | Allocations: 34665)
  Rendered layout layouts/application.html.erb (Duration: 58.6ms | Allocations: 35063)
Completed 200 OK in 286ms (Views: 51.9ms | ActiveRecord: 9.8ms | Allocations: 327203)


Started GET "/shoplist/1" for 192.168.48.1 at 2024-07-03 22:53:28 +0000
Cannot render console from 192.168.48.1! Allowed networks: 127.0.0.0/127.255.255.255, ::1
Processing by ShoplistController#show as HTML
  Parameters: {"id"=>"1"}
  [1m[36mRamenShop Load (0.2ms)[0m  [1m[34mSELECT "ramen_shops".* FROM "ramen_shops" WHERE "ramen_shops"."id" = $1 LIMIT $2[0m  [["id", 1], ["LIMIT", 1]]
  ↳ app/controllers/shoplist_controller.rb:7:in `show'
  Rendering layout layouts/application.html.erb
  Rendering shoplist/show.html.erb within layouts/application
  Rendered shoplist/show.html.erb within layouts/application (Duration: 0.5ms | Allocations: 302)
  Rendered layout layouts/application.html.erb (Duration: 0.6ms | Allocations: 397)
Completed 200 OK in 4ms (Views: 1.1ms | ActiveRecord: 0.2ms | Allocations: 1905)


Started GET "/shoplist/2" for 192.168.48.1 at 2024-07-04 01:07:46 +0000
Cannot render console from 192.168.48.1! Allowed networks: 127.0.0.0/127.255.255.255, ::1
Processing by ShoplistController#show as HTML
  Parameters: {"id"=>"2"}
  [1m[36mRamenShop Load (0.7ms)[0m  [1m[34mSELECT "ramen_shops".* FROM "ramen_shops" WHERE "ramen_shops"."id" = $1 LIMIT $2[0m  [["id", 2], ["LIMIT", 1]]
  ↳ app/controllers/shoplist_controller.rb:7:in `show'
  Rendering layout layouts/application.html.erb
  Rendering shoplist/show.html.erb within layouts/application
  Rendered shoplist/show.html.erb within layouts/application (Duration: 0.1ms | Allocations: 26)
  Rendered layout layouts/application.html.erb (Duration: 0.3ms | Allocations: 121)
Completed 200 OK in 19ms (Views: 0.7ms | ActiveRecord: 8.0ms | Allocations: 3665)


Started GET "/" for 192.168.48.1 at 2024-07-04 01:07:51 +0000
Cannot render console from 192.168.48.1! Allowed networks: 127.0.0.0/127.255.255.255, ::1
Processing by PagesController#index as HTML
  Rendering layout layouts/application.html.erb
  Rendering pages/index.html.erb within layouts/application
  [1m[36mRamenShop Load (0.6ms)[0m  [1m[34mSELECT "ramen_shops".* FROM "ramen_shops"[0m
  ↳ app/views/pages/index.html.erb:44
  [1m[36mActiveStorage::Attachment Load (0.3ms)[0m  [1m[34mSELECT "active_storage_attachments".* FROM "active_storage_attachments" WHERE "active_storage_attachments"."record_id" = $1 AND "active_storage_attachments"."record_type" = $2 AND "active_storage_attachments"."name" = $3 LIMIT $4[0m  [["record_id", 1], ["record_type", "RamenShop"], ["name", "image"], ["LIMIT", 1]]
  ↳ app/views/pages/index.html.erb:47
  [1m[36mActiveStorage::Attachment Load (0.2ms)[0m  [1m[34mSELECT "active_storage_attachments".* FROM "active_storage_attachments" WHERE "active_storage_attachments"."record_id" = $1 AND "active_storage_attachments"."record_type" = $2 AND "active_storage_attachments"."name" = $3 LIMIT $4[0m  [["record_id", 2], ["record_type", "RamenShop"], ["name", "image"], ["LIMIT", 1]]
  ↳ app/views/pages/index.html.erb:47
  [1m[36mActiveStorage::Attachment Load (0.2ms)[0m  [1m[34mSELECT "active_storage_attachments".* FROM "active_storage_attachments" WHERE "active_storage_attachments"."record_id" = $1 AND "active_storage_attachments"."record_type" = $2 AND "active_storage_attachments"."name" = $3 LIMIT $4[0m  [["record_id", 3], ["record_type", "RamenShop"], ["name", "image"], ["LIMIT", 1]]
  ↳ app/views/pages/index.html.erb:47
  [1m[36mActiveStorage::Attachment Load (0.2ms)[0m  [1m[34mSELECT "active_storage_attachments".* FROM "active_storage_attachments" WHERE "active_storage_attachments"."record_id" = $1 AND "active_storage_attachments"."record_type" = $2 AND "active_storage_attachments"."name" = $3 LIMIT $4[0m  [["record_id", 4], ["record_type", "RamenShop"], ["name", "image"], ["LIMIT", 1]]
  ↳ app/views/pages/index.html.erb:47
  [1m[36mActiveStorage::Attachment Load (0.2ms)[0m  [1m[34mSELECT "active_storage_attachments".* FROM "active_storage_attachments" WHERE "active_storage_attachments"."record_id" = $1 AND "active_storage_attachments"."record_type" = $2 AND "active_storage_attachments"."name" = $3 LIMIT $4[0m  [["record_id", 5], ["record_type", "RamenShop"], ["name", "image"], ["LIMIT", 1]]
  ↳ app/views/pages/index.html.erb:47
  [1m[36mActiveStorage::Attachment Load (0.2ms)[0m  [1m[34mSELECT "active_storage_attachments".* FROM "active_storage_attachments" WHERE "active_storage_attachments"."record_id" = $1 AND "active_storage_attachments"."record_type" = $2 AND "active_storage_attachments"."name" = $3 LIMIT $4[0m  [["record_id", 6], ["record_type", "RamenShop"], ["name", "image"], ["LIMIT", 1]]
  ↳ app/views/pages/index.html.erb:47
  [1m[36mActiveStorage::Attachment Load (0.1ms)[0m  [1m[34mSELECT "active_storage_attachments".* FROM "active_storage_attachments" WHERE "active_storage_attachments"."record_id" = $1 AND "active_storage_attachments"."record_type" = $2 AND "active_storage_attachments"."name" = $3 LIMIT $4[0m  [["record_id", 7], ["record_type", "RamenShop"], ["name", "image"], ["LIMIT", 1]]
  ↳ app/views/pages/index.html.erb:47
  [1m[36mActiveStorage::Attachment Load (0.1ms)[0m  [1m[34mSELECT "active_storage_attachments".* FROM "active_storage_attachments" WHERE "active_storage_attachments"."record_id" = $1 AND "active_storage_attachments"."record_type" = $2 AND "active_storage_attachments"."name" = $3 LIMIT $4[0m  [["record_id", 8], ["record_type", "RamenShop"], ["name", "image"], ["LIMIT", 1]]
  ↳ app/views/pages/index.html.erb:47
  [1m[36mActiveStorage::Attachment Load (0.1ms)[0m  [1m[34mSELECT "active_storage_attachments".* FROM "active_storage_attachments" WHERE "active_storage_attachments"."record_id" = $1 AND "active_storage_attachments"."record_type" = $2 AND "active_storage_attachments"."name" = $3 LIMIT $4[0m  [["record_id", 9], ["record_type", "RamenShop"], ["name", "image"], ["LIMIT", 1]]
  ↳ app/views/pages/index.html.erb:47
  [1m[36mActiveStorage::Attachment Load (0.1ms)[0m  [1m[34mSELECT "active_storage_attachments".* FROM "active_storage_attachments" WHERE "active_storage_attachments"."record_id" = $1 AND "active_storage_attachments"."record_type" = $2 AND "active_storage_attachments"."name" = $3 LIMIT $4[0m  [["record_id", 10], ["record_type", "RamenShop"], ["name", "image"], ["LIMIT", 1]]
  ↳ app/views/pages/index.html.erb:47
  Rendered pages/index.html.erb within layouts/application (Duration: 15.6ms | Allocations: 8103)
  Rendered layout layouts/application.html.erb (Duration: 15.8ms | Allocations: 8198)
Completed 200 OK in 16ms (Views: 13.9ms | ActiveRecord: 2.2ms | Allocations: 8438)


Started GET "/" for 192.168.48.1 at 2024-07-04 02:01:55 +0000
Cannot render console from 192.168.48.1! Allowed networks: 127.0.0.0/127.255.255.255, ::1
Processing by PagesController#index as HTML
  Rendering layout layouts/application.html.erb
  Rendering pages/index.html.erb within layouts/application
  [1m[36mRamenShop Load (9.9ms)[0m  [1m[34mSELECT "ramen_shops".* FROM "ramen_shops"[0m
  ↳ app/views/pages/index.html.erb:44
  [1m[36mActiveStorage::Attachment Load (0.3ms)[0m  [1m[34mSELECT "active_storage_attachments".* FROM "active_storage_attachments" WHERE "active_storage_attachments"."record_id" = $1 AND "active_storage_attachments"."record_type" = $2 AND "active_storage_attachments"."name" = $3 LIMIT $4[0m  [["record_id", 1], ["record_type", "RamenShop"], ["name", "image"], ["LIMIT", 1]]
  ↳ app/views/pages/index.html.erb:47
  [1m[36mActiveStorage::Attachment Load (0.3ms)[0m  [1m[34mSELECT "active_storage_attachments".* FROM "active_storage_attachments" WHERE "active_storage_attachments"."record_id" = $1 AND "active_storage_attachments"."record_type" = $2 AND "active_storage_attachments"."name" = $3 LIMIT $4[0m  [["record_id", 2], ["record_type", "RamenShop"], ["name", "image"], ["LIMIT", 1]]
  ↳ app/views/pages/index.html.erb:47
  [1m[36mActiveStorage::Attachment Load (0.2ms)[0m  [1m[34mSELECT "active_storage_attachments".* FROM "active_storage_attachments" WHERE "active_storage_attachments"."record_id" = $1 AND "active_storage_attachments"."record_type" = $2 AND "active_storage_attachments"."name" = $3 LIMIT $4[0m  [["record_id", 3], ["record_type", "RamenShop"], ["name", "image"], ["LIMIT", 1]]
  ↳ app/views/pages/index.html.erb:47
  [1m[36mActiveStorage::Attachment Load (0.2ms)[0m  [1m[34mSELECT "active_storage_attachments".* FROM "active_storage_attachments" WHERE "active_storage_attachments"."record_id" = $1 AND "active_storage_attachments"."record_type" = $2 AND "active_storage_attachments"."name" = $3 LIMIT $4[0m  [["record_id", 4], ["record_type", "RamenShop"], ["name", "image"], ["LIMIT", 1]]
  ↳ app/views/pages/index.html.erb:47
  [1m[36mActiveStorage::Attachment Load (0.4ms)[0m  [1m[34mSELECT "active_storage_attachments".* FROM "active_storage_attachments" WHERE "active_storage_attachments"."record_id" = $1 AND "active_storage_attachments"."record_type" = $2 AND "active_storage_attachments"."name" = $3 LIMIT $4[0m  [["record_id", 5], ["record_type", "RamenShop"], ["name", "image"], ["LIMIT", 1]]
  ↳ app/views/pages/index.html.erb:47
  [1m[36mActiveStorage::Attachment Load (0.3ms)[0m  [1m[34mSELECT "active_storage_attachments".* FROM "active_storage_attachments" WHERE "active_storage_attachments"."record_id" = $1 AND "active_storage_attachments"."record_type" = $2 AND "active_storage_attachments"."name" = $3 LIMIT $4[0m  [["record_id", 6], ["record_type", "RamenShop"], ["name", "image"], ["LIMIT", 1]]
  ↳ app/views/pages/index.html.erb:47
  [1m[36mActiveStorage::Attachment Load (0.2ms)[0m  [1m[34mSELECT "active_storage_attachments".* FROM "active_storage_attachments" WHERE "active_storage_attachments"."record_id" = $1 AND "active_storage_attachments"."record_type" = $2 AND "active_storage_attachments"."name" = $3 LIMIT $4[0m  [["record_id", 7], ["record_type", "RamenShop"], ["name", "image"], ["LIMIT", 1]]
  ↳ app/views/pages/index.html.erb:47
  [1m[36mActiveStorage::Attachment Load (0.2ms)[0m  [1m[34mSELECT "active_storage_attachments".* FROM "active_storage_attachments" WHERE "active_storage_attachments"."record_id" = $1 AND "active_storage_attachments"."record_type" = $2 AND "active_storage_attachments"."name" = $3 LIMIT $4[0m  [["record_id", 8], ["record_type", "RamenShop"], ["name", "image"], ["LIMIT", 1]]
  ↳ app/views/pages/index.html.erb:47
  [1m[36mActiveStorage::Attachment Load (0.2ms)[0m  [1m[34mSELECT "active_storage_attachments".* FROM "active_storage_attachments" WHERE "active_storage_attachments"."record_id" = $1 AND "active_storage_attachments"."record_type" = $2 AND "active_storage_attachments"."name" = $3 LIMIT $4[0m  [["record_id", 9], ["record_type", "RamenShop"], ["name", "image"], ["LIMIT", 1]]
  ↳ app/views/pages/index.html.erb:47
  [1m[36mActiveStorage::Attachment Load (0.1ms)[0m  [1m[34mSELECT "active_storage_attachments".* FROM "active_storage_attachments" WHERE "active_storage_attachments"."record_id" = $1 AND "active_storage_attachments"."record_type" = $2 AND "active_storage_attachments"."name" = $3 LIMIT $4[0m  [["record_id", 10], ["record_type", "RamenShop"], ["name", "image"], ["LIMIT", 1]]
  ↳ app/views/pages/index.html.erb:47
  Rendered pages/index.html.erb within layouts/application (Duration: 62.3ms | Allocations: 11025)
  Rendered layout layouts/application.html.erb (Duration: 62.5ms | Allocations: 11120)
Completed 200 OK in 63ms (Views: 47.7ms | ActiveRecord: 15.3ms | Allocations: 11352)


[dotenv] Set [36mGOOGLE_PLACES_API_KEY[0m
[dotenv] Loaded [33m.env[0m
  [1m[35m (1.6ms)[0m  [1m[35mCREATE DATABASE "myapp_development" ENCODING = 'unicode'[0m
[dotenv] Set [36mGOOGLE_PLACES_API_KEY[0m
[dotenv] Loaded [33m.env[0m
  [1m[35m (0.2ms)[0m  [1m[34mSELECT pg_try_advisory_lock(7864839756650184315)[0m
  [1m[36mActiveRecord::SchemaMigration Load (1.5ms)[0m  [1m[34mSELECT "schema_migrations"."version" FROM "schema_migrations" ORDER BY "schema_migrations"."version" ASC[0m
  [1m[36mActiveRecord::InternalMetadata Load (1.1ms)[0m  [1m[34mSELECT * FROM "ar_internal_metadata" WHERE "ar_internal_metadata"."key" = $1 ORDER BY "ar_internal_metadata"."key" ASC LIMIT 1[0m  [[nil, "environment"]]
  [1m[35m (0.2ms)[0m  [1m[34mSELECT pg_advisory_unlock(7864839756650184315)[0m
  [1m[36mActiveRecord::SchemaMigration Load (0.2ms)[0m  [1m[34mSELECT "schema_migrations"."version" FROM "schema_migrations" ORDER BY "schema_migrations"."version" ASC[0m
[dotenv] Set [36mGOOGLE_PLACES_API_KEY[0m
[dotenv] Loaded [33m.env[0m
[dotenv] Set [36mGOOGLE_PLACES_API_KEY[0m
[dotenv] Loaded [33m.env[0m
  [1m[35m (2.6ms)[0m  [1m[35mCREATE DATABASE "myapp_development" ENCODING = 'unicode'[0m
[dotenv] Set [36mGOOGLE_PLACES_API_KEY[0m
[dotenv] Loaded [33m.env[0m
  [1m[35m (0.2ms)[0m  [1m[34mSELECT pg_try_advisory_lock(7864839756650184315)[0m
  [1m[36mActiveRecord::SchemaMigration Load (1.3ms)[0m  [1m[34mSELECT "schema_migrations"."version" FROM "schema_migrations" ORDER BY "schema_migrations"."version" ASC[0m
  [1m[36mActiveRecord::InternalMetadata Load (1.0ms)[0m  [1m[34mSELECT * FROM "ar_internal_metadata" WHERE "ar_internal_metadata"."key" = $1 ORDER BY "ar_internal_metadata"."key" ASC LIMIT 1[0m  [[nil, "environment"]]
  [1m[35m (0.3ms)[0m  [1m[34mSELECT pg_advisory_unlock(7864839756650184315)[0m
  [1m[36mActiveRecord::SchemaMigration Load (0.3ms)[0m  [1m[34mSELECT "schema_migrations"."version" FROM "schema_migrations" ORDER BY "schema_migrations"."version" ASC[0m
[dotenv] Set [36mGOOGLE_PLACES_API_KEY[0m
[dotenv] Loaded [33m.env[0m
Started GET "/" for 192.168.48.1 at 2024-07-05 07:41:05 +0000
Cannot render console from 192.168.48.1! Allowed networks: 127.0.0.0/127.255.255.255, ::1
  [1m[36mActiveRecord::SchemaMigration Load (0.8ms)[0m  [1m[34mSELECT "schema_migrations"."version" FROM "schema_migrations" ORDER BY "schema_migrations"."version" ASC[0m
Processing by PagesController#index as HTML
  Rendering layout layouts/application.html.erb
  Rendering pages/index.html.erb within layouts/application
  [1m[36mRamenShop Load (1.3ms)[0m  [1m[34mSELECT "ramen_shops".* FROM "ramen_shops"[0m
  ↳ app/views/pages/index.html.erb:44
  [1m[36mActiveStorage::Attachment Load (2.3ms)[0m  [1m[34mSELECT "active_storage_attachments".* FROM "active_storage_attachments" WHERE "active_storage_attachments"."record_id" = $1 AND "active_storage_attachments"."record_type" = $2 AND "active_storage_attachments"."name" = $3 LIMIT $4[0m  [["record_id", 1], ["record_type", "RamenShop"], ["name", "image"], ["LIMIT", 1]]
  ↳ app/views/pages/index.html.erb:47
  [1m[36mActiveStorage::Attachment Load (0.3ms)[0m  [1m[34mSELECT "active_storage_attachments".* FROM "active_storage_attachments" WHERE "active_storage_attachments"."record_id" = $1 AND "active_storage_attachments"."record_type" = $2 AND "active_storage_attachments"."name" = $3 LIMIT $4[0m  [["record_id", 2], ["record_type", "RamenShop"], ["name", "image"], ["LIMIT", 1]]
  ↳ app/views/pages/index.html.erb:47
  [1m[36mActiveStorage::Attachment Load (0.2ms)[0m  [1m[34mSELECT "active_storage_attachments".* FROM "active_storage_attachments" WHERE "active_storage_attachments"."record_id" = $1 AND "active_storage_attachments"."record_type" = $2 AND "active_storage_attachments"."name" = $3 LIMIT $4[0m  [["record_id", 3], ["record_type", "RamenShop"], ["name", "image"], ["LIMIT", 1]]
  ↳ app/views/pages/index.html.erb:47
  [1m[36mActiveStorage::Attachment Load (0.2ms)[0m  [1m[34mSELECT "active_storage_attachments".* FROM "active_storage_attachments" WHERE "active_storage_attachments"."record_id" = $1 AND "active_storage_attachments"."record_type" = $2 AND "active_storage_attachments"."name" = $3 LIMIT $4[0m  [["record_id", 4], ["record_type", "RamenShop"], ["name", "image"], ["LIMIT", 1]]
  ↳ app/views/pages/index.html.erb:47
  [1m[36mActiveStorage::Attachment Load (0.2ms)[0m  [1m[34mSELECT "active_storage_attachments".* FROM "active_storage_attachments" WHERE "active_storage_attachments"."record_id" = $1 AND "active_storage_attachments"."record_type" = $2 AND "active_storage_attachments"."name" = $3 LIMIT $4[0m  [["record_id", 5], ["record_type", "RamenShop"], ["name", "image"], ["LIMIT", 1]]
  ↳ app/views/pages/index.html.erb:47
  [1m[36mActiveStorage::Attachment Load (0.2ms)[0m  [1m[34mSELECT "active_storage_attachments".* FROM "active_storage_attachments" WHERE "active_storage_attachments"."record_id" = $1 AND "active_storage_attachments"."record_type" = $2 AND "active_storage_attachments"."name" = $3 LIMIT $4[0m  [["record_id", 6], ["record_type", "RamenShop"], ["name", "image"], ["LIMIT", 1]]
  ↳ app/views/pages/index.html.erb:47
  [1m[36mActiveStorage::Attachment Load (0.2ms)[0m  [1m[34mSELECT "active_storage_attachments".* FROM "active_storage_attachments" WHERE "active_storage_attachments"."record_id" = $1 AND "active_storage_attachments"."record_type" = $2 AND "active_storage_attachments"."name" = $3 LIMIT $4[0m  [["record_id", 7], ["record_type", "RamenShop"], ["name", "image"], ["LIMIT", 1]]
  ↳ app/views/pages/index.html.erb:47
  [1m[36mActiveStorage::Attachment Load (0.1ms)[0m  [1m[34mSELECT "active_storage_attachments".* FROM "active_storage_attachments" WHERE "active_storage_attachments"."record_id" = $1 AND "active_storage_attachments"."record_type" = $2 AND "active_storage_attachments"."name" = $3 LIMIT $4[0m  [["record_id", 8], ["record_type", "RamenShop"], ["name", "image"], ["LIMIT", 1]]
  ↳ app/views/pages/index.html.erb:47
  [1m[36mActiveStorage::Attachment Load (0.1ms)[0m  [1m[34mSELECT "active_storage_attachments".* FROM "active_storage_attachments" WHERE "active_storage_attachments"."record_id" = $1 AND "active_storage_attachments"."record_type" = $2 AND "active_storage_attachments"."name" = $3 LIMIT $4[0m  [["record_id", 9], ["record_type", "RamenShop"], ["name", "image"], ["LIMIT", 1]]
  ↳ app/views/pages/index.html.erb:47
  [1m[36mActiveStorage::Attachment Load (0.2ms)[0m  [1m[34mSELECT "active_storage_attachments".* FROM "active_storage_attachments" WHERE "active_storage_attachments"."record_id" = $1 AND "active_storage_attachments"."record_type" = $2 AND "active_storage_attachments"."name" = $3 LIMIT $4[0m  [["record_id", 10], ["record_type", "RamenShop"], ["name", "image"], ["LIMIT", 1]]
  ↳ app/views/pages/index.html.erb:47
  Rendered pages/index.html.erb within layouts/application (Duration: 64.7ms | Allocations: 34653)
  Rendered layout layouts/application.html.erb (Duration: 65.4ms | Allocations: 35051)
Completed 200 OK in 295ms (Views: 55.5ms | ActiveRecord: 12.8ms | Allocations: 327193)


Started GET "/shoplist/1" for 192.168.48.1 at 2024-07-05 07:41:08 +0000
Cannot render console from 192.168.48.1! Allowed networks: 127.0.0.0/127.255.255.255, ::1
Processing by ShoplistController#show as HTML
  Parameters: {"id"=>"1"}
  [1m[36mRamenShop Load (0.3ms)[0m  [1m[34mSELECT "ramen_shops".* FROM "ramen_shops" WHERE "ramen_shops"."id" = $1 LIMIT $2[0m  [["id", 1], ["LIMIT", 1]]
  ↳ app/controllers/shoplist_controller.rb:7:in `show'
  Rendering layout layouts/application.html.erb
  Rendering shoplist/show.html.erb within layouts/application
  Rendered shoplist/show.html.erb within layouts/application (Duration: 0.7ms | Allocations: 302)
  Rendered layout layouts/application.html.erb (Duration: 0.9ms | Allocations: 397)
Completed 200 OK in 5ms (Views: 1.5ms | ActiveRecord: 0.3ms | Allocations: 1984)


